Batch_ID,Brew_Date,Beer_Style,SKU,Location,Fermentation_Time,Temperature,pH_Level,Gravity,Alcohol_Content,Bitterness,Color,Ingredient_Ratio,Volume_Produced,Total_Sales,Quality_Score,Brewhouse_Efficiency,Loss_During_Brewing,Loss_During_Fermentation,Loss_During_Bottling_Kegging
488665,2020-01-16 05:47:29,Ale,Kegs,Yelahanka,19,18.39615516838841,5.255759550998649,1.0651228733063065,5.404355597403427,46,5,1:0.21:0.29,637,13465.585656228905,8.479407132158848,82.75599028012579,4.567288810347878,1.9658880216256889,3.7402794113519295
3142421,2020-01-30 04:44:26,Porter,Cans,Koramangala,10,22.22212038479905,5.019583524079289,1.0472285421009926,4.866237382491417,53,10,1:0.31:0.13,1593,10710.181806625736,8.8110203213797,82.46905640188939,1.055675923541345,1.1184948138654565,3.181916217874725
1096682,2020-01-21 11:31:01,Pilsner,Pints,Koramangala,12,20.0885379704183,5.168975413513005,1.0575477783685403,5.712302390344142,39,11,1:0.28:0.24,1812,12729.896143438462,7.708842576365588,81.30723901472568,4.504989566373943,3.752275096740448,4.087624884099692
2461171,2020-01-20 09:55:08,IPA,Kegs,Electronic City,16,15.826234767388335,4.59129595160271,1.0601315036333487,4.641899905303101,45,5,1:0.27:0.13,511,11678.150518823142,6.257548776409354,81.03673490563432,2.444202608702321,2.03110425101901,1.8653223344518837
4050230,2020-02-29 18:00:41,Porter,Kegs,Jayanagar,15,17.80016651279804,4.874864632260525,1.0580092717380838,4.5196241690233405,45,9,1:0.47:0.15,1752,14155.713792641942,8.439859416769412,78.12506101958232,3.4050844947423777,4.148101129856097,2.552045857188423
4898107,2020-01-24 20:30:47,Ale,Cans,Malleswaram,16,19.333589184714626,4.530649051184328,1.0623614773565564,4.748964619552827,46,9,1:0.27:0.12,706,7523.300609236698,9.271191528542658,81.62960089609999,4.345945821693765,1.195612693460944,1.0170683515038967
5245484,2020-02-01 12:33:05,Lager,Cans,Electronic City,16,22.83089167743063,5.25073163850262,1.049778698343364,5.052216578454675,40,9,1:0.27:0.28,3006,13937.924240064352,8.014288531766695,74.45107988469962,2.077192876506833,1.4447783960465044,2.0642896352030515
2411104,2020-03-05 15:33:34,IPA,Bottles,Electronic City,17,17.73192060238915,4.947996692107526,1.0397114950951958,5.350167117220731,57,11,1:0.22:0.17,2861,13687.176541985044,9.77154791814594,82.62350496974216,2.8811454248777824,1.9129520111710696,2.451963295752829
8113747,2020-01-02 00:14:54,IPA,Bottles,Koramangala,11,24.609435857872803,4.985278455385979,1.0465908591745126,5.936808260976991,48,19,1:0.22:0.13,1226,1685.083119381449,8.534299001697203,70.86107924251667,2.969179811503469,1.2242209987977133,4.107359626623502
9119705,2020-02-25 21:04:24,Porter,Pints,Electronic City,16,20.23595345348375,5.026276932814588,1.0574286275766516,4.839602000042399,58,16,1:0.45:0.28,4889,1996.9162063817216,8.244464679461455,77.47197111292151,3.0287606528600164,1.5698926285906754,4.872115473638019
2495037,2020-03-10 00:43:56,Porter,Cans,Indiranagar,19,18.146887886452188,4.959143026412331,1.0746151126113188,4.79483100927405,22,14,1:0.45:0.15,4178,14591.384297398046,6.635719250957597,84.00922760660532,2.639613592227732,3.506079243512908,2.058355601662784
426561,2020-02-15 03:17:11,IPA,Cans,Malleswaram,18,22.86687953493064,5.219161380029628,1.0677683798636035,4.885281246016588,31,11,1:0.37:0.28,4553,17945.961617903846,8.652757044740023,79.91322016100837,4.028367351638791,3.802833200326218,3.8372115499021135
6012344,2020-02-03 16:51:11,Stout,Kegs,Jayanagar,13,15.952243501796996,5.113159586225039,1.0587907934355438,5.277395443896011,38,19,1:0.43:0.15,4519,9655.571835269146,7.937388304520792,76.65730172851947,1.810657373744076,3.333001557772902,3.5771948473914126
9672898,2020-01-31 13:41:38,Ale,Pints,Indiranagar,17,18.767173046232536,4.984819719747318,1.0661031930503009,5.373428673111599,52,17,1:0.36:0.28,1439,8643.163699999242,6.799051674880963,89.31636212916224,2.4785103102057326,2.089090841697554,1.2629061773878791
8351837,2020-01-16 01:16:38,Pilsner,Bottles,Rajajinagar,17,23.431736486256924,5.18423337149045,1.0733247796541778,5.066785703531666,22,19,1:0.43:0.27,2432,6506.882309691534,7.199720505557542,78.53801933778222,1.1168509525823571,3.353578321940718,4.06933995693311
1768416,2020-03-02 08:41:12,Wheat Beer,Bottles,Electronic City,16,18.53262349261934,5.153629025756081,1.0506671707691115,5.767992401472528,40,13,1:0.31:0.18,1508,13678.57257139632,8.968972802071178,78.65958438463713,1.6867102144640045,4.366251707865247,1.15583617624789
3006839,2020-01-12 22:04:36,Pilsner,Kegs,Marathahalli,10,19.600126816865394,5.44485520807186,1.056226531279847,5.129747516461412,54,13,1:0.41:0.22,4134,15383.449016007571,6.843066261238164,80.17677333713225,3.2411570916514205,2.35106363998493,3.0976800406605087
5625744,2020-02-10 02:55:09,Pilsner,Pints,Marathahalli,15,17.276868619210926,5.323536475857505,1.0456738276117206,5.853307793479499,21,14,1:0.39:0.26,1481,7479.911555749489,6.316844070513471,83.86927700844534,3.2687351116493604,1.2016608296335844,1.1141396604431413
6177771,2020-01-20 13:12:44,Sour,Bottles,Malleswaram,10,15.063930038395132,4.603785530818064,1.0447668563934596,5.660822980018406,28,15,1:0.29:0.11,4065,7469.880348641256,8.330280854580629,86.88911685874035,1.7975128375878833,1.352145224970997,1.0761912043495585
3963770,2020-02-03 16:16:03,Stout,Cans,Yelahanka,10,23.214971940020185,5.368737076646383,1.0756786197587398,5.076049470742945,32,19,1:0.47:0.27,1604,4059.19933562456,9.332314125120554,78.55081675331705,3.552396308711422,2.8905673122762403,3.395339078904366
8688204,2020-02-14 15:45:25,Sour,Kegs,Jayanagar,10,23.151686121963134,4.5925520150965005,1.0526797860167942,4.781484502049597,42,6,1:0.29:0.24,1090,12697.191078884582,6.19821249202959,74.58182913921044,1.318355174690541,2.5232960128617443,3.137329217725065
4177641,2020-01-29 10:19:04,IPA,Pints,Koramangala,12,24.24123209375015,4.924212487582485,1.0769122539772875,4.932105037746279,56,10,1:0.41:0.24,4946,16685.259014920317,9.93071798078493,74.33433726451048,4.6878735872920245,1.9166941289701271,2.6297769757391425
1041477,2020-01-26 09:20:46,Sour,Bottles,HSR Layout,11,16.47991923604188,4.862928853300921,1.0351165450368345,4.8548109843596965,40,17,1:0.22:0.18,4435,12392.836484521198,7.403188671598665,72.21975309067564,4.492894808506472,4.896820903862203,3.672693909824806
4433903,2020-01-12 02:26:51,Lager,Cans,Koramangala,14,17.581160173103207,5.458620019020238,1.037344818770808,5.209781672458965,32,18,1:0.49:0.12,4726,17546.836820976907,9.472096089111478,83.47629675483012,2.4775994061890403,2.750854140070005,4.527001988952701
6918693,2020-03-07 04:15:47,Wheat Beer,Cans,Yelahanka,15,21.06175006582824,4.559028089659057,1.079928412925848,4.567531706959342,54,17,1:0.31:0.21,2242,18331.520588276253,8.849563033965696,78.05715608243537,3.001034632189017,4.089596067674169,4.776746006799344
285225,2020-01-18 11:42:44,Stout,Cans,Marathahalli,13,15.393532712918589,5.306234648708408,1.0661919216132336,5.295711951641394,48,9,1:0.40:0.14,4536,4702.90693559068,8.258021135483485,82.1376482293858,3.3526976380534004,4.582263739393245,2.816994806841739
9633934,2020-01-01 13:06:38,Stout,Bottles,Whitefield,11,16.333021424872914,4.724393852257988,1.0625647321673146,4.809199281784989,33,12,1:0.27:0.27,1293,17968.256269453293,6.248202136232544,85.8714063495591,3.430283955472832,1.5532391458418724,2.7008734324885664
6955341,2020-01-24 02:08:00,Lager,Bottles,Jayanagar,13,20.685467803055754,5.254320303658076,1.0394375362556152,5.260742037193482,25,19,1:0.48:0.11,1980,6408.057094307657,6.458746860501984,77.39936108663778,4.728295060865723,1.4306441703750727,1.3818926088730603
1553405,2020-03-02 21:35:04,Porter,Pints,Yelahanka,15,19.220736684517853,5.4500432724543,1.0519591007164777,4.503031419480305,26,18,1:0.40:0.30,3753,9739.784328848553,8.021114668499537,79.66577347415608,4.762315091612312,1.0720765387815323,1.5250744112278158
6814248,2020-02-07 09:00:01,Stout,Kegs,Yelahanka,11,24.176512719315863,4.8902636638709005,1.0500560750281414,4.578458776206538,34,9,1:0.42:0.22,2897,6992.626335771758,8.195791005216428,87.75068351731429,2.087990549546109,4.894575512513818,2.462779671544705
834561,2020-01-12 19:28:40,IPA,Bottles,Koramangala,14,19.25321158795801,5.363244235358506,1.0519585451410356,5.607683295056105,55,18,1:0.42:0.16,2786,15734.968376336305,8.846379773348014,71.53437304704919,1.2750338174274505,1.276774936939232,4.646820703093542
2421769,2020-02-07 22:09:52,Stout,Bottles,Koramangala,16,19.74041359220537,5.260748634300352,1.0560154363468666,5.455718293245838,56,17,1:0.44:0.16,3957,8978.538960027512,9.249274187856582,74.35658788146523,1.3025602880696137,1.6847825226783466,3.590426840063819
2194938,2020-02-03 02:34:04,Stout,Pints,Electronic City,13,23.126934840738457,5.4292979246151125,1.0548963845299208,5.545602347125664,28,15,1:0.31:0.13,2892,3302.195905361511,8.99964983983143,83.80455874059868,4.197950515106786,4.914123073388371,4.805462176370845
7522207,2020-01-12 17:16:58,Ale,Kegs,Indiranagar,13,22.444151912632503,5.022855246118863,1.069648539809433,5.560832915269619,30,7,1:0.39:0.11,2824,17531.5981913971,6.992750131602934,73.37192950056973,4.288683043612998,1.2938347320466277,2.771739283561167
143809,2020-01-27 04:57:45,Stout,Kegs,Yelahanka,14,18.99115153460846,5.333143013789854,1.048693866750925,4.836857132895752,40,9,1:0.21:0.18,2126,15101.5780865922,7.956780786964636,72.05596459905213,4.55329489731802,4.843953252222541,2.2722738638960944
9697028,2020-03-03 18:08:14,Pilsner,Kegs,Koramangala,19,24.322140569309216,5.48158180325905,1.0458304451896083,5.035626362847717,45,10,1:0.43:0.16,2385,16074.930731085076,7.863037286581646,88.89493166191065,4.863946026500899,2.0886500860482293,4.097153338957714
5649553,2020-03-05 19:12:30,Pilsner,Kegs,Jayanagar,19,21.883046853207716,5.04486205618539,1.0681846244570623,4.621375752404035,49,12,1:0.41:0.23,2988,8141.09053776819,6.677862440419586,74.63641071709709,2.8578006003430505,1.4889369672014,2.350837286980137
4806941,2020-01-20 23:08:23,Stout,Bottles,Electronic City,18,19.66045386721916,5.120599700641649,1.060332052432353,5.507473214617978,29,18,1:0.35:0.12,1786,1832.8525963861969,7.707518543568753,88.0917953221244,2.414893507526191,4.652933906608256,2.788803390551008
4587739,2020-03-06 10:04:37,Sour,Kegs,Electronic City,10,21.81799167717456,5.329274519872344,1.0627030196643652,5.547966070614571,37,8,1:0.31:0.20,2955,14463.250573143849,9.557512153782406,85.79700798684128,1.4554139621065536,3.052187506417776,2.2994845477201395
2237123,2020-02-08 13:44:44,Ale,Bottles,Marathahalli,17,17.322559395095986,5.156229484323765,1.0382674100330134,4.850986311615631,35,15,1:0.37:0.18,1272,4774.38301984465,8.859602733472073,88.898732217979,4.696568826646725,2.9449999994283718,4.402199888236227
4671527,2020-02-19 15:54:09,Lager,Pints,Indiranagar,14,21.664506837757145,4.625679022653555,1.0763653668219515,5.638133816434865,55,7,1:0.47:0.21,590,12648.180222429117,6.765910522664653,76.18001643343422,4.454623902846792,3.341687884791037,4.439272611969309
1676287,2020-01-07 07:50:25,Porter,Cans,Yelahanka,15,22.555557472648804,4.686568395551198,1.074489071665433,4.889137348976101,40,15,1:0.48:0.29,3719,8932.39863309844,7.018361986163288,72.13215762760039,2.360834900260679,3.2585530810528875,1.8383074647655893
4194176,2020-02-06 00:13:58,Lager,Bottles,Marathahalli,11,22.908990825344937,4.995872852603577,1.0442797213528137,5.966278477778102,24,5,1:0.27:0.12,2728,13732.103086594429,8.456455649284376,77.34545020539835,4.115154138906265,4.690350769803122,4.196562847397409
3908123,2020-02-15 23:25:56,Sour,Cans,Malleswaram,13,24.284081489633365,5.14185951669894,1.0689386357896111,5.864254953320197,55,7,1:0.40:0.17,3214,19737.55138553747,7.381511747990697,84.16293835061609,2.111013742413122,2.906688773168705,3.604113797897642
9325284,2020-02-14 02:32:46,IPA,Pints,Whitefield,17,15.669226366679792,5.061313211335455,1.073354760536672,4.90312277528121,34,14,1:0.45:0.28,973,17059.049642147038,9.244352921928307,75.07673580068275,1.1797420027790675,1.796836838686839,1.0588330590919297
2636741,2020-01-28 04:34:49,Stout,Kegs,Jayanagar,10,18.12000563162693,4.631983183329096,1.0567603395260965,4.857128473957408,35,13,1:0.46:0.18,4761,19238.506261974275,9.196075634580914,87.51610538553018,3.936176403328493,3.5396960645787825,3.148822472003251
5549611,2020-01-22 17:30:10,Wheat Beer,Cans,Marathahalli,10,20.52614794413494,4.821680770187567,1.073326153178147,5.178887923584404,57,10,1:0.22:0.13,3707,3164.882245663526,7.945892969506837,83.73002341873726,4.44896304189003,4.299350548961911,2.20413403729308
2678492,2020-02-16 15:02:29,Lager,Cans,Jayanagar,15,24.413498435787297,5.302639976597847,1.076403883847099,4.883375078767901,20,12,1:0.49:0.25,4701,15430.190961504875,8.701104167903363,74.06158145637373,3.723257733531252,1.9844870304342304,2.2147671278058323
6841132,2020-01-13 13:27:29,Lager,Kegs,Koramangala,18,18.80338169775778,4.756596993037327,1.03560952921426,5.080514162800951,28,8,1:0.42:0.24,1047,14596.126968505205,8.440811362265201,73.97930659114111,3.5174644224393066,2.6774292732339893,4.01545962491043
5041652,2020-01-20 12:46:45,Porter,Cans,Malleswaram,19,20.25416686375253,4.726340846504672,1.0377316069612936,4.593527386982283,20,19,1:0.41:0.26,515,4428.03453235863,6.067415618116549,70.0529559159918,3.157779776774244,4.345838644855981,1.911379326270267
1032523,2020-02-07 21:32:19,Lager,Cans,HSR Layout,14,16.04256625335477,5.140804775717192,1.0352257870336987,4.533885278961947,44,7,1:0.28:0.19,3312,14446.89051817408,9.63440793449358,83.56387099267747,2.4673189731566136,1.1879043536171392,3.6428875909461578
8683412,2020-02-03 23:49:01,Ale,Pints,Koramangala,18,20.925917511647388,5.124597914238363,1.0391877405640284,5.208292581061688,53,12,1:0.50:0.29,4323,7465.339648760599,6.174035354184145,83.07464945508247,2.223828460934993,4.48498843703392,4.600117867741188
2056578,2020-02-01 08:55:36,Ale,Pints,Koramangala,11,16.449011639360453,5.188654303254396,1.0391966177899918,4.881336714459901,25,12,1:0.49:0.18,1188,8610.65973589906,7.145153581223994,88.1289101582862,4.746976410621434,3.121343243520708,3.2656971666493795
6036974,2020-02-28 04:35:58,Sour,Bottles,Rajajinagar,12,17.753195890694997,5.4873395405655705,1.0742113104657551,5.259998955217598,42,18,1:0.43:0.19,4499,15978.360197721802,8.778394761927453,82.41712764100822,2.5940433068120896,2.793530065582374,3.4358207263776355
2285352,2020-01-15 12:39:14,Pilsner,Kegs,Yelahanka,10,16.21868634344344,4.898790756823269,1.03396320304111,5.202133933596057,28,12,1:0.44:0.22,3322,14569.042052330726,9.749806772107824,83.60689471578569,1.097721015312172,2.366213131891106,1.7263191772667588
4424186,2020-02-03 17:39:40,IPA,Bottles,Electronic City,14,22.53517372538921,4.563946304502883,1.0717809412733088,5.810009052362339,36,14,1:0.22:0.20,2386,10378.173479059094,9.106924151107606,80.54652801602042,4.95135591432587,2.319359156637973,1.4344960961756432
6664531,2020-02-08 04:18:55,IPA,Kegs,Indiranagar,18,16.990929259298966,5.185362741817618,1.0462910451084382,5.414180198124551,52,13,1:0.21:0.15,2752,2264.0646447823565,8.1215000168061,85.22059852570557,2.84367784811195,1.9849553720681652,2.1825001343850907
368939,2020-03-11 01:36:50,Stout,Cans,Malleswaram,19,16.272148362786258,5.4131991547205,1.0473870563641952,5.6518273859297725,44,13,1:0.49:0.10,2172,4594.983290748255,7.763069844544193,76.12205365482758,3.197516046495861,2.379844530477522,2.8381074476234818
1266679,2020-03-08 14:53:39,Porter,Cans,HSR Layout,13,16.750980227179323,4.547228629516256,1.038856676810197,5.907507588378515,56,19,1:0.32:0.16,1757,9593.815419856674,6.206573985069646,81.49903327646152,2.6073603822386264,1.7692914566971738,1.8971778338472616
3104467,2020-02-02 20:27:14,Wheat Beer,Cans,Koramangala,16,24.860645559089797,4.596796055070467,1.047139513058108,5.627810668508918,22,9,1:0.21:0.30,2204,17871.47994471391,7.41030804433554,88.34622036499664,4.808830738665984,2.3946241216094184,1.6298567678451144
6163465,2020-03-02 14:22:00,Pilsner,Bottles,Rajajinagar,13,18.785084340476587,4.901784922684351,1.0757024532898272,4.733540069173802,49,6,1:0.28:0.25,4135,14641.205386656708,6.203339715765589,78.16551287635713,2.0916251140767232,2.565757598025157,1.474097434728082
3353513,2020-02-25 05:40:29,Pilsner,Cans,Koramangala,19,23.2187094925565,4.951236408344583,1.0381052660444392,5.690809835023215,39,19,1:0.44:0.12,4484,19555.090705571096,9.366328929028064,77.99752970113032,3.0300390035086315,3.110554473605132,2.215309682238593
9790316,2020-02-11 12:09:34,Pilsner,Cans,Yelahanka,11,19.282912926342,5.473736681286009,1.034186473627445,5.257748647007868,59,14,1:0.39:0.24,4292,5911.830654787375,6.763542418879878,75.95726215588832,2.3976513079052246,4.150371516850981,3.3206856526317763
1544660,2020-01-16 18:31:41,Ale,Cans,Whitefield,15,17.83822216222026,4.625798752273588,1.0639688443774356,4.660977056101558,46,5,1:0.41:0.24,1135,9411.390174380744,7.680581672783343,87.08577941207805,3.409089065649624,3.3620197940281704,1.7565990548228458
9157264,2020-01-21 01:38:43,IPA,Pints,Jayanagar,15,20.172940605911396,5.363473865149421,1.035493501118362,5.940175036039701,39,16,1:0.25:0.22,648,3269.547036875519,6.094056073132369,78.99508814644051,2.2149036886309914,3.923921211136568,4.055258620823798
5908770,2020-01-15 15:26:20,Porter,Kegs,Whitefield,11,17.03397294239944,5.337390656328314,1.0323878355282736,4.861479734484628,36,18,1:0.33:0.27,4022,10255.590798563508,8.414521961255584,85.31796065464964,4.152368612836543,3.1474166935378287,2.9192968423356542
2015859,2020-02-11 17:52:18,Sour,Bottles,Jayanagar,15,16.197558140524976,4.91415285527778,1.0396541898059044,5.107629347481974,20,17,1:0.23:0.22,4637,2617.950887449527,8.131065835289192,70.8254501475566,3.100274747569322,4.113896718913534,3.3137925349092083
5669758,2020-01-25 13:34:31,Lager,Bottles,Indiranagar,14,23.950715692017432,5.017201649832335,1.061824523766055,5.197325305573076,49,10,1:0.29:0.22,3444,6509.148845159729,9.851026814514771,73.3074170066025,3.189805796285882,1.8706965316907656,2.429041885389242
3221389,2020-01-24 07:21:43,Ale,Bottles,HSR Layout,15,21.511427957969968,4.7844310302426925,1.0626683410346274,5.2910720763529895,49,8,1:0.43:0.17,1270,19995.86980875421,9.81887306422722,82.31529842587248,2.0417811838753503,2.576940233957476,1.2950350790206606
793027,2020-03-12 18:14:22,Wheat Beer,Bottles,Malleswaram,14,15.144530674721208,5.024481349126559,1.0533361493176994,4.6289321765960265,51,6,1:0.30:0.18,3887,1543.7673287355574,6.883829488351496,83.62694995678876,3.087651492744424,1.786215037797509,1.4131664172527518
3909884,2020-01-09 16:18:40,Wheat Beer,Kegs,Whitefield,12,15.58637389786962,5.443112473860659,1.0630657025157535,5.394725494401969,31,18,1:0.48:0.17,4712,16734.691513901253,9.258779650458132,78.93268839182562,2.986165028966397,3.803114197930087,4.60944541262286
2024709,2020-02-06 17:05:57,Stout,Bottles,Jayanagar,18,23.487849865443813,4.570813957506205,1.0472954552731768,5.276314526369156,22,17,1:0.38:0.11,1235,9628.33755780226,6.817854171571545,78.55605436024119,1.033103526527095,2.8054704755212816,2.2974363349876072
7706770,2020-03-11 17:27:18,Sour,Kegs,Koramangala,12,23.88294211459185,5.220938421899504,1.0775685712214205,5.4770023350335695,45,7,1:0.45:0.14,4185,8021.761389727076,7.671560618276503,74.74072704254151,4.522597083827616,2.224380708306816,3.280300279092333
7481364,2020-01-19 19:52:31,IPA,Cans,Malleswaram,17,19.470559437687623,5.323004893808594,1.074362067558154,4.758833542966316,42,8,1:0.35:0.29,1609,1443.2271624884015,7.689888870830407,78.99360107957516,3.7054367755761866,1.6501873248405192,1.4408522599464044
8214302,2020-03-03 04:25:00,Sour,Bottles,Jayanagar,12,17.216176302671503,4.884645773124796,1.0448283271283314,4.966822475646041,20,19,1:0.22:0.12,3041,9704.008247343838,6.310783231347596,75.09924215629911,2.2074767397495805,4.226790445595307,1.3823336590120876
2893490,2020-02-12 18:29:50,IPA,Bottles,Malleswaram,15,20.86651441020021,4.645678168289836,1.0757324652221183,5.750951952867028,31,17,1:0.38:0.26,1826,14539.28406867391,7.9805335845709635,79.9061182549986,3.237719597379943,2.016487093877391,1.0337513785096584
2748819,2020-01-04 13:08:52,Porter,Bottles,Koramangala,13,16.374635667969255,5.21974581830506,1.0397127857780926,4.90508130213218,53,17,1:0.40:0.13,1636,7060.668882524728,9.830050196047235,71.34083952465228,1.084917497721631,4.177081423203331,2.8228033862852286
5205090,2020-02-15 21:18:41,IPA,Cans,Yelahanka,11,16.243210271344463,5.184169999149651,1.0603868031209494,5.659590036145776,32,15,1:0.21:0.30,1674,14561.875914595888,8.565874532425582,74.63537259087829,1.66166847328347,3.009177867138113,4.424911859096024
5796818,2020-02-03 23:29:17,Wheat Beer,Kegs,Marathahalli,13,18.46871796521334,4.641402616642456,1.0775757726839776,4.544751821809983,45,17,1:0.23:0.30,1531,1639.4282831170724,6.277633232665568,87.9940001041417,2.8540258922074275,4.648084710237018,3.347431263349771
4536177,2020-03-07 00:23:19,Stout,Kegs,Indiranagar,13,22.109442454957072,5.362920306426906,1.0565899456044947,5.605586465706043,30,7,1:0.50:0.28,1364,17188.561583235045,9.73387854107169,84.45565959146334,2.161275450035068,4.113341607853284,4.091487532130525
2479085,2020-02-12 13:28:08,IPA,Bottles,Yelahanka,12,23.57082051077425,5.255062009523184,1.0712803234539243,4.868682889781757,46,19,1:0.28:0.26,3803,8215.235552294494,7.198785800976952,73.7431022985869,3.0322975703059747,4.153756154873781,3.565128160343429
4723186,2020-01-04 01:16:24,IPA,Bottles,Electronic City,16,22.779356964463325,4.686288917246922,1.074187138909677,4.985790805413208,47,15,1:0.23:0.19,1619,2058.2273330443613,6.501870725685969,78.57845595514499,3.816856037615517,1.3029697958395263,3.2641744812355
9523715,2020-01-16 23:16:05,Porter,Cans,HSR Layout,14,15.192839319706742,4.96769765895652,1.0440200934574706,5.470771641586283,32,13,1:0.43:0.19,4174,11538.179783129275,8.203563623744975,71.37375027021022,2.0912188630470454,3.7337443278705775,2.003722249600612
9982408,2020-02-10 20:00:11,Lager,Kegs,Malleswaram,11,21.38489884292472,4.8962617277168015,1.0445809929890446,5.26984015235669,56,5,1:0.22:0.12,608,14579.549370127685,6.222744220092097,88.24816142547449,4.841992339312044,3.3628077983452243,2.3992625947487443
2252540,2020-03-02 02:32:51,Pilsner,Bottles,Rajajinagar,16,16.51284971642061,4.645744566128563,1.031851613848744,5.457125289547198,24,14,1:0.23:0.22,4938,18887.80547199533,7.289794922942814,80.18562672965659,1.465411453573858,1.4316541448065512,3.44857474059777
2279017,2020-01-08 17:56:37,Pilsner,Bottles,Yelahanka,19,22.13307919905807,5.313178419283694,1.03397673884291,5.78746060897151,54,7,1:0.29:0.28,4808,3518.3654037777123,6.01522358371566,75.01984855084002,1.2973350524380112,1.920233750465865,2.8523012885866863
9212771,2020-02-04 02:36:10,Pilsner,Cans,HSR Layout,18,24.56391407312415,4.993716860560429,1.0697324022943746,4.839869299175236,51,15,1:0.20:0.27,3361,9184.379883395382,9.365241750463625,80.04113163809141,3.9371423800464025,4.194945661706673,2.710552641071755
6748934,2020-01-01 20:54:02,Porter,Kegs,Whitefield,18,16.783870025662356,4.821621693573714,1.0476397994990272,5.061424138607914,41,10,1:0.48:0.11,2318,12529.756881878477,6.650361488551457,85.63897547938541,2.4398567105959743,1.2056341336634326,4.007570611919271
9125214,2020-01-31 03:16:06,Ale,Pints,Whitefield,14,17.43753644580574,4.529243411137501,1.0781545078436825,5.946569522072288,38,15,1:0.36:0.25,2714,18744.19963164482,6.849254947401378,86.18319935635579,1.5366631616550994,4.487110137744139,1.5675972039149315
6799037,2020-01-26 06:42:59,Stout,Cans,Koramangala,17,23.53368264582303,5.057679706195232,1.0676123790436305,5.887759681659819,50,18,1:0.29:0.29,3319,3230.9557307609616,8.071188003585076,82.51691043338644,3.202616995946768,1.172360353148003,2.824716170283068
4828465,2020-02-27 13:53:44,Porter,Kegs,HSR Layout,11,16.705181705988956,4.839690110720088,1.0448750227373336,4.895070498415897,52,12,1:0.38:0.28,1286,17050.7485757213,6.558477142299242,75.74702550447293,3.6565840570885775,2.481785255734396,3.971015378223093
7616575,2020-02-25 07:17:14,Porter,Kegs,Marathahalli,14,16.1643853178439,5.16324239055271,1.0678099530705172,4.748111552774021,24,19,1:0.35:0.14,4430,9407.292871458323,8.436487270259144,82.72821158671353,4.436075407534934,3.3442712049621144,2.5292982479703743
300632,2020-01-06 14:47:08,Sour,Bottles,Malleswaram,14,24.454786341709852,5.240395675128501,1.0746684480286328,5.04637840563123,24,11,1:0.35:0.27,1514,7514.854947790784,9.217468951062802,89.26712743610689,2.851202292061982,4.441279375005331,1.423750231305645
3995796,2020-01-19 15:45:35,Lager,Bottles,Koramangala,19,18.85589809211645,5.02435353845012,1.0632754035524277,5.752834166847462,58,17,1:0.37:0.26,1175,13614.490451324067,8.01916200663582,89.64057947223215,4.324603126486982,1.449047117246019,4.3850931587995055
5178135,2020-03-03 14:01:45,IPA,Cans,Electronic City,12,17.648382003765892,5.392999304500142,1.0500773320293997,4.775112755719031,51,7,1:0.25:0.20,4950,19777.63695060585,6.634592223812786,88.8968973909691,1.0288735348517188,4.457593306600936,3.950337173278962
6113590,2020-01-03 17:29:23,Lager,Bottles,Yelahanka,19,20.537574389252637,4.793139259954829,1.0690922113114971,5.242413876570754,30,8,1:0.32:0.22,2897,8397.337607668276,8.694093964662391,70.46078047856804,1.0233844964860608,4.79199925036739,1.1166513192800849
7093229,2020-02-13 11:43:38,Lager,Bottles,Electronic City,10,17.38523550639815,4.767904788928924,1.0775053813211408,5.028884969216245,23,6,1:0.30:0.24,4548,5086.845818847472,7.140133303137343,86.96013812883706,2.6027099934918105,3.4528329797119857,1.7470700763942122
4611288,2020-01-30 20:58:11,Wheat Beer,Bottles,Marathahalli,11,24.02980462291013,5.344469785795504,1.0618317059116054,5.743444833989716,47,8,1:0.44:0.14,1625,3235.578455541298,7.331432494552594,86.70747478478646,4.728927694976109,2.7360656503744454,2.9004191658488763
9882757,2020-02-18 21:36:37,IPA,Cans,Electronic City,13,24.186826082336147,4.662732296635431,1.0530352269257424,5.074315374757424,48,19,1:0.22:0.12,3301,18374.30784057196,6.141328470076246,76.54083725118824,3.2135753957151643,1.5211502355722413,3.915577138853288
5826277,2020-01-29 17:56:22,Ale,Pints,Koramangala,14,19.555311403541847,4.533180606397797,1.046585333380495,5.75933877187426,44,5,1:0.21:0.12,4531,7515.564455997727,6.424289887811707,83.01085247201762,3.121973797752331,4.457620904341226,1.3420478226943595
4946324,2020-03-29 08:14:14,Porter,Kegs,Yelahanka,10,15.065166337625373,4.874798297612328,1.0369673915607185,5.974815340940034,55,8,1:0.26:0.11,2883,6735.142501133291,6.162533785697738,84.5014582393858,1.7535111135315806,3.3875305711461654,1.042576873152659
379579,2020-04-12 06:41:25,Wheat Beer,Pints,Koramangala,15,15.41056950506502,5.102908896679583,1.039479537224416,5.965180337197871,24,16,1:0.46:0.10,2839,6215.296846818752,9.536169260299024,88.73053517803865,3.9488859242418903,1.9734835043000367,2.288424032204277
1947526,2020-04-03 14:33:42,Porter,Cans,Whitefield,17,17.930966265752673,5.136624872223603,1.0443800736700997,4.784941571006852,34,9,1:0.43:0.16,850,5330.835654128268,7.454410827430046,72.3504546373596,1.7659561378220094,3.979972604129427,3.5239667352943504
7471382,2020-04-02 12:32:29,Sour,Bottles,Marathahalli,17,23.993122906176986,4.654864502548037,1.0741358775744403,5.574358368965803,31,12,1:0.36:0.12,2467,10715.087461073856,7.089532575575422,78.13212164392522,2.0607514271019176,4.501701127064953,2.750616116179576
6785470,2020-05-12 20:08:36,IPA,Pints,Whitefield,17,22.327556236465007,4.581600550429513,1.0373781998180478,5.282032278331171,24,16,1:0.22:0.20,1485,6173.431265471374,6.107674910909067,75.53023956866544,3.078686129676852,4.631738969349906,2.2060357158014114
7852963,2020-04-06 23:55:13,Porter,Kegs,Malleswaram,13,22.7665330377986,5.112174168362187,1.0663938715163643,5.4579867506592885,41,14,1:0.39:0.11,2652,16514.92891670273,7.636377002032056,75.74232738451849,2.043231752142029,3.88032699482718,2.343740297961363
6144567,2020-04-14 15:27:40,Stout,Kegs,Marathahalli,10,22.771084926830397,4.704712415387926,1.0543758946799828,5.879339457907998,43,10,1:0.46:0.25,3122,15896.477250282209,7.747780279062232,71.79708680015874,1.3181634545116987,1.5645777758673711,2.8508703842572336
1302453,2020-05-17 17:23:13,Lager,Kegs,Whitefield,13,20.22601889343137,4.888640414020203,1.0620418083588363,5.387505457963608,40,14,1:0.36:0.12,3162,2623.890042034032,8.047817227956553,82.65979742677656,1.6776674621206475,1.7608882877443564,2.756587868410572
9650368,2020-03-15 01:46:23,Porter,Bottles,Whitefield,16,23.095284811307927,4.752013614565353,1.0353560544578315,5.138731103852011,34,14,1:0.42:0.29,3976,17878.661417176634,8.858525530598948,82.52363925428406,4.385331096490273,3.7216527523995993,3.696809678754819
2945327,2020-05-09 00:08:50,Sour,Pints,Marathahalli,11,18.623221488220555,4.50862993602069,1.041591346613773,5.827106085439636,55,17,1:0.46:0.19,2507,5144.781481736589,9.260638832574324,72.94096843899197,4.119838876712636,4.826806652600093,2.7352385506467427
7941839,2020-05-22 01:52:42,Stout,Cans,Malleswaram,19,22.71835931222621,4.79359128432101,1.04201266962473,5.8592653027306,59,10,1:0.31:0.16,3443,1133.1765555725824,8.245690561996414,70.66355379611548,2.356126696737832,3.2333684072303,4.369110315108399
8233204,2020-04-28 06:13:13,Pilsner,Pints,Indiranagar,12,23.79640259492082,4.6611139434076,1.0636336362766832,4.680183974991033,35,10,1:0.35:0.18,4835,8697.753634034356,7.213887432427326,74.9017917589988,2.041550382514876,3.734472117087047,4.634460156910414
1806893,2020-04-16 19:48:20,Stout,Pints,Rajajinagar,15,21.65098000918316,4.514892489214753,1.0324960450811445,5.491132015878749,23,14,1:0.35:0.27,2221,5654.513577802302,7.41446280297748,80.27857593392201,3.03542164707041,2.945837238017728,1.677594506441361
1094601,2020-04-13 16:28:32,IPA,Pints,Malleswaram,17,20.03260208761779,5.459943201082724,1.0726222955805855,5.871024751819823,31,19,1:0.32:0.18,1032,1685.3292722642154,6.529512097355552,84.51690225080372,4.430987877504343,2.6399275554813832,2.1451896217037603
2894949,2020-03-29 03:21:39,IPA,Kegs,Electronic City,18,23.0194556435644,4.562468974597427,1.0400207959773315,5.499591308690025,24,11,1:0.41:0.11,4049,19203.431719462907,7.074507620812071,76.83111324034861,2.816821493856731,1.4939476837833745,2.3483370490997086
5686389,2020-05-14 10:13:59,Lager,Kegs,Yelahanka,14,18.75247195849803,5.020075019849671,1.0678840490296415,5.641651050554312,50,12,1:0.35:0.25,1051,12779.611664600954,6.443996992623395,79.41396754128111,4.621347229386881,2.9730572236310424,1.5074110654483248
2543441,2020-03-26 00:50:17,Porter,Pints,Whitefield,12,15.972490031722144,4.756660644849675,1.0308162592305037,5.765578509672007,40,7,1:0.50:0.11,4396,14091.219759530131,8.124197531435298,72.25844760298722,3.9236134181381592,3.6401985807395305,2.2840927654094854
5373098,2020-04-23 05:40:52,Stout,Cans,Jayanagar,10,24.81059498278315,4.823686305076439,1.053345637488989,4.974984124575811,21,12,1:0.42:0.15,4470,4980.139728991257,7.843253366694295,82.92157919648844,2.78352153076588,3.481660447652323,3.695612299494907
2196097,2020-04-02 15:58:21,Porter,Pints,Yelahanka,15,17.829654276858303,5.142805687057066,1.0384539613301185,5.910606982605609,50,17,1:0.42:0.24,3036,4455.738663810027,9.972644138926702,83.88424189170793,2.34766770746816,1.2720220026260955,4.055171532761723
2079483,2020-04-16 19:22:30,Pilsner,Cans,Rajajinagar,19,22.563748103650447,5.001548925195387,1.0678672055223786,4.985335797101344,41,10,1:0.44:0.23,4975,16343.284246480029,9.768968830157007,82.61365585005959,4.8838899023142375,3.714804087566064,3.4318895521433106
9118413,2020-04-27 18:46:50,Porter,Kegs,Koramangala,16,18.10620548942936,5.243981868942851,1.0629879534889992,5.907188944659891,47,14,1:0.23:0.25,3240,7798.968993046357,9.162492936645714,79.90580457410158,1.373838822339251,3.576129073213525,3.840434921518792
1032382,2020-04-11 12:25:50,IPA,Kegs,Rajajinagar,15,22.26779519002265,5.4418222444786295,1.0344266494296577,5.681812194790522,23,5,1:0.49:0.15,666,17205.581836931095,8.067249788324137,75.99700283831858,2.8931836297375733,4.898850297770596,3.086368945302544
4300268,2020-04-08 12:04:00,Sour,Cans,Marathahalli,12,17.705798102245733,4.913747036580866,1.038779593126964,5.66457956827203,45,17,1:0.47:0.19,4370,19922.546344105354,7.131390255381387,73.75061645889765,3.02297129084525,2.88297139008834,4.9522311808289565
9010415,2020-03-25 05:16:45,Wheat Beer,Pints,Rajajinagar,12,24.92946060120649,5.040430595057008,1.032687260945241,5.429087189714409,30,5,1:0.45:0.22,3639,12673.916234764822,6.575344128267622,79.59675788808386,3.264270466952312,1.587906169429373,3.01108350207154
7122631,2020-05-19 06:12:53,Lager,Bottles,Electronic City,13,23.985924862358694,5.193913811214034,1.0582996663959772,5.160616086755173,59,6,1:0.25:0.26,1712,3896.892695193915,6.578545259874531,84.57774958237148,2.571158172956964,1.668948680854287,3.0203802110635847
8256289,2020-03-31 13:38:34,Sour,Cans,Indiranagar,18,22.60286033051913,5.347478401838055,1.038908307503587,5.896173782525641,44,17,1:0.26:0.23,4859,5400.334808171951,6.101755174406934,70.55726720346055,3.428610507542434,1.3680642626162505,2.655902303938256
859349,2020-03-14 14:47:22,Porter,Pints,Yelahanka,11,19.78403182106561,5.1601769479826265,1.0548585243248263,5.412293364300764,49,12,1:0.37:0.21,706,3248.701703302076,7.221943681658086,80.90707144057521,1.3538393148543315,2.660274030500284,2.56331502830056
7327937,2020-04-06 05:33:36,Pilsner,Kegs,Malleswaram,18,24.25204243721641,4.888393581986926,1.0427489572002178,5.247663669278783,44,18,1:0.38:0.18,1293,1317.7165707609995,6.630162752295129,80.77659568616515,4.158528879195117,3.803345117323876,2.3299518049454235
6110298,2020-05-14 22:59:32,Lager,Kegs,Whitefield,14,19.02343023723061,4.830328441099327,1.0431769077941333,4.955396577570522,37,18,1:0.25:0.15,2578,14883.121859350327,8.385924005715493,81.09083637751704,3.055365991403595,3.559342962875051,2.267945805867076
239774,2020-04-20 11:02:42,Lager,Bottles,Electronic City,12,16.928431049807788,4.850406984989175,1.0347363294689134,5.639982427227192,32,9,1:0.37:0.20,1154,14066.320680026683,7.564712431031481,72.27892851076945,3.236411017245869,3.962681859195924,3.3756361158104182
9093546,2020-03-25 22:18:49,Ale,Kegs,Indiranagar,13,24.588703754031712,4.965540562851218,1.0332761832244215,5.800807552047029,39,6,1:0.42:0.13,1339,5446.25447754965,9.076394672107307,70.33863081515277,1.6822264670639542,3.0957109784780013,1.5472459774111815
7682682,2020-04-21 00:01:25,Ale,Cans,Whitefield,19,22.73028717986432,5.081329264072126,1.0576210034222324,4.823046939805778,43,8,1:0.37:0.26,626,3239.8863616496747,6.804887651782705,79.51664657458356,3.855059614440397,4.759922324693835,2.0364701837106227
6805172,2020-04-16 05:20:14,Pilsner,Bottles,Malleswaram,14,20.07709077498681,5.26068878529391,1.0685147039470602,4.5339763701277,36,15,1:0.32:0.11,3118,19774.241714306107,6.340405423547882,70.45328896323765,3.085838823805612,2.4612022217440077,4.790971014955446
286392,2020-03-25 19:58:29,Sour,Kegs,Jayanagar,12,24.228032621531987,5.029850848156199,1.0452841145670793,4.917636845857879,30,16,1:0.26:0.17,3877,5003.285318660077,9.93025163616161,77.30884897601197,3.3529460575826726,4.364139308073823,1.1584401983558794
335490,2020-04-09 07:54:42,Lager,Cans,HSR Layout,18,24.89509040904949,5.011963163011577,1.0603533112514587,4.563064281530516,54,18,1:0.31:0.16,3898,19292.766162042244,6.301569519636647,81.04146798599672,1.6882966108014812,1.908306043845184,3.106399733963848
9895406,2020-05-15 20:11:36,Sour,Pints,Electronic City,17,17.340529327856704,5.2783262846636845,1.0571099456451285,5.54638724245223,54,5,1:0.26:0.14,1928,7966.027266231394,7.487001787091353,85.45335386406332,1.3044350138998697,3.1407403746778244,4.760998558346682
1478761,2020-05-17 20:59:50,Wheat Beer,Kegs,Koramangala,17,16.530552155188253,5.170418233125622,1.0570116776794038,5.908705904801433,38,12,1:0.33:0.16,1865,1177.4460133524362,8.048627836161987,84.68743927591842,4.120242915388369,3.65895971460503,1.883115028877912
8473427,2020-04-03 01:47:55,Pilsner,Pints,Malleswaram,17,16.837333881523744,5.093049825141732,1.047273990667293,5.309924706798565,23,14,1:0.25:0.26,794,7805.348966272192,6.154783235085517,73.43811813064778,4.164782732961956,2.372126932636593,3.642855713687401
9725499,2020-05-18 11:54:45,Wheat Beer,Pints,Marathahalli,17,17.248237025541428,5.005015789014454,1.0306982988554207,5.781290949121376,34,9,1:0.43:0.16,2578,15780.873743923525,9.97379090462142,84.19880897725842,4.047920969416235,3.526372559160905,3.6998704215898095
2784493,2020-04-21 15:55:50,Sour,Cans,Malleswaram,10,16.68664917363473,5.24203884865948,1.0427708120981876,4.524957756385051,31,12,1:0.34:0.29,840,8893.588334535281,7.364494569950571,86.18336753430609,1.70982635002346,1.8847052104328057,4.762269323960112
1093732,2020-05-02 18:55:47,Pilsner,Pints,Jayanagar,15,17.45203297541358,5.238218558862238,1.0461995740835277,4.738303964032824,54,9,1:0.37:0.21,3776,6301.57171958742,7.363946473785004,84.08377260535558,2.7470455273441226,4.95235857807846,4.61703309129105
4423078,2020-03-20 09:26:48,Lager,Pints,Koramangala,17,16.054518697270765,5.422857854918743,1.0411292614206464,4.525557554357079,24,8,1:0.23:0.23,1253,18559.79999682318,7.841637071806542,70.64723660844535,2.7337788366439617,2.6487121821229214,1.6240590746307078
3240025,2020-04-19 03:05:16,Lager,Bottles,HSR Layout,18,23.408908449698067,5.126475372426821,1.0515925878610115,5.379049867882673,26,7,1:0.48:0.27,3557,19198.74070165652,9.123185781305416,79.57858997707756,2.53080630372972,1.357713899166327,2.5018406082870563
6528441,2020-04-29 02:37:38,Sour,Kegs,Jayanagar,16,21.55982374641917,5.03126485670783,1.0783207668642274,5.3090728593553305,40,13,1:0.31:0.18,2959,2489.307670227968,8.814085659674431,84.47712489136254,3.367281425470366,2.288018995138774,4.406310919036324
7460711,2020-04-27 05:44:30,Sour,Bottles,Jayanagar,10,18.463589894803548,5.221501762686525,1.0621695849518409,5.061873319347914,40,7,1:0.31:0.16,3066,5477.799332012351,9.408226034880109,73.86951446264855,4.937200253094987,3.4662050117269843,2.06416177399762
2764384,2020-04-10 07:27:46,Stout,Bottles,Malleswaram,15,20.835881856947918,5.265668265026052,1.0699944259971903,5.670710726047343,21,9,1:0.49:0.26,1225,5618.775384935333,8.146404696249917,78.10158095778718,4.704482720731727,4.0055439015980685,4.974828225582891
1400729,2020-04-04 20:35:07,Lager,Cans,Indiranagar,12,15.55428354444529,4.991487847801247,1.0750889006048452,5.017866563630232,37,11,1:0.37:0.17,3696,3787.900530102337,8.15618992778839,73.82363000250885,4.967441248819943,2.081731281024308,2.0235833459063266
7023467,2020-04-29 18:34:00,Pilsner,Cans,Malleswaram,10,16.390374700666648,5.032428792059775,1.0519693213811274,5.18125608344817,40,19,1:0.27:0.15,2121,1506.9562661587734,6.856764863460254,87.68339964064253,1.134601264747256,1.0281359325269217,3.9150539005487737
1053405,2020-03-26 16:08:48,Porter,Bottles,Whitefield,15,16.124505427915285,4.911395576765293,1.0340532547278412,5.312113015188079,54,16,1:0.23:0.23,543,3694.3219136976254,8.364078383335109,75.52622362535018,2.364097534771682,3.729145650085151,1.9132040868757327
1037304,2020-04-02 15:24:33,Ale,Cans,Whitefield,14,20.969902433023435,5.071767266984914,1.03937223104111,5.038305954228384,47,6,1:0.39:0.13,2157,15814.0488963781,8.423555933204044,79.2784079429049,2.533073610676788,3.162649262674724,3.590991033380989
1459857,2020-04-20 23:27:25,Pilsner,Kegs,HSR Layout,17,16.44120385448357,5.278120489681789,1.0320843210761173,5.5246714632046725,49,15,1:0.28:0.12,4288,4116.364273586829,7.108185841654442,77.96487267640543,3.9711401907016257,4.384722327623056,2.903439063260992
5626363,2020-04-17 02:37:48,Sour,Bottles,HSR Layout,10,24.327228262470296,5.297270254067845,1.074054417559493,5.753649158829052,54,6,1:0.27:0.24,2997,18367.53864231298,7.962319962161455,76.58280653170523,2.857687897115872,3.498303717450274,4.357989356537761
2059908,2020-04-14 11:49:09,Stout,Cans,Indiranagar,10,16.20467307203428,4.567490757795476,1.0434476437276248,4.511511081172578,54,5,1:0.40:0.17,810,8922.97550482463,8.944786116874276,78.36753985199417,1.5029274516315665,2.4035069410423398,4.422556125975324
5859222,2020-05-11 06:31:26,Porter,Cans,Indiranagar,13,18.427157439304917,4.898270751912612,1.0400661273585463,5.778739809148846,21,19,1:0.32:0.18,3849,4938.8210094764345,8.868321815622599,77.51676445514775,2.2682866592877646,1.358369886122471,1.915990766192592
6978144,2020-03-28 14:58:04,Lager,Cans,Marathahalli,17,21.70935415355012,5.38731390877556,1.0461243380864904,5.555928162702894,38,8,1:0.48:0.13,1078,10320.467820164487,8.529725989346181,89.05385642695546,1.2908224860758235,2.8744910009792526,2.838490099127051
4077051,2020-04-16 20:33:59,Stout,Pints,Whitefield,18,21.08176313177676,4.8087184353083305,1.0569095679636846,5.134136360711118,55,7,1:0.22:0.24,2237,15028.004163429016,6.927893634863954,85.55404506550599,1.7298084715773197,2.6549008964943943,3.447812333728072
7983399,2020-04-21 06:05:56,Porter,Pints,Indiranagar,10,20.378459983730732,5.076468421840875,1.0397469392093086,5.234843342068718,34,16,1:0.33:0.29,3130,5093.505783754027,9.285298210463749,79.26609219354593,3.78872588132289,2.7489571689402954,3.408415209328046
3186848,2020-05-23 03:02:09,Stout,Kegs,Whitefield,17,18.922712289803705,5.193998001190599,1.061149592019886,5.219195272654435,44,18,1:0.42:0.21,4501,13585.81968800448,7.494085849433756,79.93222070637293,4.486331888602752,3.008167481142554,3.978541921401088
8595159,2020-05-20 16:20:50,Porter,Pints,HSR Layout,17,18.18885008523944,4.996684275084538,1.0321723239650118,4.874704589821598,50,11,1:0.47:0.21,1832,7867.525129104011,9.931566005233162,75.92895310826151,1.218594916512299,3.7064929309198154,1.2034078603071705
3861235,2020-04-15 23:07:21,Wheat Beer,Pints,Whitefield,17,23.96958513499633,4.842198356804733,1.051101041833325,5.763195948066954,46,11,1:0.26:0.22,3449,7282.562493986994,6.093222030260485,82.5522696522392,4.291556644941271,1.042682862426108,1.822869267677237
6427697,2020-05-14 15:58:00,Porter,Pints,Jayanagar,12,20.1140450062816,4.852666439752354,1.0546232874103938,5.966585541999104,41,16,1:0.35:0.14,2592,4769.663861409419,7.745354596534645,70.5259674154364,4.843143909629342,4.501008478028763,3.159213792641242
9150565,2020-05-08 09:02:56,Sour,Cans,Indiranagar,15,20.090540344914324,5.439113647786176,1.0762867381043737,5.811997538926361,55,11,1:0.36:0.14,1156,5339.898574761636,9.752829195111074,74.01121094764162,4.444332479681973,3.3324420246765003,3.7009084736639695
6426975,2020-04-24 14:54:33,Porter,Bottles,Marathahalli,14,22.603798357504004,4.62073851897911,1.035149476818332,5.404847873805438,40,14,1:0.33:0.14,2836,8382.637204354913,8.86859079966267,72.58843464819451,4.592339678499791,2.4770076542109103,1.5415696923151536
9343294,2020-03-29 20:58:35,Wheat Beer,Kegs,Jayanagar,15,16.74550046309151,5.233660989286398,1.0453205953163949,5.661004024829271,35,10,1:0.43:0.24,3967,8818.618370920369,9.55551087072586,85.4455184197819,1.919356149730865,1.0375125063096,1.9291134143317108
7497582,2020-04-03 04:33:29,Ale,Bottles,Rajajinagar,19,15.716799285444113,4.685971746811898,1.0637697616150343,5.687044879177741,56,5,1:0.33:0.16,2753,15588.6626634246,6.894793560375099,79.79257513137817,3.0610483270965694,2.502879429278256,4.1824271781879325
1118136,2020-03-28 17:47:49,Stout,Bottles,Rajajinagar,19,20.09829744037276,4.93569683505882,1.040293193988586,5.585901002722265,34,13,1:0.37:0.15,1924,16514.496141214928,7.469645263550638,80.61267485985742,1.0684164400692282,2.351228118424515,1.3238578151026577
4802644,2020-04-24 21:02:00,Sour,Pints,Yelahanka,10,18.855602260105563,5.004768242027294,1.0408398957483966,5.186757827702256,56,10,1:0.32:0.21,2800,2839.055354103934,7.0735300962458965,70.14606994594918,2.5220500560314463,1.9467604929973652,4.962322230138117
7219232,2020-04-07 16:07:44,Stout,Kegs,Malleswaram,16,17.921243966753977,4.997507171541237,1.0419637426626571,4.528659801817866,49,6,1:0.48:0.19,2630,4717.996606909379,7.762047459605453,70.01950306398828,3.857281286760529,2.574980093559564,1.4327891675529942
4375749,2020-04-06 10:46:40,IPA,Bottles,Rajajinagar,11,22.47613256233107,4.775127831319579,1.0701990632508045,5.047168742923105,53,17,1:0.23:0.11,3874,7791.597956967154,9.686467466916454,71.313769791909,3.8913914281989785,4.189836454325089,4.390711298707256
1935906,2020-05-24 19:35:16,Stout,Pints,Malleswaram,18,16.122468436701773,4.615304386903945,1.062671834759276,5.916533155833049,26,6,1:0.30:0.25,2458,2816.6578929538728,8.654550998527045,71.18585868556771,3.1437827168323693,2.7213120477718187,3.692009838628768
6602660,2020-03-22 18:32:54,Porter,Kegs,Electronic City,12,19.893347017597787,5.016945755764371,1.041029927391704,4.547824695718276,33,11,1:0.38:0.14,3742,4658.766607834516,9.380572278410437,78.56481760377946,3.422416075964031,3.997953136144748,4.34809036336264
2489376,2020-04-19 19:38:47,IPA,Cans,Koramangala,12,19.616836588274623,5.002307641885798,1.0504812417370135,5.1446420304755245,35,5,1:0.27:0.26,2601,13128.324297386904,9.984831370666504,89.78908272116222,2.4230766668858736,2.379249150885381,1.9030167698120728
5907178,2020-05-23 19:04:32,Porter,Pints,Electronic City,10,15.148251255423318,5.364053561136196,1.0557762602882554,4.925631765049935,21,7,1:0.37:0.14,4606,17587.188680096613,8.603835969279345,84.71899692067191,3.1982212190464057,4.712626292643908,1.18087384942022
655352,2020-04-01 22:12:55,Stout,Kegs,Koramangala,14,21.15265818222091,4.941338687018993,1.05676879621986,4.982529781743473,52,18,1:0.28:0.15,547,2333.7379297574907,7.078258771665423,77.72072246449898,4.242084539321144,4.547085707296645,3.557265511430479
7066454,2020-05-15 06:10:02,Stout,Pints,Malleswaram,16,18.404320629093625,4.502601239258301,1.0781393734600404,5.14249288175271,31,12,1:0.41:0.12,1518,18295.318548747837,6.1032031518758085,81.06217813194725,1.1243678534589496,1.5280389967400176,2.096385729760227
9055591,2020-04-25 21:20:00,Stout,Bottles,Yelahanka,17,24.209524130731,4.880421587182001,1.0388112004595278,5.26552168524197,55,18,1:0.29:0.25,4885,18947.82232989298,9.884647964693375,77.16120835869685,2.165205457268152,3.8558889745368576,2.5726849882613503
265580,2020-03-17 14:11:11,Sour,Bottles,Marathahalli,15,15.860876881188332,4.840453894379174,1.0582379516780471,5.668500355809629,50,18,1:0.21:0.14,2118,9968.899910838494,6.99408750233984,78.76027853360534,2.507844706550544,2.9229101657575587,1.61190394346237
1954588,2020-04-29 00:26:51,Pilsner,Bottles,Indiranagar,19,23.030903356501074,4.5133847657582695,1.0564448831838218,4.76178369227913,28,9,1:0.50:0.16,2768,3416.1611533849955,9.550888452149398,76.51239198954289,3.8376459061414017,4.945869907996151,2.948022776053732
6163815,2020-04-17 02:18:34,Wheat Beer,Kegs,Electronic City,16,17.175466039866308,4.695364168254291,1.0495539465481625,4.902609643750051,22,11,1:0.43:0.18,1297,4858.166228824215,9.709611662541052,89.74104045069282,2.114419949222557,4.118630678278107,2.067001424038554
5669542,2020-05-19 02:08:43,Stout,Bottles,Koramangala,16,24.676435612653314,4.650271875480564,1.044211669451013,5.342062868625421,59,7,1:0.48:0.29,1004,2452.3257641745745,6.738886475362973,71.39213240571655,4.061027686819585,4.977541402876454,3.160095679978136
7165983,2020-04-25 16:40:42,Sour,Cans,Jayanagar,18,15.501424950462306,4.595580083791079,1.0599024429015549,5.18444145270031,24,14,1:0.24:0.11,2311,2139.276207433757,7.391133217096929,75.79233728329099,4.921558987893057,3.644888116176144,3.850712580076224
7470269,2020-03-17 02:09:26,Wheat Beer,Pints,Malleswaram,18,21.379058323660114,5.372473843435989,1.0306724321385758,5.593050040052272,41,6,1:0.36:0.19,4024,6933.91138917142,9.886473605001314,81.43982833694199,1.4404146321900262,4.336890194087889,3.968044268200453
2659444,2020-03-30 01:40:00,Sour,Cans,Yelahanka,12,22.14402762447338,5.091905727451169,1.0646513326251044,5.208448593345455,50,12,1:0.32:0.17,1215,2835.4033098876844,7.442775588076726,82.97907124837174,3.8063286214855943,4.705919211821899,4.799555760101608
5136820,2020-04-23 22:39:26,Porter,Pints,Yelahanka,10,20.73661377231885,5.458836587676353,1.0601745292162486,5.214932649709224,53,10,1:0.35:0.19,4091,2397.729309134753,8.223090330878613,81.8606651261039,2.196268124936871,3.003149830159953,2.8979063817154302
1770212,2020-05-14 04:13:04,Wheat Beer,Cans,Malleswaram,13,24.76534933980289,5.147458199535895,1.0656142415593637,4.924218471449947,47,14,1:0.34:0.23,4985,4059.0327616720874,8.59570749116739,84.54375471566489,2.0602995112696005,2.3537778295860643,1.4165370979777592
798477,2020-03-21 19:41:20,Ale,Pints,Rajajinagar,10,19.562255760706165,4.658309128712283,1.0321506402560028,5.667465899424917,47,14,1:0.25:0.16,3633,12067.247287697206,6.489449338292169,88.20599485939279,1.5102072201895034,1.7948143315423293,4.744436500734359
2878840,2020-04-17 05:28:12,Porter,Pints,Jayanagar,15,19.839081998785677,5.462029739357937,1.0679273707481332,5.716402566243952,33,15,1:0.28:0.13,2207,10421.607103903185,8.737972510451563,74.60290126418047,4.142264972408888,4.258704366003034,2.5215272520848413
6451372,2020-03-14 22:23:49,Lager,Bottles,Yelahanka,10,22.227065239197813,4.670050609635434,1.0573680844875843,5.258883988538639,54,6,1:0.21:0.12,2735,4731.453184654126,9.56856494853022,86.79341948532459,4.864379297352989,3.7231140450396216,3.8031840687855674
9835028,2020-04-13 05:52:51,Lager,Pints,HSR Layout,17,17.20576441129206,5.125501452073343,1.0503819704021131,5.216222242911393,23,15,1:0.38:0.29,3312,13427.434252145094,8.27716536662782,86.90464453758712,3.851599212862797,2.1407743713500103,3.921369358424288
894797,2020-04-08 09:20:27,Stout,Pints,Rajajinagar,13,24.870173649444062,5.245003010299177,1.0419580239802282,5.099592750227527,40,15,1:0.40:0.21,3454,12912.95817985238,9.24067023137152,72.52344525964925,1.4070467850098556,3.9597682230767752,2.805067948093568
4806480,2020-05-10 16:01:52,Lager,Bottles,HSR Layout,19,19.52102349094585,4.651793806208351,1.034162158734053,5.554394845861911,22,6,1:0.33:0.23,3483,18769.42691344027,7.791733853079544,72.66027028151653,4.866529349766188,1.2636753854211014,1.1552956162653558
7094369,2020-05-08 10:36:45,Pilsner,Cans,Marathahalli,19,22.72536567269587,4.738517928126805,1.0688869188973844,5.960672449923548,45,11,1:0.49:0.21,946,7258.107240602117,8.4487755989129,81.55857731636493,4.741415817286119,2.5732765938071305,4.226517608364124
7749371,2020-03-19 16:33:36,Lager,Kegs,Whitefield,19,24.335583770225085,4.513199350470815,1.067965178131294,4.823373121160423,51,15,1:0.39:0.14,1714,8604.508508843504,8.495614293887432,78.47674226444806,2.421989830519305,4.512294403689609,1.6610104889143993
1830113,2020-04-01 18:14:16,IPA,Pints,Malleswaram,12,23.601111035354894,4.886161365516568,1.077611827935912,5.080864969070079,49,14,1:0.27:0.17,3449,13469.45241207922,6.318835448302465,70.05127287847996,4.1788983328974325,4.579930047987935,4.954009422595584
7493095,2020-05-15 15:53:19,Porter,Pints,Malleswaram,15,22.745647798733145,4.518697352545046,1.030797098074161,4.55491981259334,32,9,1:0.22:0.18,4582,10184.950135234569,9.088286639637282,84.67742977595582,2.5546519850413505,1.287878998405887,2.2305750947363467
9286883,2020-03-16 18:48:32,Lager,Pints,HSR Layout,19,17.14283392869371,4.779361958903161,1.0778113627755646,4.952748693300221,48,10,1:0.36:0.17,3379,18272.77742274121,9.094361625725696,84.65443992126532,1.621367599601716,3.563072118960928,2.540964658341424
3624327,2020-04-26 14:43:48,Wheat Beer,Cans,Marathahalli,12,16.484579769992763,5.315333023618521,1.0619654702220818,4.672534704533556,55,10,1:0.21:0.29,3834,8323.134870239368,6.576851105932004,70.33226965939491,4.798282461312864,1.718049080970014,2.531225486868032
3427042,2020-04-12 23:09:44,Porter,Bottles,Jayanagar,11,17.26776106520724,5.375920918487483,1.0440023701879322,5.128198000948354,42,12,1:0.34:0.26,3267,3587.3044469979423,8.37667012923981,87.69494386979588,3.112049144233569,3.817800894675713,1.306738817860562
7217987,2020-05-02 00:38:50,Sour,Kegs,Electronic City,17,22.231608273190677,4.6945990425995,1.0697670992831527,5.719137421721626,47,17,1:0.45:0.19,4816,8107.066179562861,8.563020591881415,88.8214541098666,4.728400994205504,2.575283602477385,4.629512441685548
9349966,2020-04-11 19:56:34,Porter,Kegs,Indiranagar,18,20.27014007026215,5.359245267680104,1.0586940361310548,4.889296509461427,34,8,1:0.37:0.23,3395,8435.561961865515,7.688290799863147,72.26497031943549,4.344947200836064,2.848888777535877,4.845639406988632
1127482,2020-06-10 07:52:51,IPA,Pints,Marathahalli,17,16.495672315002686,4.925764015969922,1.0563320581853632,5.528527711281878,41,6,1:0.25:0.13,2127,8902.69447428677,6.833752336197102,80.49964095634543,2.596120003789333,2.583164835145709,1.2844054030866952
7258365,2020-06-24 07:08:11,Lager,Cans,Jayanagar,17,20.21411555507004,4.876859043321331,1.053659556912523,5.978696178176189,30,19,1:0.22:0.12,2763,4205.712926127148,9.481239685345534,80.52213615012577,2.077406408801429,3.785809619191895,4.201216556909257
4226303,2020-06-15 14:21:55,Sour,Kegs,Jayanagar,11,20.60337502196288,5.35590663574331,1.0580494461064411,5.555361713940946,44,19,1:0.37:0.16,1254,14190.34373556236,9.33290917868029,80.08708067364653,4.36130924182222,4.186764947047572,2.202033372038002
4806838,2020-06-14 12:42:22,Porter,Kegs,Koramangala,17,24.405794945404995,5.486051290434556,1.0386550592607555,4.866356455217164,52,5,1:0.44:0.10,1531,6576.051520304568,6.324147548561443,75.78852500929186,2.0403734785221856,1.494304155908543,1.9943483879159745
126101,2020-07-24 18:54:26,Pilsner,Kegs,Marathahalli,17,15.213249804732884,5.0592034946395605,1.057962201412299,4.976855296370336,41,10,1:0.30:0.10,1932,13308.417155667408,8.878481723026923,85.42839979867524,4.430258110344021,4.450820541122731,3.6502159718365954
522333,2020-06-18 23:28:38,Lager,Bottles,Marathahalli,16,19.03445835058399,5.120530089639423,1.0431686346381572,5.509465164641089,24,13,1:0.37:0.25,2310,13806.883331181132,7.230042760106021,73.73998948116827,3.110935512389093,1.9763646659489984,3.312987319255512
5382285,2020-06-26 15:47:00,IPA,Kegs,HSR Layout,17,16.70409883760381,5.395943111891629,1.041938642968869,5.752368368628388,23,11,1:0.31:0.27,2403,13125.538132415824,7.97173162534504,74.41721770140317,3.3880899599433945,2.429235640313899,2.899993919676006
542207,2020-07-29 16:36:27,IPA,Bottles,Rajajinagar,16,22.23138527054035,5.167814258819508,1.0441604833905016,5.748948168883758,58,13,1:0.42:0.26,2308,7485.087693237829,6.13313181601468,79.80364562532466,2.189076639488795,1.9807614210351816,1.6512357367643928
5726559,2020-05-27 03:46:15,IPA,Kegs,Whitefield,10,23.148444764694588,4.62345086260372,1.0531315030446038,5.3329170221156605,21,17,1:0.43:0.27,4728,16051.82637465423,6.096603632117986,72.27460839707096,3.756221747419501,4.963017748392346,4.791436554387268
2927625,2020-07-20 22:32:58,Pilsner,Cans,Indiranagar,13,15.444689555660691,4.8458378431124745,1.0638031181686938,5.292362882386364,37,10,1:0.26:0.23,3498,16030.253090909457,8.620040610856078,81.74353798263502,3.643930784730144,1.4568515308601544,2.124537014908152
4497045,2020-08-03 01:25:14,Porter,Cans,Malleswaram,12,15.74954525691208,4.586101578982187,1.0505038963984674,5.217954981894529,50,10,1:0.38:0.21,2504,8195.595842537125,8.872504616897926,77.30045093460357,3.232556196965445,4.555118461831646,1.0056895187642765
6909466,2020-07-10 06:08:14,Ale,Cans,HSR Layout,12,21.8520038145263,4.812679921729647,1.0789893188132738,5.311043273145393,33,15,1:0.49:0.29,2790,9033.022587545467,9.151414214844708,85.69202613592458,4.88667283486292,4.712962561100616,3.526087743349714
8665882,2020-06-28 20:12:48,Ale,Kegs,Koramangala,19,18.961374882842883,5.05135583316838,1.0643113472583428,5.245250821008701,48,13,1:0.41:0.26,3091,3098.2967896203268,7.339279113651999,70.04525039568041,3.2532521406660693,4.685490232164042,3.960658702679208
496268,2020-06-25 16:36:56,IPA,Kegs,Koramangala,14,23.82614561770336,4.720729275174076,1.058213109939508,5.4055388537277,47,18,1:0.23:0.21,4911,14146.429979748784,9.871443693157012,81.01670218700143,1.383259548901675,3.9859118075049302,4.424507171941936
1175351,2020-06-10 03:10:14,IPA,Bottles,Malleswaram,12,24.411561156763774,5.138305738595774,1.0351988028463015,5.804960646454108,28,10,1:0.31:0.20,2276,3277.613022181388,9.544137618909016,87.30591549486466,4.731172883859035,2.200571095068918,2.8599172322056057
8182395,2020-07-26 09:07:16,IPA,Cans,Whitefield,12,19.17316246766542,5.3818355736281625,1.0508781946775292,4.588959098097192,33,9,1:0.47:0.29,4315,18930.97040759831,7.361273370940724,84.60695422704978,2.195012821000204,4.3362777474617324,1.725059346617534
1963666,2020-06-07 01:22:29,Ale,Kegs,Rajajinagar,19,19.500459504634705,4.932647013113051,1.0600075799618995,4.525588665763681,36,18,1:0.45:0.24,2767,11803.658332804083,9.079157031680475,79.03132789461785,1.2399664555769987,3.860501544878505,4.817048298315154
4612232,2020-07-05 05:48:23,Porter,Bottles,HSR Layout,12,15.92383408243622,5.399147725826658,1.03887560928549,5.1662629994140845,43,14,1:0.39:0.28,1682,6690.810741861326,8.909422486678643,76.95365448668116,3.747409269387798,1.3047613053729763,1.7112418478100198
7206669,2020-06-14 15:58:31,Sour,Pints,Jayanagar,16,21.53449780500724,5.439587331208503,1.0758865613656627,5.388070059093248,44,14,1:0.39:0.15,3500,3857.3153785334966,7.535181143119193,75.62786743473033,3.746237674247861,4.996633563824275,3.8565264703362496
6715551,2020-06-28 19:46:37,Wheat Beer,Kegs,Jayanagar,19,22.015929247749312,4.877528239191104,1.0417436342092516,5.266913439578849,33,5,1:0.42:0.18,4227,5127.77112811011,7.8002258612846465,71.50883930120845,3.784496961278183,1.60009024970575,2.27135886169986
1936896,2020-07-09 19:02:43,Stout,Pints,HSR Layout,14,24.868289200263995,4.677876053233173,1.073139684635141,4.527750517114297,30,18,1:0.36:0.17,1350,7229.673990981695,6.500498937452779,89.96161273383254,1.4272375672924849,4.006941737705409,1.2505155188983434
1436335,2020-06-23 13:08:40,Ale,Cans,Koramangala,10,16.505281813125574,5.419491974097018,1.0714878508573098,5.161880608314124,43,6,1:0.34:0.16,995,2806.9595462331235,8.430823420165064,76.43685951771988,1.4665405501339293,4.654213862279815,4.086664656025345
4706591,2020-06-20 11:48:17,IPA,Pints,Koramangala,11,18.2231892339664,5.385488343098872,1.0757643469360565,5.980932737893373,28,16,1:0.49:0.11,1123,14890.36506679504,9.958587791604312,87.98396644357373,1.3202815323246693,1.862381033608301,4.525644042092502
2636004,2020-06-06 05:04:37,Pilsner,Bottles,Yelahanka,17,20.482689973599623,4.50075640014909,1.0347527020913638,4.646204731395859,40,10,1:0.29:0.25,4436,5515.864621345262,9.984939527771592,82.82429335822611,4.152925917279282,1.436727949440782,3.0219508298046422
788541,2020-07-31 05:16:59,Sour,Cans,Electronic City,15,21.181822879501773,5.472960381684795,1.0371137304471671,5.022127694582086,38,19,1:0.35:0.10,2151,12980.8210800843,6.644535264810744,86.15540486765704,4.29125301571286,3.113253065552977,4.382658603767746
5003045,2020-06-12 13:15:14,Stout,Kegs,Rajajinagar,19,20.30601506925705,4.742342021926733,1.045410776277075,5.7282758509461,28,13,1:0.24:0.24,4735,15383.325053656465,8.262390364816241,81.04078716022121,4.602820719018355,4.656992624145532,3.1841010719291063
4774202,2020-05-26 16:31:30,Stout,Pints,Jayanagar,19,20.865394011117324,4.797053413544215,1.0530837627638174,5.671230293039267,42,19,1:0.50:0.20,2212,13218.618903095628,9.899073403673732,79.15674293567037,2.61981961006092,4.074387041554131,2.9984145092688803
7377413,2020-06-18 05:14:46,Sour,Bottles,Whitefield,12,19.04109624388399,5.373285041070946,1.0446890648434506,5.6360227245958505,40,14,1:0.45:0.25,4385,12105.885754143805,6.109430636850037,71.86697285796615,3.869956644540889,1.4898135848781635,1.6588921350465506
2977529,2020-07-26 22:24:39,Ale,Pints,Marathahalli,13,20.81473462517172,5.094306147648525,1.0433427880797128,5.117340355315438,32,17,1:0.26:0.26,2690,5349.447211370335,8.361529503694083,75.90007221405097,4.328205842423435,1.4703447413724682,4.273178710165363
9739882,2020-07-02 11:50:54,Stout,Kegs,Rajajinagar,14,15.995476746509324,5.14879933957655,1.0371808232078952,4.827380159016235,28,17,1:0.30:0.21,3239,8446.45226083936,7.344042167699456,80.85117533252418,2.500013824444499,2.1433829530247515,1.755551351310633
3173284,2020-06-06 22:43:12,Sour,Cans,Rajajinagar,14,23.846898521140616,4.586188669480187,1.0403488202129485,5.367902215061429,39,8,1:0.24:0.21,2400,5046.170780971849,6.4736051769308,81.1536019918911,4.939103063275674,3.5395605538734327,1.0935369116370808
2260520,2020-07-03 00:53:36,IPA,Kegs,Koramangala,16,18.04864068494612,4.596389962656497,1.0367982367012358,5.976369946572281,56,19,1:0.27:0.22,2707,10195.07238783531,8.882664134597713,70.8076449942822,3.4550951155394625,2.90603355945017,4.225820712170503
4825437,2020-06-28 06:22:30,Wheat Beer,Kegs,Koramangala,14,19.289331557978784,5.334479383308921,1.0593156029191464,5.051637294872575,35,11,1:0.45:0.23,1003,10620.147440160394,9.679514408755615,80.78119812562296,2.589176397565217,3.607370546853189,1.4073454503642284
8261930,2020-06-06 20:29:45,Ale,Kegs,Electronic City,11,23.64026751177635,4.727512823602098,1.0305432538279196,4.556501410914911,26,10,1:0.47:0.26,1273,13480.194953994656,7.827048737546592,79.49302577709959,1.1812340543196664,4.407817536747001,4.199400336761936
611431,2020-06-21 07:53:11,Porter,Pints,Koramangala,14,17.17940740868424,5.234485810036302,1.046106528415523,5.857676802057346,39,6,1:0.47:0.27,2582,2318.4942903587767,7.283363889625457,73.29730993839102,3.555596281926628,4.7993971584766495,4.704081366448227
22656,2020-07-27 19:04:17,Pilsner,Pints,Rajajinagar,12,23.53400248381378,5.226299417662493,1.0456838609969523,5.407160448445726,30,7,1:0.23:0.25,1841,7942.807019502312,7.744395652017827,70.45191916727354,1.0581580611791075,1.6987049616074277,4.013543317452497
1375450,2020-07-29 20:13:09,Pilsner,Pints,Koramangala,18,24.27382045802121,4.648080573492765,1.0436425719260516,5.6906274646773,45,6,1:0.20:0.15,958,14791.498176597264,6.937910988284587,83.55412640745897,2.9603614203238773,3.7113269647070144,2.4794377709875524
3118607,2020-06-15 01:50:35,Pilsner,Bottles,Jayanagar,12,18.78184410193189,5.039928627746432,1.0459606899860687,5.364073292044269,32,12,1:0.27:0.12,1648,14844.517673247698,8.511783378376448,72.88688923184847,1.9400909337731669,3.163666645244477,4.896580126403936
4081155,2020-07-30 11:14:02,Wheat Beer,Cans,Whitefield,12,16.727718292118922,5.352850159750024,1.0730919369293974,5.346155396915731,48,5,1:0.50:0.23,2880,9224.12298769979,9.200915004853009,80.3832336408885,1.7954929765268348,1.7858034229624145,4.890778868990184
3714142,2020-07-03 16:09:01,Wheat Beer,Cans,Malleswaram,17,18.85004897145968,4.510596319885527,1.0746849940947112,5.339153385917873,38,9,1:0.25:0.10,3322,18400.569890018556,9.790038736567835,83.91624949871397,2.207208283500821,2.8912801153808614,1.7453353439571622
2737170,2020-07-14 19:02:20,Sour,Bottles,Koramangala,11,17.705996366765625,5.082908727888296,1.0528921004889935,5.471409449352679,38,8,1:0.47:0.23,3754,18421.00644016954,6.2280367844265125,80.09459629565173,2.7866757413379126,4.703874416697079,4.382659907164274
2059921,2020-06-01 09:37:05,Ale,Kegs,HSR Layout,18,22.29147950721888,5.301096093838228,1.039250239332671,5.909731757314757,24,9,1:0.41:0.19,3896,12355.749107077354,9.19919796875052,76.70950424452502,1.4914738103494811,1.533902641384183,3.1495994750393783
7339037,2020-07-01 02:58:02,Pilsner,Pints,Yelahanka,19,17.45165777221554,4.5157420252362055,1.0643462408765827,5.623379291406829,38,6,1:0.31:0.23,2114,17387.44287593741,8.803109756906014,82.61535955268445,2.705080950732133,3.2680680969403118,2.792585936953668
2088993,2020-07-11 02:35:39,Sour,Pints,Electronic City,14,18.172176813138748,5.423327790436234,1.0659435928887029,5.819345248297886,39,13,1:0.42:0.20,4049,14581.402431763994,6.209862798908368,72.62862023307136,3.962328584610768,3.4575512166311757,1.1529357038024068
4637179,2020-07-09 05:56:32,Ale,Bottles,Whitefield,12,22.65465828598015,4.89253507192677,1.0663663397015926,5.246479311421097,57,7,1:0.21:0.25,3703,2035.433163519894,6.515857384483407,89.55654185506828,4.505329489503666,2.8360889410264094,2.9579748533391768
5339058,2020-06-22 07:14:13,Pilsner,Pints,Malleswaram,15,19.020287346563485,5.150969895231595,1.0765881701097164,4.871107230609333,43,13,1:0.42:0.10,4266,14271.127611636191,6.467254940465517,87.66961404131494,4.811154847468595,1.2892988284763067,3.9219899313934135
3939601,2020-06-16 20:42:01,Stout,Pints,HSR Layout,18,20.11756184294301,5.1810796960727,1.0666027989724969,5.737980200074698,43,12,1:0.47:0.15,4422,17857.569322280993,6.853171893532595,70.47752372758286,2.875383147305936,4.070725775435657,4.080904313684007
4831476,2020-07-11 18:27:23,Porter,Kegs,Yelahanka,17,24.09278128172189,4.709558794218588,1.0380221199885569,4.630266802614228,50,17,1:0.23:0.17,1049,2291.561964604699,7.962572239390687,74.58492735886556,4.582473567730545,1.3867880159223738,4.422078494247075
9015109,2020-06-07 16:35:42,Wheat Beer,Bottles,Electronic City,15,18.589492308738084,5.00050555257641,1.0466692234091737,4.891339964434966,49,13,1:0.33:0.18,4195,12376.491140147882,8.804218147339231,84.03792657270105,1.9918851975618272,4.011970122017436,1.0858087675351666
3059627,2020-06-14 15:26:37,IPA,Bottles,Yelahanka,11,18.1348826679921,4.536705455406302,1.0681098533512934,5.207461134836115,38,5,1:0.33:0.24,2664,6160.208112762329,9.288272442181144,71.30509100164686,1.0439146607666152,3.200276001150323,3.9148944636946728
3195549,2020-07-03 00:17:12,Ale,Bottles,Yelahanka,16,20.03773226685368,4.7199275399807785,1.063683972805362,4.623312721518578,57,9,1:0.40:0.25,1025,19956.42204211473,9.196497930022318,89.7519710604032,4.009770900390219,2.372367671461986,3.310476933084555
1124595,2020-06-29 03:02:34,Pilsner,Pints,HSR Layout,17,23.83499342786703,5.440687135202499,1.0551253258527309,4.518068992980546,26,9,1:0.45:0.16,3640,7367.254034299397,7.051156938106594,81.05764664836892,2.673440928821321,2.3829373383957524,4.668269427899532
3219324,2020-06-26 12:22:55,Porter,Kegs,Marathahalli,12,20.98486511161244,4.981915232309871,1.0425404430714933,4.744466514616556,27,12,1:0.49:0.13,4783,5811.086072288726,8.059338170060306,89.44876772273972,1.2133190212376488,4.497357577951462,2.765452968971595
2338526,2020-07-23 05:43:26,Lager,Pints,Koramangala,17,20.43495267774331,4.896900830777117,1.0584507298324457,4.659200291173769,26,7,1:0.37:0.30,1278,6314.837837548144,9.822000476715544,70.61455534898262,3.568024903614577,1.4772736569223677,1.8551229374672675
8825083,2020-06-09 14:47:01,Porter,Cans,Marathahalli,17,20.44523428287236,5.122284804952027,1.0660547552536206,4.730772166485552,43,10,1:0.21:0.22,2260,13711.66498196508,7.958854331418962,89.82338918748763,2.6070884208709164,4.193706924250833,4.447811413772886
4890139,2020-06-28 21:02:35,Porter,Bottles,Marathahalli,13,18.280568127792822,4.57478800861446,1.0796591710578358,5.558789301087473,54,9,1:0.36:0.27,2729,8100.505413451126,6.431177642378309,83.03138467693059,4.508573694207779,2.153204167495657,3.2887320927984773
9914197,2020-07-03 07:04:46,IPA,Kegs,Malleswaram,17,24.24039806864313,4.925398426500854,1.065351653105871,4.813049060108188,58,13,1:0.28:0.16,1677,7020.364589603728,7.530769228904967,70.9704913205689,1.7432175134172594,2.617547753327894,4.89712799201639
1073046,2020-08-04 03:12:17,Wheat Beer,Cans,Rajajinagar,12,24.08300462748963,4.589541842499074,1.0440620146977275,4.625508259206194,56,13,1:0.37:0.24,3949,13792.288715709754,8.123129251088269,72.07046199462637,1.1095900978285838,2.075373516346633,2.2596099563831
2882758,2020-08-01 15:40:36,Stout,Kegs,Electronic City,18,22.045186125876647,5.028535259133327,1.0662471775784397,4.79433221100655,23,7,1:0.35:0.19,1206,7462.216756804416,7.890202649939878,79.88253063383735,4.5324738615765865,2.4185072206553637,4.497678461668432
701434,2020-06-28 00:29:04,Lager,Cans,Marathahalli,18,24.08189068583083,5.274327007821853,1.035901882977579,5.560713720763207,21,7,1:0.39:0.26,4716,16031.167716281723,6.281590884657345,89.45645024075128,2.0612893938108607,3.76502779328911,2.071537551158526
4485790,2020-07-26 14:55:03,Wheat Beer,Bottles,Electronic City,12,17.95813105496865,5.13847957410885,1.0386688788991614,5.562513438835947,58,12,1:0.42:0.14,1506,8673.92175466205,7.066968200277296,86.50681825583885,3.612639969751347,3.7269269122166,4.680041473443419
2001895,2020-07-20 08:04:24,Stout,Pints,Jayanagar,13,16.597866854532867,5.390014950178844,1.0473358289851686,5.797105678734411,42,8,1:0.24:0.17,3445,10926.08480370776,6.1028790848871,81.56817729760611,3.673747539445623,1.6731552817956137,2.4098701378404632
236184,2020-07-06 15:02:53,Porter,Cans,Electronic City,19,20.895808524014324,4.826898646893154,1.069921726290604,5.1371550083919,42,12,1:0.31:0.29,3865,13022.144590469356,8.275892551400993,76.94500202444486,1.3946450611056491,3.2478452275568426,1.493147875902645
9857048,2020-06-10 20:43:43,Sour,Kegs,Malleswaram,10,16.82710921592068,4.549084681174497,1.0639227090139227,4.661383258633952,45,13,1:0.31:0.30,1382,19853.17064610452,8.404377636875152,88.54711874700693,3.302552950739868,4.376984905550705,3.840176924977063
8605600,2020-06-15 04:24:16,Sour,Cans,Electronic City,13,20.974842151786003,5.224423296839537,1.066562946255782,5.474305899200295,38,18,1:0.37:0.14,1580,11735.63198546802,9.449047703138028,77.39395781337313,1.8799742656188323,4.70717302276107,2.9859363264814864
5962032,2020-06-09 17:30:30,Stout,Cans,Yelahanka,13,17.39100857135467,5.393031317278386,1.0638790014459536,4.646267951173049,20,5,1:0.24:0.11,624,1197.4264464675884,6.71087483515328,88.87432667029562,4.805939669842253,1.4235973871161225,3.843208680496295
5289716,2020-07-06 21:03:23,IPA,Cans,HSR Layout,11,16.145868097056304,5.3039917525841735,1.0638044066682446,4.5080758969374495,29,9,1:0.27:0.28,2956,17636.45584159488,7.353282661031902,73.68964080843406,1.6560346782084443,3.316750916282297,1.3359527758262026
7326343,2020-06-19 15:49:21,Wheat Beer,Kegs,Indiranagar,12,20.548178205109256,4.814981928655972,1.0434387446896525,4.907527544235082,43,11,1:0.25:0.30,1049,2122.871385830152,9.85479318791954,87.42707691161078,3.764162036532672,1.87426272990674,4.96689131140524
2479528,2020-06-18 10:14:27,Sour,Pints,Yelahanka,11,16.810331583482572,4.674148179932882,1.0795278082560102,4.743064990468521,46,17,1:0.28:0.28,592,9302.799750987448,7.906854128680424,73.69301379799919,1.0024796737607002,4.246114291944089,4.458116048465235
1954433,2020-08-05 20:06:58,Porter,Bottles,Koramangala,18,23.121195412917995,5.357481863843511,1.0360603674950597,4.608915412371839,44,9,1:0.48:0.20,3752,18335.19047819666,7.652061506035498,84.79604446429207,1.5561608978722703,2.754071485239572,4.5945098877544055
7713756,2020-06-03 18:19:40,Pilsner,Cans,Electronic City,13,20.43161767862936,5.210182608483743,1.0785236006420529,5.230747914225924,58,12,1:0.46:0.28,2502,8764.106384298111,8.939080002511282,89.71420711767766,4.974469837208085,1.60508431375218,3.262916453672496
7081129,2020-07-01 20:05:19,Sour,Bottles,Whitefield,18,18.29941991680827,5.341513048337172,1.0460131185378971,5.151251808451714,34,9,1:0.25:0.22,4933,14806.29964290389,6.661077707405237,85.81330079067624,1.3364834253668656,3.283797075225765,3.8609082337286007
6505180,2020-08-04 19:26:30,Stout,Cans,Malleswaram,19,24.871872959728968,5.114736674447686,1.0600435392261307,4.724745046908275,39,12,1:0.47:0.17,3611,8432.231166285612,9.324114942099522,72.06816037965316,1.8920426002821653,4.680563725017331,2.9860884617520016
4664769,2020-06-13 22:01:19,Pilsner,Pints,Malleswaram,14,24.25441867313775,4.55654014203626,1.0447909816812193,5.165249547351441,42,11,1:0.26:0.13,3016,16587.967077623172,9.25676391887836,85.64560745971733,3.9481639863943383,2.3637440998272576,4.986142138126594
9595446,2020-07-27 05:22:12,Pilsner,Cans,Indiranagar,10,15.69804752861056,5.337299605176325,1.0600831664638766,5.439311542133227,57,9,1:0.24:0.12,3873,9452.431253259778,8.296948268632107,76.56722627542997,1.2566126990779636,2.602274577539263,2.558701564703673
6752705,2020-07-07 22:06:39,Ale,Kegs,Malleswaram,14,24.703361126353958,4.8511431269623495,1.0334021954423924,5.124223402980694,49,15,1:0.21:0.24,3336,7158.124017347459,7.637864349407012,72.45270758195834,3.522259651570087,2.4950138585842208,1.3848450774725607
1990955,2020-05-29 15:38:38,Porter,Pints,Jayanagar,13,22.280005228891664,5.33561142798839,1.037658314201735,5.364582639826345,34,6,1:0.48:0.24,525,9026.124319965496,7.539272429667781,77.27505794486234,3.2781498133098785,2.927902396784042,1.577203342749542
5693667,2020-07-11 00:29:24,Porter,Pints,Malleswaram,13,24.42660557904363,4.788594882664862,1.0637656398002473,5.406391669366416,54,12,1:0.28:0.11,970,6899.937032613235,6.276035926427193,71.17697089225008,2.4813491156837766,4.569858277340661,4.394957570089982
103452,2020-06-29 02:42:01,Porter,Bottles,Malleswaram,15,16.748929174611522,4.854358257316306,1.061461885092402,5.544795939929199,29,15,1:0.27:0.13,1895,5291.637245883438,9.9451118735087,76.18925165083799,4.340489252637784,2.6217354569116345,2.6789267277808624
3951779,2020-07-31 01:16:39,Ale,Pints,Whitefield,19,22.211148521136582,5.108588674227505,1.0423402302423852,5.830127611834742,55,11,1:0.25:0.20,2603,16803.813436044555,6.320126279444201,71.23615233775176,3.131208131911541,3.929446354851153,4.85871038784129
6304335,2020-07-07 17:11:06,Stout,Bottles,Jayanagar,14,22.012988582364848,5.1255207700072,1.075054517348616,5.971636184448979,56,11,1:0.40:0.20,3306,10149.517643859628,8.390269771110365,75.39970722563343,3.503359737741806,3.8429555772688153,3.771160553929868
3944790,2020-05-29 03:50:10,IPA,Cans,Jayanagar,15,22.58999292787189,5.40573025673021,1.0363286008414432,4.69125068813291,57,10,1:0.49:0.16,2962,12686.546331583317,8.660723199172082,85.70124065935468,1.5137288491356466,3.128749112420146,3.103509580393542
2211149,2020-06-11 01:17:52,Porter,Pints,Indiranagar,12,17.149728885190047,4.665318156528427,1.0697816657409525,5.867464490254965,59,15,1:0.35:0.24,3646,2709.8633813190554,9.944264822804136,78.43875749310355,3.460612644487873,3.587980609529275,1.9819144674053293
3051869,2020-07-05 22:47:09,Pilsner,Kegs,Indiranagar,10,24.17123463389437,4.577824264914777,1.0402996277485992,5.299285826253798,48,18,1:0.21:0.28,1113,2002.770905422831,6.815984881076705,84.92902893443761,1.0017031296258598,3.940306701259459,1.7920239034563443
2527168,2020-07-26 02:55:33,Porter,Bottles,Rajajinagar,18,20.595750502068917,5.29685133988214,1.0782213175057644,4.591153307329969,48,10,1:0.23:0.12,2261,6707.112179763572,7.165853031671324,84.8011832935451,2.111379897947891,3.082163387762278,3.8726866681287015
2634460,2020-06-02 19:33:47,Sour,Bottles,Jayanagar,14,16.097448439899892,5.254059906176932,1.0571889147680782,5.002892237889703,56,7,1:0.50:0.11,2425,4523.855509746509,6.134860220867058,88.71122416374372,3.2739857282506555,4.763087466506758,3.7051764090002863
7919339,2020-06-29 05:46:40,Ale,Pints,Indiranagar,16,24.212410368934563,4.81010389474473,1.0349226496034802,5.878319123295648,27,14,1:0.37:0.29,2736,3240.873809620049,8.253786772381062,86.52889136851621,1.0236124430926743,2.6396859283935448,4.997856329688258
6882329,2020-05-27 00:15:57,Pilsner,Kegs,HSR Layout,14,23.924002958240195,5.092792106533605,1.059682755692433,4.90279570030612,48,16,1:0.25:0.19,1701,13730.59677467489,9.358033912751235,74.17435059738143,1.4833142671306518,1.6588572967099986,4.863664261521159
3791326,2020-06-25 06:05:49,Pilsner,Bottles,Yelahanka,15,19.22465050785657,5.313701110543997,1.065734003655166,5.570263527412246,21,10,1:0.23:0.21,1130,18634.661204119217,7.880265588753565,72.37568524581955,3.969860015410308,3.553154169474974,1.1629606694125227
6974916,2020-06-20 09:03:37,Porter,Cans,Rajajinagar,18,20.978318577034667,4.647753043586653,1.0310001770360813,5.123134287509316,51,5,1:0.36:0.20,2465,14421.654678219866,7.991903469387253,75.07944326166539,2.481417689225529,1.21427916553079,1.1800472735856975
1490997,2020-07-22 15:04:43,Wheat Beer,Cans,Whitefield,17,22.09397227631028,4.709537885477387,1.0541212296959566,5.4013997321461575,26,16,1:0.36:0.11,1137,1820.1452080193385,8.993148079323035,73.26325019044454,4.05428185976643,1.0429169102374014,1.1935060100834836
9244627,2020-07-20 09:37:49,Sour,Pints,Yelahanka,14,18.14353393846618,5.2929553352840575,1.038049691213341,5.589605359693381,39,12,1:0.47:0.19,1606,9179.864758446149,6.595741809048791,89.17731704014656,2.873029783191582,2.864027084597478,1.8009413125106404
9377878,2020-05-31 17:12:05,Sour,Pints,Marathahalli,15,16.296772673603158,5.048620367689374,1.0705989508488187,5.921093550987782,45,10,1:0.36:0.18,1180,18054.648584433504,6.613760493841553,72.22253720117132,4.072094539311368,1.314157492806293,1.494597023192676
6617300,2020-06-13 17:50:45,Wheat Beer,Kegs,Koramangala,18,19.047062902038228,4.619766328169948,1.0413574530432526,4.6779619357881925,52,8,1:0.42:0.26,4711,7427.803560697086,6.220160350611655,74.33515590949372,1.2829643578388177,4.755195608467726,1.2535972777846478
5509499,2020-07-27 14:50:50,Sour,Cans,Electronic City,15,17.202742976286466,4.937603269755236,1.055374586664188,4.880915950096078,39,11,1:0.37:0.28,3597,9722.976558587545,8.43725056778357,79.30378885946652,1.2062930601400057,4.055335425537216,2.3070458236410447
4227320,2020-05-28 20:28:31,Lager,Kegs,HSR Layout,16,20.859468138225544,5.341183290300364,1.068773387659266,5.63890251059326,48,16,1:0.22:0.27,2895,15576.67394702136,6.313439947351035,78.1585141045112,4.209914564952578,3.66158675449821,3.8757132704218895
7693652,2020-07-08 15:25:16,Lager,Cans,Marathahalli,12,22.000625464292465,5.145468229776477,1.0391209207881582,4.952072167957312,52,18,1:0.32:0.22,4038,6176.401107219568,6.875050082173059,87.6388541725483,2.7958832686615507,2.024858801252503,3.0091368120131787
7427558,2020-06-24 23:37:34,Porter,Bottles,Rajajinagar,15,16.945831983041465,5.286220857845368,1.0781830951391986,5.833525733437015,32,15,1:0.26:0.30,4611,8442.378707352611,8.225467804889522,70.72744518913983,4.816856846675472,2.804061993641502,4.755478765265979
8829332,2020-07-14 00:28:54,Wheat Beer,Kegs,Yelahanka,14,15.849105104236225,5.4849793422723465,1.05303077970347,5.355448924923692,24,17,1:0.28:0.19,1356,13434.932783290042,7.693567322277792,77.50680615908004,3.099321342318412,2.592433827567958,4.250830921492714
309900,2020-06-23 20:22:24,Ale,Bottles,Indiranagar,19,21.060875747866977,5.035632526059014,1.0699861144730884,4.978480289610325,33,7,1:0.38:0.21,811,10974.895352995389,8.474783683763954,85.28467388865711,4.271482932933852,1.1999195178370718,3.2599053531483224
9166760,2020-08-22 10:03:48,Pilsner,Kegs,Indiranagar,12,23.621808430856447,4.519867299235224,1.0308776330891338,5.836418776970222,21,5,1:0.43:0.29,2138,18226.859054317767,9.847359101955169,73.73162933731695,2.436476950630317,3.4850329685190458,4.804383486996229
2685160,2020-09-05 10:34:13,Ale,Bottles,Electronic City,10,21.31596397643705,4.511225202249919,1.0304466519208932,4.933645738827454,52,16,1:0.50:0.18,3892,17888.760201370464,8.94815702939101,80.44391981391507,1.5206273607900016,4.94914141508972,4.493633903363069
9849273,2020-08-27 17:07:23,Wheat Beer,Kegs,Koramangala,14,16.619201250223185,4.976376364648231,1.0711624546724765,4.773183265343924,53,13,1:0.30:0.27,1497,1795.2818902352851,7.550598487480937,78.4967520791443,3.6442453293327457,2.2589216686311016,4.574094647835253
2639146,2020-08-26 15:01:11,Stout,Bottles,Rajajinagar,13,15.88167051181204,5.44866193275546,1.0557418153627285,5.106558204867662,31,8,1:0.21:0.12,1154,7354.600615068069,7.264074742909065,75.83038509788848,1.341891013652425,2.0437617596877096,4.710806365419749
4613379,2020-10-05 21:55:41,Pilsner,Cans,Yelahanka,11,21.88985358286203,4.597146773552964,1.040949325274557,4.831709972049143,33,14,1:0.26:0.14,1190,7520.335484709311,6.854142308148871,75.86133591707026,2.319572511633248,1.986339393233627,3.199379041049448
2051793,2020-08-31 02:27:16,Pilsner,Kegs,Malleswaram,10,17.303869542604808,5.196185997928458,1.049622465790346,5.28806828129484,28,13,1:0.33:0.26,2105,18358.59548553064,9.303264976114122,88.72458823208822,4.755787059983454,1.0701610594345827,3.715032925321064
9677087,2020-09-07 19:26:35,Wheat Beer,Kegs,Yelahanka,16,16.086192844412952,4.882608494133798,1.0505520319966395,4.869989327333551,31,5,1:0.38:0.20,4303,17668.7005955715,7.673221355151845,80.29578896136232,1.2267104071972192,4.330259062359676,1.5702718353527767
7612861,2020-10-10 19:41:49,Sour,Pints,HSR Layout,10,18.40444713926611,4.613907561255372,1.055220500955269,5.165625006961272,43,17,1:0.39:0.12,4348,11932.087723954475,7.322250155231291,83.73169349946791,1.6389597492921697,2.34776237348674,3.966109882615228
4129185,2020-08-08 03:34:09,IPA,Cans,Indiranagar,17,18.804382929602877,4.542081379131845,1.032917648850446,4.607759110779481,40,16,1:0.34:0.16,4778,9664.574829686564,6.036281056764548,83.49255158901208,4.557017764821383,3.1708619537405,4.140758360205831
528594,2020-10-02 01:37:10,Wheat Beer,Bottles,Yelahanka,19,22.63239773304671,5.099090258461279,1.0347177290758365,4.950225731924764,36,7,1:0.21:0.28,3388,18711.404079711963,9.3014956834179,81.44144554399601,4.292135254302855,4.9927557163260765,2.439265009804875
9925861,2020-10-15 04:23:34,Sour,Bottles,Indiranagar,12,17.015360652496078,5.146134411493632,1.0300958741370112,4.853483476005695,37,16,1:0.21:0.29,2156,13152.7192404021,7.623957327557221,85.88202108426194,3.948653984363372,2.2908823107322034,1.6478011283417526
1401848,2020-09-21 09:56:25,Wheat Beer,Cans,Indiranagar,18,15.001286259299825,5.296485949010549,1.0575531609300994,5.088753338205029,28,18,1:0.35:0.12,794,11523.597891074443,7.43423023515758,83.84632199588265,3.645816674403729,1.4264457571606686,3.38720038004907
8648285,2020-09-09 23:25:30,Stout,Cans,Malleswaram,15,19.904912341825028,4.552729655767269,1.0698272803191595,4.597101787517368,46,8,1:0.40:0.17,4360,14336.033325291895,9.28532368245606,75.64915137256422,2.076158139263092,4.184322863315922,4.246100772381045
4163363,2020-09-06 20:29:08,Sour,Pints,Marathahalli,17,19.642365482624164,5.225457519796691,1.0313469373889268,5.251526657812915,22,17,1:0.22:0.17,3410,3912.245674029268,6.256239798420991,89.31242374579271,2.1623999766577757,3.470117923487076,1.574221866662497
1095770,2020-08-22 05:19:39,Stout,Pints,Koramangala,11,16.11563568895065,4.9955826464984,1.0318609448892655,5.164040144189084,28,5,1:0.40:0.25,754,3632.4357257059874,6.42804828248237,85.07865510513979,2.466770213780156,3.822546215763353,3.925707938307061
1260148,2020-10-07 12:27:52,Sour,Bottles,Koramangala,14,19.53600274986792,5.169375817201439,1.054357528753602,5.6135918768077016,55,11,1:0.24:0.11,3483,17331.652215071605,8.72711712446123,88.00447973067892,3.117439239749073,3.7941154019660153,2.7099869775914613
1957290,2020-08-19 03:26:34,Stout,Cans,Malleswaram,17,16.37646731014801,5.386362446506965,1.0355760711649646,4.87073478942806,26,17,1:0.31:0.28,4869,6872.926806011995,9.60711611781248,71.8330255026306,2.8524150213783828,3.9220390089726846,1.6760405526039357
5431532,2020-09-16 09:07:01,Pilsner,Kegs,Marathahalli,10,18.678569233690105,4.585523074274578,1.0695861013096788,5.281549465258361,56,5,1:0.44:0.15,3025,11764.244067298694,7.818182906671556,82.72207878902847,4.3157051433230365,4.825099986896248,2.1183206501553453
6635171,2020-08-26 18:19:06,Porter,Cans,Indiranagar,13,23.58704684481429,5.368156941404408,1.0555768193600208,5.029363221114994,58,10,1:0.42:0.20,2208,18923.58047112572,8.560007059839501,89.61372104855741,4.302770965348451,4.563213630426396,3.7511804566960265
3527243,2020-09-09 22:58:31,Ale,Bottles,Rajajinagar,14,15.528982489686603,5.378784821349246,1.047944728130527,4.821397156049535,58,5,1:0.43:0.29,1698,5495.372526538202,7.155721215708235,76.51873118219515,1.129612952003502,3.810683865243782,1.3190986054409208
4052601,2020-09-20 22:34:07,Porter,Cans,Jayanagar,10,18.03109972110629,4.768015840095897,1.072965776426736,5.027843316359444,43,15,1:0.40:0.14,2465,14139.74964625126,7.095956071163322,75.3858269230548,4.557884612898048,1.947776838329243,3.974369687185402
1462692,2020-09-04 16:16:56,Stout,Pints,Jayanagar,16,23.494905245915625,4.675891538386784,1.0510092511614948,5.235575165796443,26,16,1:0.47:0.14,1320,1621.626585402108,7.672632273435807,87.52411052310224,1.0001925250114343,4.113611585041479,3.356239748478868
4948191,2020-09-01 14:58:40,Wheat Beer,Bottles,Whitefield,18,18.107467992647365,5.332606645139031,1.0528074436545465,4.94607361720917,49,16,1:0.30:0.24,2238,6633.965778904628,8.997934805054353,78.44578284076326,4.681806485012432,2.2632541038155183,1.7858104305680529
5019483,2020-08-18 07:05:04,Sour,Kegs,Koramangala,18,22.5128306482137,4.512569353566072,1.0744742064389476,5.233386778986316,22,5,1:0.34:0.24,1485,14969.29866052794,7.673566144898072,70.810342299017,2.4619182633200904,1.052787057835443,4.507335390817675
805837,2020-10-12 08:32:11,Lager,Pints,Jayanagar,19,16.621322186036178,4.500058507711225,1.0353102228763662,5.617264694692832,47,14,1:0.39:0.30,4863,10072.643808030143,8.109499664473034,72.59377350766843,3.42657183810762,4.976603542037667,4.995528500075016
1905973,2020-08-24 16:01:19,Ale,Pints,HSR Layout,10,19.57041591227312,5.291425906731216,1.0361945053477524,4.697527336770022,27,9,1:0.28:0.16,2333,5560.690089927011,8.70462960859072,75.4285683853487,1.369500126605276,3.012709197767239,4.246859133991393
1373916,2020-08-07 16:42:32,Lager,Bottles,HSR Layout,13,15.72294933305658,4.972007810247367,1.0687056863506958,5.824327372776615,54,6,1:0.32:0.27,1390,4591.064485875628,8.352131572503794,77.51285111301898,2.4268056774006834,4.1744477609509385,3.5455207155982658
1155490,2020-08-30 07:53:12,Pilsner,Kegs,Koramangala,10,16.202622061696147,4.753953072895997,1.0684282076011495,5.386233567857279,40,9,1:0.44:0.18,4743,5390.151113340574,8.562681908426981,84.3521380979513,4.952701379390326,4.815110774004539,1.4786675566469634
3838327,2020-10-08 01:27:27,Sour,Pints,Whitefield,12,22.353518941927867,5.144151077169548,1.0609214601121086,5.517374787607641,50,9,1:0.49:0.21,2290,2736.3092640966624,6.848587934200929,80.0957622492526,3.2322508092450386,1.8402743619095336,2.0665240747198874
6642042,2020-09-13 15:02:44,IPA,Kegs,Malleswaram,19,19.15825319128664,5.38324502170016,1.071929570056136,4.665320828061036,21,11,1:0.45:0.15,4016,6729.438507997999,9.71362447245918,77.88359437905358,3.3787406210089976,2.311881855913774,2.19830204771816
5722979,2020-08-19 00:44:07,Sour,Pints,Malleswaram,18,23.03894168105186,5.189901783950354,1.0609820066556372,5.9971434859284845,42,16,1:0.28:0.10,1656,2028.936615257564,9.1933312612563,82.37328278098192,2.502151806504465,4.562863109482835,3.7802220916551184
6553758,2020-09-14 03:57:56,Lager,Pints,Electronic City,17,17.952865014204573,4.969728616588854,1.049340259093245,5.111270269869452,43,11,1:0.31:0.19,3857,14236.003614953985,6.644303494639933,72.05985919531187,1.7877432723735964,3.658323410597266,2.315831033310313
9572793,2020-09-09 08:59:48,Porter,Kegs,Indiranagar,13,20.92602151575128,5.387912910065689,1.06832633925869,5.737830202057794,56,15,1:0.28:0.13,1905,6699.168585622041,7.784346622442623,70.64339435098486,4.3065243068484085,1.5235757346311098,4.462241118799761
9048310,2020-08-18 22:26:28,Porter,Kegs,Jayanagar,16,18.107296049988364,4.718907417819238,1.0525724556898388,4.6506861964851005,22,17,1:0.23:0.25,631,16257.71441625188,9.282182796049677,74.40571998607027,3.395260863966695,4.602911650440781,1.999105122700962
1093365,2020-09-02 10:41:22,Stout,Kegs,Whitefield,18,24.72126421283657,4.776111124683432,1.0591939186209487,5.412270002250356,53,14,1:0.47:0.13,3046,15214.16160080196,7.257861427438252,71.21905071647289,4.840249472649544,2.813434206586701,4.856656791782762
9031399,2020-10-08 22:16:48,Ale,Bottles,Electronic City,16,20.926442787871053,4.9117943291001485,1.0758168169112383,4.5176232772656055,53,17,1:0.24:0.22,1602,7094.932951108495,8.522501387160796,84.65508595017329,3.9981657983328023,4.9606586476008685,3.817748073549882
9142831,2020-10-10 23:26:08,Lager,Bottles,Jayanagar,12,17.108572427623294,4.680296046461146,1.0781263864001354,4.537706495238059,24,10,1:0.32:0.24,2406,9592.20817261732,8.956974989908922,85.4848130044755,4.113565250574716,2.9183963799141988,2.2008932264229286
7898663,2020-08-27 04:35:02,Lager,Cans,HSR Layout,16,15.100204828241344,5.328832463963005,1.0752730554074796,5.22685535201065,25,8,1:0.22:0.18,1866,11264.994084361178,7.937985776494046,77.84750240976335,1.6497555148695038,4.875348856590831,2.7796642851300017
9448292,2020-10-11 14:08:48,Ale,Bottles,Indiranagar,11,20.169043960282437,5.121162366794358,1.0641594881788876,4.68613806322844,57,16,1:0.34:0.16,879,13857.487771262526,7.968058851674211,76.55063942751357,2.4259717766667603,3.961235523642408,4.884387493942766
2043294,2020-09-14 19:13:58,Wheat Beer,Cans,Yelahanka,18,21.523979579658697,4.904360139783511,1.0454874409067074,4.663248445397167,35,16,1:0.33:0.28,3969,19031.632763542755,8.804121205711045,84.06156543498692,2.112223848231137,3.906477508787765,2.693776061982408
2891737,2020-09-25 22:09:45,IPA,Bottles,Electronic City,14,23.0161974964656,4.792217073672032,1.052502326313429,5.084570187597546,52,6,1:0.45:0.24,755,19837.918383945576,7.814901202242087,77.8919875538253,4.435282152465453,1.614046723672327,4.616799595797754
4224627,2020-08-13 11:05:26,Pilsner,Pints,Malleswaram,18,24.83694303568904,4.9279426907684,1.050737404792367,5.8876969503410095,52,5,1:0.25:0.20,723,8354.263144283132,7.264559548758646,80.00588098839079,3.471244162985147,4.378600634471557,2.012354663533612
752880,2020-09-12 06:11:30,Wheat Beer,Cans,Marathahalli,14,20.90584791577006,5.103303016191755,1.042670296913648,5.036025510659064,51,18,1:0.27:0.17,4270,5646.859267648267,8.647346650807142,81.09138941047523,4.3022303049938175,3.473515485111496,1.6213673716961703
9179429,2020-09-22 06:09:55,Lager,Cans,Jayanagar,17,15.300706355860685,5.421744524581582,1.034533041442668,4.749267022813173,50,13,1:0.41:0.21,3262,1717.0227221933008,6.822213104295058,72.90568215880091,3.584120657453046,2.386455094935004,2.4603744871083717
5577780,2020-09-20 09:45:16,Pilsner,Bottles,Whitefield,12,18.56694915153478,5.353544680225506,1.0306048544141648,5.3817797242375045,20,14,1:0.26:0.21,4287,15701.254334913976,7.482532993277006,74.92015816135755,2.3861681051391392,1.3495413740348985,3.419152454307575
2240726,2020-09-03 11:00:40,Ale,Pints,Whitefield,11,17.94385647848862,5.351841875879117,1.0728573899627043,4.969938072857407,25,11,1:0.45:0.20,3992,4417.031068974322,8.897528235996095,70.07044805987441,1.0555385285524133,3.3752860727610927,4.267808029748213
6326021,2020-08-28 23:22:57,Pilsner,Kegs,Indiranagar,14,18.34763563512491,5.44624349355649,1.0785932123359732,4.845979959873007,23,11,1:0.28:0.29,1226,11672.15739677673,7.209933180023919,73.62888638166207,1.282312053551092,3.623928215413048,4.213551712980114
1469576,2020-09-22 21:38:10,IPA,Bottles,Marathahalli,11,24.13755561260257,5.154299559286346,1.0559515805274655,5.9886149325727445,40,7,1:0.31:0.21,3983,13246.77158014813,8.40367832001852,76.31328566137579,4.816566113524702,2.718421475780467,4.7628904333685655
7859405,2020-08-19 18:43:49,Stout,Cans,Jayanagar,11,16.274921218801968,4.856392584051497,1.059332685278954,5.669344113240061,36,17,1:0.22:0.25,4136,12645.5698926146,9.720662756393962,71.3413194608321,1.8134334895650863,4.630032159221749,3.567968019095797
8281100,2020-08-26 17:48:32,Lager,Cans,HSR Layout,11,21.927087043109275,5.20590025021358,1.031254933265208,5.825834715518689,49,16,1:0.39:0.13,3903,4447.164231836869,8.55513015708797,82.05222686127544,3.824687805339202,3.708400675622837,3.159365172152821
4195942,2020-09-14 03:20:17,IPA,Cans,HSR Layout,19,22.960741734691776,4.758196300676623,1.0379992046726485,4.665583116502261,51,6,1:0.22:0.20,1077,14372.395658823723,9.899309096799318,88.22441066779955,4.302229781511521,3.781082735555148,1.4042383263691196
3094388,2020-09-10 06:05:11,IPA,Pints,HSR Layout,13,17.813439038318734,4.679102833309189,1.0355850646532576,5.581417864350935,37,11,1:0.27:0.25,2012,19558.62887324819,6.665744768976442,73.24936547631232,1.7913615195778547,4.702040186171198,1.1283275553355283
4532635,2020-09-07 16:00:18,Lager,Cans,Rajajinagar,15,17.000240127048595,5.128716843897755,1.0627114906403228,4.522503839843844,48,9,1:0.45:0.25,802,14103.7851434837,9.044719991273402,74.62704846917836,4.566750572366534,1.5243768373581197,1.1812409082900437
9563913,2020-10-04 08:33:50,Ale,Cans,Malleswaram,15,16.545501137111202,4.7704859161829685,1.0359033393669863,5.365116020873362,42,5,1:0.48:0.16,1931,18927.704076292262,7.211641999844538,77.58096790738156,1.6762679167521402,4.874942389467724,3.5833516455754104
2828627,2020-08-21 17:19:41,Lager,Bottles,Whitefield,10,17.536014404684323,5.144062001654542,1.0460812256646896,5.507724027421007,56,18,1:0.24:0.16,4596,9140.491476531515,9.970934288937997,86.35814380311999,3.192205040984279,1.4447194576055438,2.2087080383426128
7458053,2020-09-10 00:10:05,Porter,Bottles,Koramangala,11,24.575991479788648,5.491288767668712,1.050847644106426,5.001701797040443,42,16,1:0.43:0.28,536,10327.755425217923,9.506818786571383,86.69896556936379,1.2160011570923852,1.7856602380691196,1.4308218726999096
5071640,2020-09-14 09:54:24,Wheat Beer,Pints,Jayanagar,19,20.53686358802518,5.388860426054997,1.0659362607801577,5.570643912683083,48,15,1:0.44:0.23,4514,7706.398960640467,8.821613950412424,82.5650199868893,1.7203129870020415,2.4897237873571343,4.314693356229132
7868903,2020-10-16 05:54:20,Sour,Bottles,Marathahalli,17,18.56081717739375,4.780646655483322,1.0623362273698993,4.8627864010528645,29,7,1:0.23:0.29,3570,7325.004502654345,9.24606766239486,85.78721931425288,1.7648112035584562,3.129111061399052,4.297446342902466
4066328,2020-10-13 19:16:22,Ale,Bottles,Jayanagar,17,18.648817171604293,4.634292962681017,1.0499086764543664,4.893926308973539,24,15,1:0.27:0.17,4541,17582.394792853287,9.849082711052144,89.05520040618549,3.3158087725958265,4.442743489292715,4.095770472490495
9529049,2020-09-09 02:57:41,Lager,Kegs,Rajajinagar,13,18.313124922704556,4.518685913895776,1.058396541113226,5.343440337795482,59,7,1:0.30:0.27,786,9432.31620559753,7.032848617629543,82.72250575547265,3.123915235121258,4.607693549807838,1.2413569503076611
1666953,2020-10-07 18:14:52,IPA,Cans,Yelahanka,18,17.24219677853565,5.060784036368876,1.0635585671409808,4.613990648091186,48,13,1:0.42:0.24,3288,5583.037742955754,8.698000961954145,71.44667003608309,1.2745131376369292,3.911301310473381,4.788284097309161
6122486,2020-10-01 10:57:59,Stout,Cans,HSR Layout,15,20.364910169206475,4.9898519746073,1.0305042726137184,4.506955355484903,57,11,1:0.26:0.20,2977,7339.841590028917,9.17691830735822,84.42784696286681,1.4869522550123588,1.359709019968593,2.54766086933896
996615,2020-09-17 17:54:10,Ale,Kegs,Malleswaram,17,16.34318595938515,5.274090732482317,1.034184203091782,5.571161307913605,45,10,1:0.47:0.12,4773,14686.236945296789,8.496196911884041,76.83390218030242,4.771372577128297,2.5302479886156592,2.0789469798392823
8970128,2020-08-22 22:54:03,Ale,Pints,Malleswaram,19,18.81643527401973,5.433884311178735,1.0516545488469036,5.197841260743719,47,16,1:0.30:0.12,3500,9029.893167342108,8.108315829768072,71.53924471486744,1.5733647008605072,2.909622820570054,4.203781557236711
3652002,2020-08-27 07:19:13,Stout,Bottles,Jayanagar,18,24.365776354507464,4.509125391476955,1.0737335570304962,5.214964217036999,50,7,1:0.38:0.18,1286,6875.576700282621,8.148253119717712,83.70223805804801,2.789350689905231,1.091605247926072,1.9957862871324517
8525272,2020-08-21 19:58:02,Pilsner,Kegs,Electronic City,16,23.24953983153037,5.022810425634959,1.0429429968189712,4.8615797710955295,52,18,1:0.43:0.19,1945,4436.541564790594,7.723918352057646,76.94409924053112,2.226215500124636,2.9012004321779004,1.0720723276810058
3831836,2020-09-17 23:56:14,Porter,Bottles,Whitefield,10,19.992221069044707,4.782064859377097,1.065812776410345,5.809919283624268,23,14,1:0.49:0.30,1294,6627.080765305721,9.463661258163814,80.43602985777905,3.892091374483018,4.222105998802272,1.764187555669766
5098576,2020-08-31 19:18:03,Stout,Bottles,Indiranagar,18,18.43685819743925,5.022255819706806,1.0625740540536404,4.693012159332783,30,15,1:0.28:0.12,4828,1919.9705639996096,9.128575268846046,80.10436396225143,4.265177841351923,1.3896248416019317,4.503397398066792
2903224,2020-08-30 13:18:13,Sour,Kegs,Malleswaram,12,18.922970568078064,4.909896996957222,1.033530603486659,5.521052762200031,36,6,1:0.46:0.20,2137,7246.4909294478,8.469753856071733,83.20388303749219,4.824305362642081,4.77156383478919,2.7528502776968358
3654656,2020-10-17 21:54:31,Wheat Beer,Kegs,Whitefield,18,20.589411258080183,5.229557252879853,1.0413242885180083,4.508515180971656,38,10,1:0.38:0.19,4193,10028.932979483969,6.871597976733039,79.89898627466974,3.0274182055018195,1.590192040285694,4.414816965360669
7862996,2020-08-15 19:48:16,Ale,Cans,HSR Layout,19,18.25811843059201,5.205789300413223,1.054310908237434,5.373450805187472,57,9,1:0.47:0.11,2074,4450.681720014236,7.14794871717644,70.62433206355226,3.094254895872904,3.862058973815358,1.615733602308008
5978975,2020-09-12 23:00:34,Stout,Pints,Indiranagar,15,19.12899619659379,4.706182750409169,1.05481074972247,5.3734023659444,26,19,1:0.26:0.17,3560,13649.140982979445,6.348086808184164,89.19852712452976,3.3510077405435057,4.570937615879796,2.941822887337285
4318734,2020-10-16 21:20:01,Pilsner,Cans,HSR Layout,18,21.5321503652854,5.373113199619266,1.0347604712183816,5.192303883944596,20,16,1:0.25:0.12,4812,8286.904865135406,9.096903486926248,86.28404098600772,3.5900184606413346,4.3840667429032925,4.829364211690148
4379730,2020-08-26 00:49:25,Porter,Bottles,Yelahanka,10,15.98076015976361,5.41821721149628,1.0668846291927216,4.892170387367396,55,5,1:0.27:0.21,2848,1768.8416673564116,8.102400088170091,73.29211282452373,1.9507936537571224,1.7171081948682354,1.7737942806859293
5286071,2020-10-08 08:41:21,Ale,Cans,Marathahalli,10,21.98812813921176,5.402720192000063,1.0791650104697292,5.828704165111462,25,15,1:0.34:0.13,1882,1904.4660149510316,8.185775495098952,84.6999469880736,2.890591141676768,3.009105323066103,1.0940019910362184
570864,2020-09-19 01:05:22,Wheat Beer,Kegs,Malleswaram,18,22.966865219021056,5.05113191188018,1.0633414102241605,4.717197856593136,47,7,1:0.43:0.16,781,8536.418030831555,7.897796905197843,74.75618927122329,1.5938774057348328,4.78830193502256,2.1490773197718065
8341674,2020-08-10 16:20:24,Lager,Bottles,Whitefield,10,23.46558475716347,5.039283005814117,1.0505020265408946,5.354042180335992,35,9,1:0.25:0.26,1167,11926.718152727955,9.059611888089147,76.58625838234768,4.799024170984023,2.311927744413244,1.9029634596660905
806481,2020-09-22 04:07:58,Lager,Bottles,Jayanagar,13,22.769160390927095,4.505412840527483,1.0724257933961254,5.251570096560865,44,16,1:0.21:0.26,1721,9767.065813277915,7.061237597320519,74.1976093683704,1.8087168252885613,2.3145895120444147,2.9408026591661875
4845572,2020-09-10 05:44:19,Lager,Bottles,Marathahalli,10,15.601916916062097,4.680547174745644,1.058981588258611,5.841625923198835,21,19,1:0.23:0.20,634,12275.248012507232,7.33959977890076,75.12093659980646,1.3715477961978195,3.67243496452623,1.962211020258422
6990733,2020-10-12 04:42:58,Wheat Beer,Cans,Rajajinagar,17,22.004553452256424,5.36037084954872,1.053043053272824,5.738741310627608,52,18,1:0.40:0.15,3398,7390.30142121508,8.740303167967898,75.97288217827655,3.2457038503103366,4.795779586101945,4.82720371726719
8138383,2020-09-18 20:04:07,Pilsner,Kegs,Rajajinagar,17,17.879639486468623,5.233311044387319,1.0553414735204871,4.899507085623059,37,10,1:0.35:0.19,926,16934.16229158186,8.740302640210997,82.38534115753502,4.36446579727546,3.546084725360368,3.467561542957841
2378730,2020-08-10 04:20:30,Stout,Pints,Yelahanka,15,24.61486074095831,4.972009790148214,1.0612340226486463,4.689252802126068,32,7,1:0.31:0.21,3513,17690.884346567946,6.665797560620774,89.98042867247165,4.508893216080908,2.15093714115616,3.939623643861886
931906,2020-08-23 03:48:54,Ale,Kegs,Yelahanka,17,24.13286511254403,5.386986678527242,1.0792969461375908,5.12583137036076,41,16,1:0.29:0.17,1303,13876.35675081574,7.823010546817944,89.59861011190306,1.694227292031094,4.726370605418667,4.981977790381812
6397602,2020-09-17 01:42:30,IPA,Kegs,Whitefield,14,17.251765548899453,4.580573251192751,1.0453877900100057,4.704717295707386,34,9,1:0.36:0.14,2148,6660.08188447436,8.906674484909114,77.55642906255014,1.4621617894390138,1.559676738717373,2.4541248277093604
3276366,2020-10-07 06:21:25,Ale,Kegs,Koramangala,11,19.13602864004096,5.051805290572438,1.049723602665356,5.374048002738208,42,13,1:0.36:0.15,4167,18705.98335022573,7.857592448513388,81.0073838326486,2.533596953444255,4.166664167766092,2.781140659014692
2858290,2020-08-14 21:09:00,Lager,Pints,Rajajinagar,15,19.976217113371387,4.992391595062953,1.0531626994801844,4.648845005500196,55,15,1:0.30:0.25,4060,6524.397276618087,9.412932763171836,87.31056127539043,3.0325357202863867,4.170475693807663,1.2848690843460062
7422808,2020-09-10 08:44:21,Pilsner,Cans,Yelahanka,13,16.921250120833907,5.00251543560524,1.0325108703907662,5.207002178142415,22,9,1:0.27:0.27,1330,8974.138336499067,8.904684478200574,70.28663307705007,3.0482353862550235,2.2394261929395083,3.2072018393991364
9508443,2020-08-08 00:24:02,Pilsner,Cans,Malleswaram,10,18.372842702231797,5.350655005702563,1.068108299043162,5.988795435349583,46,5,1:0.20:0.20,1287,1004.5309836615208,9.343353983571902,79.83318925400043,1.354842390171072,4.639621538502235,3.546035445103506
8966223,2020-09-06 09:27:43,Sour,Bottles,Indiranagar,17,16.4787421471664,5.397491864622013,1.047805104723567,5.485979397064211,30,9,1:0.45:0.23,3399,4022.9226332953367,8.449405565471833,82.87569328012697,4.255295818923164,4.870422054733136,2.5007554827540583
4297905,2020-09-01 12:04:07,Ale,Pints,Whitefield,12,22.160311958454784,5.130895535153974,1.052291110453164,5.967720445115737,31,14,1:0.20:0.18,3726,2826.5383590755264,6.818360456985972,89.51399423628064,1.6658465978012549,3.841560483758032,1.4767073005071922
7040247,2020-10-03 18:27:17,Pilsner,Pints,Malleswaram,11,20.10669506991166,5.022351524307145,1.067425122747299,5.010933198313123,57,10,1:0.32:0.24,2382,19786.02656925056,6.19970376946597,79.73696100378531,2.352411945475276,1.0206778499257343,2.459136710024021
530228,2020-10-01 12:30:05,Ale,Cans,Koramangala,12,21.97208779906275,4.544172727281422,1.0794449454354889,4.8537459889672885,53,16,1:0.23:0.23,688,18721.32268474399,7.42367733844836,85.32103548956074,1.2337850194868776,2.0004949585868275,4.157755161155033
6993117,2020-08-12 18:21:41,Porter,Cans,Yelahanka,19,18.326349681276497,4.582565546771049,1.0302406063786094,4.7859779022223385,22,9,1:0.24:0.28,2630,15421.340369849424,8.607131543132162,83.28537776169557,1.8748313942947488,4.818258051238367,2.146741946723829
8436777,2020-08-25 20:46:31,Wheat Beer,Cans,Indiranagar,15,16.125198656122294,4.505496111916969,1.053291448325118,4.670679455318487,21,18,1:0.24:0.10,546,4394.620763089628,6.019326552376837,76.67386786499891,4.401301420275843,3.415501374276024,1.814254512224014
1599611,2020-10-08 18:10:37,Stout,Pints,Electronic City,17,15.986244122164203,5.148729369895175,1.0301326741716093,5.066677399703357,58,16,1:0.34:0.25,1620,19644.041447599644,6.232811136239214,78.5321224308743,3.5626329746534404,4.801773074683329,1.7806097018866949
1822727,2020-08-09 20:50:43,Pilsner,Kegs,Malleswaram,10,23.20989399782644,4.916446168664383,1.0797141528199043,5.270750583618485,42,10,1:0.27:0.16,4731,10498.776735426514,7.889329073818604,85.12525208514901,2.315468087400313,1.6444514717759642,3.529589630408015
6923060,2020-09-19 18:57:46,Lager,Kegs,Indiranagar,16,20.08162538578943,4.539227503709502,1.03683385795531,4.881629690547484,29,8,1:0.30:0.15,3916,10299.76773699456,6.844045807033451,77.13775925321707,3.7284591754021,3.170639064412516,2.8493234192630927
8644616,2020-09-06 02:57:07,Porter,Bottles,Rajajinagar,15,15.271819003937855,5.409015012744136,1.0471698404179293,5.325734752822247,40,6,1:0.49:0.16,1340,8522.702019446919,9.395880716815396,73.88758678095799,1.4384282659382777,2.977003182105753,4.752083745434707
6672449,2020-09-25 04:02:06,Pilsner,Cans,Indiranagar,11,18.878565933539107,4.648108738148539,1.0386667677647323,5.024691170648455,49,8,1:0.47:0.22,3365,3747.67070400987,6.88999663253671,85.99306182843313,4.727498097474477,1.1094528569269104,2.5395179975224456
6873222,2020-09-04 23:48:39,Sour,Cans,Whitefield,11,24.88749624234938,4.962720253587889,1.072568404875292,5.506060739620828,30,12,1:0.40:0.20,3835,11297.360308848734,8.352108885582048,75.5570117700843,2.4045234045305586,2.693434087538272,1.826913150864044
154484,2020-11-03 14:02:00,IPA,Pints,Yelahanka,13,19.014428384610707,4.803810523872478,1.048267282346274,4.869073067574472,56,7,1:0.39:0.23,2421,1138.3982383574123,8.099028544442024,88.32818106989839,4.153483247391973,2.290446870538745,3.269286067724678
5567615,2020-11-17 11:11:07,Sour,Bottles,Marathahalli,13,19.86097847385881,4.594124306029894,1.0340839652842062,5.808650773787133,52,16,1:0.38:0.17,994,8773.76812360932,9.477493969019086,72.1978072763265,4.972323458092178,1.079301559335092,2.670825158738231
2205314,2020-11-08 19:08:08,Pilsner,Pints,Rajajinagar,17,16.75447434881203,4.751912039724967,1.0312193158413048,4.5599809925600265,36,15,1:0.26:0.10,4236,14306.020751857171,8.745448229494134,74.88897079410577,4.612990830492679,2.6041157808825965,4.936747960916884
7915337,2020-11-07 17:25:34,Porter,Pints,Marathahalli,18,16.21194951855293,5.191603403821806,1.074765672026676,5.366113185285202,52,18,1:0.42:0.19,2599,2082.06995306362,9.716676935044022,80.23448272709632,3.04597817656021,4.212722440326743,1.1112162795627205
3906806,2020-12-17 23:55:20,Lager,Pints,Jayanagar,15,22.075120793377558,5.35087943877374,1.071379065253416,5.962657518206841,32,17,1:0.34:0.12,4336,13159.070636121178,7.584672446581679,85.11932324663954,2.443901762899227,1.978457427948125,3.816321919404429
5744532,2020-11-12 03:15:07,Porter,Pints,HSR Layout,14,22.25679055308529,5.151938850887723,1.0325947940234557,5.811752545480855,34,15,1:0.49:0.18,3981,4452.808835746046,9.734022938633498,88.0420817253258,2.933048849909487,4.015123898219068,1.443225850885236
420202,2020-11-19 18:44:59,Ale,Kegs,Marathahalli,18,20.94616720127264,5.375843667408843,1.0494012383941873,5.739443945192228,35,11,1:0.28:0.11,4236,8401.741649460972,7.531545691306261,75.65855055299815,4.73877554723668,1.4402976246284744,2.306632141337599
2268320,2020-12-22 20:58:27,Porter,Cans,Electronic City,10,20.966230775470777,5.087691875231459,1.0415039936332464,5.222830630128065,52,5,1:0.38:0.23,535,16742.25875537036,6.3325061066462585,87.62362310727124,4.778906717747189,1.994567807037196,1.530878255746198
8918656,2020-10-20 06:03:18,Porter,Pints,Koramangala,11,18.82623710267721,5.220485821993941,1.046567274559228,4.772033256657221,44,7,1:0.38:0.13,768,6788.100451957151,6.1934636434808255,80.04762513807232,4.662041940853104,4.797951286381671,2.221670032566194
4489608,2020-12-14 03:42:25,Stout,Kegs,Electronic City,10,16.70315656875375,5.060504031630606,1.0493743352599167,4.939217301903084,24,18,1:0.47:0.27,2357,5014.241686752592,7.95347292272551,87.37704841057813,4.931759290126911,3.856301461282542,4.214312439455533
5418763,2020-12-27 05:43:31,Sour,Cans,Indiranagar,11,21.93285775439026,4.808547546706597,1.0396272367933808,4.587233834204763,26,17,1:0.21:0.29,4047,3841.8479258203215,9.653570556643276,85.99514370782077,1.012049183506734,1.3628587113328066,4.24180352453061
3327455,2020-12-03 10:19:55,Wheat Beer,Bottles,Malleswaram,12,17.89321102154443,4.882946853629632,1.0760340508702213,4.703093708259152,52,8,1:0.45:0.16,4811,10871.556415451283,9.721000612790473,79.18242633232497,1.446432507117816,1.408580374911521,1.917606485208076
5292482,2020-11-21 23:08:09,Lager,Kegs,HSR Layout,13,15.304123971925437,4.720144232582497,1.070099870763467,4.914232682488168,53,16,1:0.35:0.16,4833,8056.274711857938,9.081042189070091,88.03175122125357,3.0812425199885163,4.464709098305797,4.48110232803245
3770610,2020-11-18 20:09:49,Lager,Bottles,Electronic City,13,18.86921004061309,5.355333400906223,1.0325950387912852,4.923782234106092,47,13,1:0.34:0.11,4162,16692.573909391547,7.459482067665441,76.21552644464829,2.7950602566377944,4.0858424782657,2.920286187212348
1453433,2020-11-03 09:27:42,IPA,Kegs,Jayanagar,13,16.22647604970206,4.9051065187853,1.0566356615356725,5.267639657560616,30,12,1:0.49:0.15,802,12578.62294673985,9.727644864566066,72.54996382118605,4.595707436338893,2.7312377899631457,4.687771224366012
3061254,2020-12-19 14:02:59,IPA,Cans,HSR Layout,10,19.543052394375007,4.6975066658932985,1.0749345910760266,5.3191617459669605,38,18,1:0.49:0.26,4117,3075.9520013634437,6.771639158686485,86.65404717212337,2.4054301396850994,1.8407378680808328,4.676275635142066
1066827,2020-10-31 06:52:28,Sour,Cans,Indiranagar,15,20.214109298835965,4.527943348500372,1.0440032178764775,4.796794476684196,27,10,1:0.27:0.24,4392,6202.955361395918,8.587306318623394,71.05237638484058,4.817418159318272,1.2256683810922024,3.5523066681721507
916258,2020-11-28 09:56:24,Pilsner,Cans,Whitefield,19,15.998949338604143,4.754338963782247,1.0339872871463411,4.822721782607574,32,5,1:0.39:0.24,2874,6799.268841081832,7.612096686002037,70.31913227389913,3.803886950757169,2.259922344087927,2.1507786065982395
798603,2020-11-07 20:39:00,Lager,Cans,Electronic City,12,20.142533155112545,5.236234507966316,1.068434428284237,5.935805930549153,59,19,1:0.20:0.14,1158,12937.779791296492,7.768977214326961,86.25394705946647,3.984141235458994,1.7747965120446798,1.931368836009741
2666979,2020-11-21 22:35:52,Wheat Beer,Bottles,Indiranagar,12,19.975160534020368,4.869663508441873,1.057075322582604,5.705518761299519,21,7,1:0.22:0.29,4330,6475.635481215047,8.299365904144612,72.09592375157682,4.295263778840473,4.195526116159478,3.692027561774782
1528163,2020-12-02 23:04:01,Stout,Pints,Electronic City,11,23.951283609967287,5.473378033111818,1.079350822388255,5.903135874149218,44,15,1:0.38:0.28,4637,17219.489056145605,6.805268094543994,70.1716417163962,2.786611304326182,1.9643957708050368,3.289151969956664
283143,2020-11-16 16:59:18,Wheat Beer,Pints,Indiranagar,16,23.237589601962025,5.031299860739112,1.075050730184527,5.419633074522225,54,14,1:0.30:0.28,3615,4596.987165811806,8.16681282190357,88.51072170770266,2.4975820490552545,3.868498972063692,3.819457728098957
4646589,2020-11-13 15:30:29,Ale,Pints,HSR Layout,15,20.3941788748228,4.846296004012415,1.043527228720555,5.115786008558087,21,14,1:0.27:0.12,3918,4415.063862261792,8.137148861954087,73.44121952836161,4.816167677236965,4.363805209792252,1.1635478550130165
9849418,2020-10-30 11:20:38,IPA,Bottles,Yelahanka,12,23.19764860827683,5.054806360510648,1.0619399290649163,5.140182908351096,20,8,1:0.49:0.20,2128,13156.182718422826,9.546783639620363,77.82122520773927,3.8594723221273446,1.25618784973119,3.2981324293586507
750835,2020-12-24 10:14:42,Pilsner,Bottles,Rajajinagar,18,22.23596169692976,4.921521447316758,1.030498075747868,5.892349393370999,43,19,1:0.45:0.24,1026,18481.220813303364,8.684007274954372,77.77126563072763,4.525877520857523,2.366938993596144,1.1474316890745362
1683960,2020-11-05 19:26:19,Ale,Bottles,Marathahalli,17,21.713689320313552,5.341509498076917,1.051114327078927,4.706096420394211,20,13,1:0.46:0.24,4402,10954.405682629642,9.6217260591875,86.28246062993077,1.7377714533124204,4.654886179809692,1.8169456299533056
8497134,2020-10-19 18:45:41,IPA,Bottles,Malleswaram,10,19.060071659296327,5.006582508696335,1.0393472844617802,5.935353760384148,53,13,1:0.39:0.21,4181,2530.4891722396314,6.395091732957996,72.08100517503148,3.00172627025728,2.619469197768395,4.604214474068145
3507655,2020-11-11 09:08:58,Ale,Pints,Malleswaram,13,21.67394398523995,5.431124887203675,1.0578484062121825,4.762919043916328,53,5,1:0.40:0.12,1708,9139.179528768014,9.294474668510825,79.12352887213439,4.649608604023287,4.8646609165848425,1.9339911516122557
3325232,2020-12-20 02:53:06,Sour,Kegs,Malleswaram,14,16.642157988512473,4.778574560939488,1.0389749636596657,5.113868405253074,31,7,1:0.37:0.15,781,17381.64073715249,9.927695838736266,70.23371419326719,2.9996147623947658,4.194883232145193,4.6055964376403935
2374871,2020-11-25 14:50:22,Wheat Beer,Pints,Rajajinagar,13,19.239996353088525,5.15301858023019,1.041383986718608,5.760564520886108,27,9,1:0.49:0.13,2372,4565.116412074131,9.909415232612831,86.21497291212248,4.831961377073327,4.108039065573492,2.7634398785204533
4810505,2020-10-31 04:18:47,Stout,Bottles,Rajajinagar,17,17.200898008328323,5.318597028272901,1.06416167855096,5.115608235986529,20,7,1:0.30:0.26,4976,10710.008651530465,6.951403881441974,73.38397495733406,3.3920232818255216,1.502311601209355,4.301403894853175
6523467,2020-11-26 04:08:02,Sour,Bottles,Malleswaram,10,16.63997100638741,5.176627159120336,1.0643336887209611,5.855285548039634,48,10,1:0.48:0.29,4927,3284.3321279933043,7.198084478339861,78.23029885711934,2.781150501222025,4.6111207730588415,3.617625319129368
1830436,2020-11-21 08:50:07,Sour,Bottles,Indiranagar,14,21.396568505585048,5.292228404038754,1.0778804012271004,4.521932716648422,45,11,1:0.36:0.11,883,4761.412949549771,8.566937298532537,85.09776097316346,2.883527997087768,3.702388627204914,3.300353610097617
1640774,2020-10-31 02:02:45,Sour,Bottles,Jayanagar,16,18.51437616745369,5.121406702910037,1.0455518564500237,4.981037500504672,28,17,1:0.41:0.13,2556,3363.9490660116708,8.133945126888806,85.7666460055295,1.5739490946051564,4.572492286614668,3.153851769708139
8364347,2020-11-14 11:37:40,Sour,Bottles,Yelahanka,15,19.26481887991284,4.861800799568044,1.0789279787421342,5.378583242836806,39,17,1:0.40:0.30,684,13671.62913964507,7.0171728661104495,79.54367390640303,4.711505943657963,4.19087613830268,1.4414090975489744
7875559,2020-12-20 23:50:26,Wheat Beer,Cans,Yelahanka,11,17.43360281559739,5.487763330575966,1.0430111662098145,4.86466492343999,26,13,1:0.28:0.26,4608,15933.421173472338,6.942648062423308,86.43850852545432,1.6132632797659792,3.9936888491127993,2.8201449475731226
4662119,2020-12-23 00:46:59,Wheat Beer,Bottles,Whitefield,12,16.452147816761514,5.441584518523048,1.0711167874425065,5.144007817528236,40,13,1:0.23:0.24,2607,8908.322598317412,9.430222315897796,81.22976367879711,1.6494595094148967,2.658720323475762,1.6961505163737836
9383245,2020-11-08 06:43:55,Pilsner,Bottles,Electronic City,15,16.901893328505352,4.92054873862965,1.0425327810569682,5.06068680858848,21,19,1:0.24:0.30,2599,2576.4053091271435,8.086072116588138,87.11461694249351,2.235070315688725,2.409273529062532,1.6968615885476903
3329204,2020-12-23 15:42:34,Stout,Bottles,Marathahalli,13,20.70108622120808,4.79307824829397,1.0459217875195068,5.573999957473981,56,13,1:0.27:0.21,593,3084.359788223842,7.217209834017607,89.7337103797303,3.9104464887428096,2.908009515441076,1.6008433294682949
3511335,2020-11-26 20:09:08,Wheat Beer,Cans,Whitefield,17,17.6072379292116,4.55493633404866,1.064141806404017,4.722601367477119,41,17,1:0.40:0.12,1737,16493.47235122422,6.556095799547704,88.25313469886595,4.765184992124263,4.8427802106692965,4.28859693068011
4959472,2020-12-08 00:00:08,IPA,Cans,Indiranagar,14,20.07545420339688,4.837260457611951,1.04881642422708,5.509757852127488,20,6,1:0.32:0.29,2374,10175.403145041806,7.467244615989702,75.33542188826578,2.9244810103684538,1.2378739984936926,1.9763750041562296
5212728,2020-10-25 13:59:51,Wheat Beer,Cans,Malleswaram,17,17.643193185348267,4.816066936749131,1.0330407933719197,4.627402683847022,46,11,1:0.40:0.25,4118,14166.271791190506,9.55287005166593,87.00604745070694,1.9545515559159288,1.2770745776318275,3.091704436121007
8954132,2020-11-24 06:03:42,Lager,Pints,Malleswaram,18,20.16621113833289,4.7273272299432,1.052961946285057,5.112177789898135,57,6,1:0.23:0.29,3478,4048.802846555088,9.391035536579194,86.92834809824953,2.2575963434712887,3.47750054887761,4.4549210168050015
2871337,2020-12-04 06:41:26,Ale,Pints,Yelahanka,16,22.733296577085984,4.578445542943636,1.0342370167140813,5.994973161351764,55,14,1:0.47:0.23,876,13083.698527711109,9.71809697448718,74.25629461512887,4.04555711810036,3.712469006831066,4.45325022291114
8563970,2020-12-02 09:54:55,Pilsner,Bottles,Whitefield,10,15.53590923519367,4.923886652740756,1.0778913948564464,5.970779701504925,20,5,1:0.44:0.21,737,16286.12316831671,7.380109874679537,85.46693466182481,4.097050326645336,3.404199904353911,1.396848468175763
8983772,2020-11-15 11:33:07,Wheat Beer,Pints,HSR Layout,12,22.94422923174101,5.363833597311479,1.0623909794195012,5.816735396336417,43,16,1:0.36:0.22,3357,2264.4402575107406,9.68949060493377,86.3236749893983,3.896326101348918,2.4980000645036,1.9040444223858168
5302498,2020-11-10 00:49:27,Lager,Pints,Marathahalli,11,24.66622716786249,5.328813389586271,1.0660458148276113,4.515644837418892,24,15,1:0.41:0.22,1739,6400.2392956610565,9.093948319800855,88.92221608686,3.673739852019433,4.683443715428554,1.3586448770378663
1742741,2020-12-04 22:52:45,Wheat Beer,Kegs,Marathahalli,14,15.485232731936016,4.655670334373507,1.0540813070638777,5.454143987796061,52,7,1:0.25:0.23,3445,16171.468420974345,6.596959810865672,74.52927109742322,2.4200550517231503,1.6280842462351286,4.496513706471658
185460,2020-10-31 22:42:48,Sour,Pints,HSR Layout,11,19.99992297824972,5.499794730370499,1.03674332114679,4.508158130183458,33,11,1:0.48:0.22,1250,9864.370078857915,8.827236923110842,85.71029097702639,4.53578385490664,1.7719803986300988,1.8660824962081295
6285017,2020-11-07 20:15:46,Pilsner,Pints,Yelahanka,12,20.56988397668185,4.99535168590627,1.057023794145166,5.922370018658609,59,17,1:0.22:0.16,2603,5370.774800386554,9.524560544161885,86.894363017958,2.6632600399776125,2.9775967935479324,2.1473536295028306
7127638,2020-11-26 03:30:15,Porter,Pints,Electronic City,16,20.750669171202027,4.5789764964494,1.036945763282625,4.544803703239786,20,14,1:0.37:0.18,4054,10656.2651603523,6.236390066205344,73.91914584090223,2.3893463608703502,2.767031886860816,4.071646286170026
5320223,2020-11-22 05:49:05,Lager,Cans,Koramangala,12,23.74013788501154,5.393374542157861,1.0743909989670533,5.761095459325127,55,5,1:0.26:0.21,2153,7092.24997772284,9.915690043151244,79.22167957494115,4.352517891640469,2.3825263250220847,2.93935260145246
9292363,2020-11-19 15:08:37,Stout,Pints,Yelahanka,13,19.81061575889036,4.649463365415049,1.0777102435595811,5.718866559387442,45,16,1:0.20:0.16,1053,2815.536122840487,8.714924958624906,70.37807619410427,2.997953289297108,1.4402322170634063,1.050503030352912
2974511,2020-12-16 10:28:35,Ale,Cans,Malleswaram,14,21.34203947450356,4.514342097636014,1.0680023729715793,5.602909325792062,20,6,1:0.48:0.13,4565,3576.569882255269,7.253939260018934,76.18641470333127,1.7457595494677878,3.7451867336717823,3.321558152280798
7674721,2020-11-02 21:12:17,Ale,Bottles,Koramangala,10,20.39320548466737,4.764753388873212,1.031869720335039,5.945615588221916,48,14,1:0.37:0.17,3098,2254.850729711905,8.550657368209915,80.19032480624091,3.258601183482607,2.326743159892753,3.914898714409916
1362742,2020-11-21 23:50:51,Sour,Kegs,Yelahanka,16,19.707385055419905,4.879201326639411,1.0365746849910158,4.584606101940901,22,15,1:0.42:0.14,2910,14288.88449603277,9.928374682515004,87.74417563046927,1.9569791271675816,4.137873551224639,1.5472490716932437
3275121,2020-11-26 10:14:33,Ale,Cans,Malleswaram,17,15.952669549970771,4.701405974783795,1.068214820095372,4.94757986773369,35,10,1:0.30:0.14,2805,11783.03127625849,8.180294364370834,86.82840880989015,3.1421021649142693,2.941781530664512,4.006016682496759
3590166,2020-12-28 07:08:46,Wheat Beer,Kegs,Jayanagar,19,24.681214923017336,5.033814603290782,1.0630149094480832,5.7812547776061045,45,8,1:0.34:0.23,2079,11880.628663938078,6.367057779963385,82.90837252258555,4.100337106586254,1.7097862884020811,1.6829138710928682
1898085,2020-12-25 20:31:01,Wheat Beer,Bottles,Whitefield,17,16.60587250316351,5.147332813370659,1.0587261491201811,5.475775739653082,46,12,1:0.26:0.30,761,4833.992360864169,8.571210204363235,72.07890744773596,2.5872487322019464,2.617608931991496,4.474683388917718
5475908,2020-11-21 03:00:22,Lager,Cans,Electronic City,15,18.974005432235582,4.666454778337842,1.0707674386428083,5.702341993687734,58,14,1:0.39:0.13,2706,18712.85018066125,9.929964243695125,78.07162923210475,2.310400144380298,2.271942442718672,4.267453201094151
4812996,2020-12-19 19:42:21,Lager,Bottles,Electronic City,18,18.05715832191145,4.6576443134103895,1.048964728467485,5.491549130496687,37,9,1:0.26:0.28,1964,14787.448274795988,8.653158749076209,84.84000979219408,2.1925399955833806,1.460163959237141,2.4661288308232563
5755804,2020-12-13 12:51:25,Stout,Kegs,HSR Layout,14,19.846647049491224,5.3637091317269,1.04057431977852,5.845506869940447,24,15,1:0.41:0.30,1212,14195.512756771255,9.434388874323451,77.88256231095058,2.2812758080888145,3.719694161848918,4.989545107585594
4056421,2020-11-29 19:59:06,IPA,Kegs,Malleswaram,13,24.94906994189492,5.39693814964798,1.074539308999001,5.185960273094441,27,17,1:0.23:0.19,829,11447.126402402071,7.251030280423665,70.70173695005856,4.948130912755894,1.0468005740303856,4.672886446100968
2406259,2020-11-04 02:41:32,Porter,Cans,Whitefield,11,21.89141546408612,5.2786834966129925,1.0557303396242577,5.667149567381459,26,16,1:0.30:0.19,517,5880.8553852891255,6.320718520271183,77.52731251961023,4.117321707950814,4.960828721478709,3.779307110684367
838655,2020-11-08 09:22:55,Ale,Bottles,Rajajinagar,10,17.997775174948504,5.136438460026465,1.057567350109588,5.082899182152627,58,16,1:0.31:0.12,3468,7922.563850668705,7.692062868881133,86.84584582738198,4.5630263270862645,3.5107000633277154,2.390441459317564
6642388,2020-11-02 23:50:32,Sour,Pints,HSR Layout,11,15.996059234181883,5.307821954265289,1.0640291597564824,5.343267833985767,49,19,1:0.36:0.14,3865,18749.800299137994,9.014518238490542,81.04637738481895,3.9129381962311274,2.5109743709290973,4.095915671720551
7743401,2020-11-30 01:36:43,IPA,Kegs,Electronic City,17,24.99347916535896,5.127055268192466,1.0376586255883946,5.339595284652564,43,9,1:0.26:0.29,1258,11682.393581902654,7.839303314451306,73.48862169677798,1.0521664602297889,4.739841177428322,4.3371506158128375
539198,2020-11-12 19:47:38,IPA,Kegs,HSR Layout,19,23.13255394923348,4.922342597025285,1.0648640528813045,4.873457359874096,28,10,1:0.25:0.23,2520,2790.6101020642327,7.674613932188809,75.38048950828978,4.717515599947001,3.2086951477766608,2.0854482416078306
8949186,2020-11-11 14:17:40,Sour,Pints,Koramangala,14,19.1022978769246,4.820133394916946,1.0784102007684782,5.606314996041861,20,12,1:0.30:0.23,1565,3506.942535890506,6.939776594597799,72.60447828618682,1.6487093459208833,2.485941992333132,4.481231380090245
3106641,2020-12-29 22:53:08,Sour,Pints,Koramangala,17,17.356652220644214,4.973042393285233,1.0654663309019166,5.874737270630085,33,5,1:0.48:0.18,894,17452.219046602993,9.649322949120323,73.04143688150225,4.93590428130733,1.3785435364917848,3.2322891227450565
5088090,2020-10-27 23:12:43,Pilsner,Bottles,Whitefield,16,20.48421243520218,5.486985673260125,1.0597567839963244,4.622284828030104,42,7,1:0.40:0.21,2499,2430.270295097393,7.889375867690844,75.33428172963951,1.5864698107189548,1.815104858950673,1.633307428838806
7525698,2020-11-24 22:45:10,Wheat Beer,Pints,Rajajinagar,10,20.819738598761376,4.73566895481999,1.061174808007812,4.5759973460664485,30,8,1:0.24:0.12,4370,1117.3011977163942,8.02434899578224,77.29186479563187,3.870064783826226,1.2798218924299425,3.920658704420235
3452790,2020-12-28 22:31:24,Lager,Bottles,Whitefield,14,15.681285025996644,5.040727606773781,1.05975029322562,4.955610664740321,20,15,1:0.24:0.19,3397,9473.681503660991,9.808001020709735,75.52773263969243,1.7364913500456876,4.082632092928172,1.9742659681494168
8416036,2020-11-07 03:16:04,IPA,Cans,Yelahanka,15,15.872899879741114,5.168711419185851,1.0575095997091173,5.224221584634889,32,17,1:0.25:0.23,3372,18899.403848402584,7.041500486428795,82.85919337875399,1.6848695356504702,3.686548114146914,4.823246384527973
6032500,2020-12-20 09:53:18,Pilsner,Bottles,Indiranagar,14,20.822262865783262,4.885926693521765,1.0696023041173552,5.054914889975856,29,8,1:0.21:0.28,1244,7068.169881375724,9.624868219938056,78.3439338507059,4.995608690872593,1.894405538849416,1.1641988030507648
3731971,2020-12-01 01:58:36,IPA,Kegs,Yelahanka,10,23.152477313867408,4.633752893942451,1.0406270719373478,5.266201306052515,27,17,1:0.44:0.11,834,2544.2370937473497,9.747831998876707,82.62818764353808,2.895451551546837,1.7861414578263988,3.5415374753988127
9943168,2020-10-22 18:35:36,Ale,Cans,Yelahanka,16,24.180737425475755,4.8452776589388575,1.0399411479556773,4.818910794044311,21,8,1:0.30:0.21,3863,2468.0506673061554,8.05197491991601,84.35179137061574,2.5965066623137503,1.4486565563175002,4.468864804291673
7020106,2020-12-04 04:25:49,Pilsner,Kegs,Marathahalli,11,21.417659474245152,5.432791584429757,1.074051090214871,5.362648672012164,35,12,1:0.27:0.13,3744,19751.43128377759,8.79494108135476,78.55897165273961,3.157335517487432,3.905239590225954,2.206951216111809
6316415,2020-11-22 05:28:03,IPA,Cans,Electronic City,12,21.99042318687229,5.0225650841920535,1.0373498166477757,5.837528555186752,20,8,1:0.28:0.20,1370,16185.027331192252,9.788672130714303,76.04295489319273,4.6103573304236765,4.661115994677367,2.318094843872077
1163757,2020-12-24 06:16:20,Lager,Bottles,Yelahanka,16,22.052345556585863,4.521786313515012,1.0468770417181712,5.108343030216085,43,15,1:0.38:0.10,4735,12716.406681489812,8.229760791007143,89.46485759027898,4.8892316177226505,3.5486812366846685,2.2767491757272382
9006744,2020-11-30 21:31:11,Sour,Cans,Jayanagar,11,21.32656152790302,5.294876644973538,1.0408779387623197,5.931243391138717,56,14,1:0.48:0.13,4543,5920.310216102192,7.6642281099101375,71.53377240193393,2.695217888607868,3.908691255792194,3.748992755243104
2761642,2020-10-22 06:51:06,Sour,Kegs,Whitefield,13,21.118007897338675,5.411288380005611,1.0386658169853298,5.107900562640454,31,10,1:0.20:0.18,1801,14032.687517225088,8.691005049485675,71.57258562073142,3.045013349821613,3.8828140820796815,2.9413327602518637
4429136,2020-11-04 07:23:48,Ale,Kegs,HSR Layout,18,20.73269699322333,5.284407566940675,1.071904572270678,5.851643788052677,29,6,1:0.20:0.27,2760,10686.714033828855,8.241151265561829,70.90064820407447,1.7551737778948704,1.0005354152832644,2.6617560202949564
6376689,2020-11-29 03:28:12,Sour,Pints,Marathahalli,14,17.22381898859197,4.650948088457193,1.034810988385672,4.584397274973656,49,13,1:0.26:0.16,3523,3430.191874167272,9.254601379589722,86.96061635056299,1.4824018552239142,3.9961432674800874,1.4420052479902037
8312941,2020-12-19 08:00:04,Sour,Bottles,Malleswaram,11,15.35419148328585,4.896400174471975,1.0725812390387994,4.668172072650316,41,11,1:0.33:0.18,3978,1112.96743246488,6.314700486457613,70.29584603399587,2.952223095245059,3.76961759257865,1.9822226841495836
7374827,2020-10-27 00:10:25,Sour,Cans,Electronic City,18,16.909407293869567,4.743725164527498,1.0304942265477512,5.846130880144284,38,7,1:0.39:0.12,558,2888.2018183124223,8.93874325942143,70.22534721091215,4.227997876646402,1.8418351509393556,2.919657462090344
2721687,2020-11-22 08:28:33,Sour,Bottles,Electronic City,15,21.66651033676147,5.333182133630552,1.056464886225989,4.558336931867206,54,15,1:0.35:0.28,4714,12691.509898533586,8.784635709989452,78.15260913781651,3.8115792428762,3.409893745295348,3.7631739907117057
2538084,2020-10-20 02:32:29,Stout,Kegs,Marathahalli,17,19.85210421188124,5.073159875393969,1.0637296899712507,5.903887353444581,56,17,1:0.41:0.13,4254,15482.751964434456,8.408049449648766,76.40386848499496,1.9663188405011185,3.0115609602856708,1.3726108840946072
5810335,2020-11-18 09:35:05,Stout,Kegs,HSR Layout,17,15.887470581273728,5.4909766742466,1.052074509620249,4.564269314777485,46,12,1:0.45:0.18,4287,16439.808840282312,6.07077193182737,72.10296443852539,4.617424032830109,1.4892884511528195,2.891310173502448
9394975,2020-11-13 12:57:52,Porter,Bottles,Marathahalli,18,24.23649007868496,4.636586430620566,1.064522517067351,5.64598678158305,52,19,1:0.25:0.15,3662,19945.27279486949,6.80349914365394,82.52116630178584,2.267291667773085,1.008169029193298,3.3669664682274667
6175382,2020-12-15 19:44:56,Sour,Bottles,Yelahanka,11,21.64986185066624,5.23168469835623,1.0539609473532032,5.494481856420031,35,19,1:0.42:0.28,1558,7995.104722116969,7.84011231367058,79.29760852618801,3.328497150424871,2.9556235337854035,1.320847918206503
2551837,2020-12-13 14:22:04,Lager,Kegs,Koramangala,12,17.5961399723188,5.348537376566852,1.0414585822034923,5.6435265820478016,57,13,1:0.40:0.16,2339,8479.077887004218,8.725593005070671,84.83578299057942,4.70427084065606,3.9440178980204608,2.905638533595366
5833906,2020-10-24 21:07:16,Pilsner,Pints,Malleswaram,11,19.973496863990576,4.730243161531609,1.077726080958448,5.636597887189102,31,12,1:0.27:0.29,976,18882.145543011506,7.76355908379626,76.06200911124365,1.0867848472220758,3.2384780327973783,3.9516972756252655
1784133,2020-11-06 23:33:48,Pilsner,Bottles,Electronic City,11,17.460139433490003,4.9837623708888135,1.0739184411915592,5.07324743751286,59,10,1:0.29:0.12,4625,9252.830895097584,6.2405320260694594,85.71026341884114,3.904548815461949,3.14193466413976,3.693056127870741
7115932,2020-12-20 19:36:42,Sour,Cans,Marathahalli,15,23.53789495653134,5.475094011021629,1.0419141881624416,5.0366476130375615,59,13,1:0.20:0.16,1238,3342.1603727574447,7.083666061162205,89.23341277060186,3.907832407807706,2.967973187518502,4.976861788994203
3155023,2020-10-21 23:23:36,Pilsner,Cans,Jayanagar,17,19.807071261034334,5.16426756223707,1.0708609340743669,4.629186779808232,31,15,1:0.28:0.24,4328,2777.021476734125,8.953988122307326,78.57376496285342,1.1299271080451012,4.508136392879887,2.9675843173057648
6822356,2020-12-01 19:16:09,IPA,Pints,Rajajinagar,14,21.331201776470422,5.108608085030225,1.0457092230084974,5.450614797146699,29,13,1:0.23:0.17,4110,19720.545979133065,9.288926194089225,87.10003956100658,4.613277851988894,1.9869289384421949,4.31202612511265
5797053,2020-11-18 03:11:58,Sour,Kegs,Whitefield,13,19.837499878269632,4.516065710741311,1.0394548470701517,5.717554841324837,32,11,1:0.40:0.29,2402,7176.818231056398,8.688378575808253,74.08975185497154,1.0373204998150345,1.8808117822120665,3.733739818734022
9073010,2020-12-07 06:04:32,Sour,Pints,HSR Layout,17,24.37000597455122,5.2337163210402124,1.0669940034886791,5.715113639480956,31,13,1:0.39:0.19,1118,1505.4235169706153,9.110924090854278,70.16229764168064,3.1345942125536417,4.592960398313517,1.2872924629628977
1821068,2020-11-17 00:27:39,Lager,Pints,HSR Layout,11,17.39600314693271,5.401996215291195,1.0377275099696368,4.924339484150305,32,19,1:0.34:0.23,3643,1648.6618983241938,6.843596260369829,85.9843593613367,3.436016914326254,1.576341414716647,3.898551373023006
4012488,2021-01-15 11:58:35,Lager,Bottles,Indiranagar,19,17.036050082801957,4.9883868780531095,1.035326309571173,4.758407679866922,34,14,1:0.48:0.22,4903,3281.4184284105368,8.518616174843581,74.79811256125105,3.1005423453859597,4.288118618769032,1.0745207859535029
6980306,2021-01-29 11:09:23,Wheat Beer,Bottles,Koramangala,18,20.27964827098671,4.5664691305530845,1.06091127775593,5.560904477547493,27,11,1:0.41:0.28,913,18900.102385558686,6.202711373263396,86.63600136137777,3.787200619985253,4.814480580891996,2.3927942207186605
6090133,2021-01-20 17:51:17,Lager,Bottles,Koramangala,11,20.36185445438516,5.332784722412136,1.0545875906291249,5.955194560933849,22,12,1:0.46:0.19,3646,18387.43215535156,9.08798739244325,83.86144032806632,1.5155894210265526,4.753624659800556,3.844429965370904
389172,2021-01-19 16:11:59,Stout,Bottles,Whitefield,17,17.775287408680548,5.036606961697476,1.0373407511846895,4.870416345128428,41,19,1:0.45:0.12,3642,7825.911499615546,9.222614603060247,77.78802269181531,4.06143024927056,3.010953097718182,3.348781011722673
1697121,2021-02-28 23:20:55,Stout,Kegs,Malleswaram,18,21.850653142657347,5.389433296737892,1.0561820207061214,5.034296985688105,20,10,1:0.48:0.19,2908,6804.760289889608,6.349323055288082,79.6883799702268,4.428732742147671,1.0858044665589677,1.501123948038812
323564,2021-01-24 03:40:32,Stout,Pints,Malleswaram,12,20.06139668772293,5.442141433938763,1.0696970984827745,5.180180745320738,27,6,1:0.24:0.14,4288,14282.284158077637,7.119237098048115,89.8961691105688,2.858608251571656,4.422259902437455,3.857853349011686
3604330,2021-01-31 18:58:08,Stout,Bottles,Jayanagar,10,24.59600781493493,4.997028426922955,1.0638820904653867,5.898160280620225,28,16,1:0.39:0.25,3481,7626.446409099463,6.955245895078176,78.95283421298748,1.0507694300602912,3.2024696381388207,3.45997246190625
7287356,2021-03-05 19:58:30,Lager,Kegs,Yelahanka,18,22.80938094801416,5.114027026005152,1.039098121270971,5.1362772627033735,54,11,1:0.36:0.12,4773,11317.242288609174,7.055142044642404,73.94160692009436,4.029049728951362,1.5047358425907549,4.61270529664655
3645971,2021-01-01 05:55:42,Porter,Bottles,Electronic City,11,20.313978029919628,5.488625771874453,1.0639275950037212,4.866389760999583,44,14,1:0.41:0.16,2710,16229.579429183572,7.4523782373069825,81.60397556950241,2.789134910872184,2.705131357257602,1.0254449427493038
8528590,2021-02-25 02:48:27,Wheat Beer,Pints,Whitefield,17,17.068143030323398,5.368425372629619,1.0719561835639602,5.525663887788362,27,10,1:0.32:0.25,1457,10723.14850134281,8.974997359791253,87.18202585573319,2.853132601781069,4.316199970022328,4.431697012884172
6391355,2021-03-10 03:41:48,Ale,Kegs,Electronic City,10,17.276861565434423,4.647019956766121,1.07252575169187,4.812901288336652,55,16,1:0.43:0.12,3022,4885.032636748443,7.56333842449199,81.75711363739856,4.087477811989027,2.4623002732008747,3.420419127496735
8352592,2021-02-14 10:35:39,Pilsner,Kegs,Malleswaram,19,23.340467962559995,4.817801829066905,1.0748338489072464,4.521342892690416,52,13,1:0.24:0.15,3551,7859.186005893568,9.659187458136948,78.32556448480914,3.677268822884524,3.626439547053099,1.8793849068149096
5210717,2021-02-02 23:09:17,IPA,Pints,HSR Layout,15,23.72465751834384,5.347759446770528,1.074720964669234,5.22169445004542,28,14,1:0.30:0.26,3868,19672.409862497152,7.954895483711021,86.39368635004209,4.340946896762029,4.124085407819495,1.677197030537719
4323734,2021-01-30 20:30:06,Sour,Pints,Electronic City,10,15.081620015613469,4.601057784858081,1.0520836408771908,5.388288940086964,50,18,1:0.38:0.25,2326,15232.140336955928,8.449954173944018,70.47312506412008,3.818833669938956,1.904264585335734,3.675690253676717
2105832,2021-01-15 07:22:42,Ale,Pints,Koramangala,19,23.017288434479187,4.667078351579987,1.075754800540319,5.373450361549372,54,6,1:0.45:0.18,3772,13473.201561455162,7.8846152211494385,80.33603155647408,1.6985066373842457,4.120645032223932,1.3454564542481195
5437042,2021-03-02 13:40:30,Wheat Beer,Kegs,Indiranagar,13,22.205960144367225,4.589555270438956,1.0340662819572544,5.909180558677744,42,19,1:0.47:0.27,2201,9480.303071653729,9.9277028787985,72.38955032219195,2.3762970754908794,3.590462008012662,4.56565326890488
1113131,2021-01-12 05:17:43,Sour,Kegs,HSR Layout,15,15.916888045606454,5.434162849316842,1.0669781878139446,5.297294407693165,58,13,1:0.34:0.24,1255,14340.744534562731,6.019463909066342,77.9825804761368,4.323888989349199,2.406856539111032,4.289262538661684
6143875,2021-02-09 10:22:13,Stout,Kegs,Yelahanka,10,20.498442855325983,5.122330961450521,1.0753118301153022,4.514624581676323,26,8,1:0.50:0.24,4433,14409.830406258978,9.630148119457145,87.50057428307355,2.7978575985780414,1.1533531929627865,1.7982611303820946
1166320,2021-01-19 19:40:18,Pilsner,Bottles,Electronic City,18,18.48174058447212,4.617451742329986,1.0493670674857725,5.972851228755507,38,13,1:0.31:0.23,3336,15397.56867985572,9.294026964306385,83.99074877495156,2.0867474266653474,4.413873509128849,2.5573792118492285
8385474,2021-02-02 22:41:19,Ale,Kegs,HSR Layout,18,15.74303299039835,5.341909102678674,1.062202242241738,5.786881607117536,32,13,1:0.47:0.21,3373,6154.726998546723,7.5149243557942835,87.80239282442919,2.321813624466862,1.2249580231147514,3.808406184285935
8173413,2021-02-13 23:11:15,Lager,Bottles,Rajajinagar,11,19.8289750787073,4.605716772269327,1.0431356685193365,5.818307474859777,58,6,1:0.43:0.18,1447,16477.91338886566,9.290157085885497,73.7450158833218,3.276130541132789,4.364587757682319,1.5519365816929906
5925200,2021-01-28 16:39:59,Porter,Kegs,Koramangala,12,22.278463528488096,4.731339066421516,1.03809533138345,4.8387752137801545,21,17,1:0.27:0.16,1676,11895.792356815668,6.618412834291,70.80509597415369,4.624906533154308,4.840294208252862,1.2245862766434752
3127792,2021-01-25 15:58:27,Stout,Kegs,Electronic City,11,17.09704691920762,4.787723305255012,1.071775321864797,5.592986094118358,31,19,1:0.35:0.10,4204,2677.9682082139107,8.73711422787486,85.75615344085452,2.4753351396960523,3.11759818291862,1.2893039737372023
5937353,2021-01-11 09:36:04,Stout,Kegs,Electronic City,15,16.38031133145531,4.735071534467722,1.064210601047343,5.035159324909219,55,10,1:0.29:0.17,4718,1748.5796754348828,6.271680153677606,76.6924716385749,4.194041250337785,2.9957884158247405,3.1373660409637667
2468953,2021-03-07 08:35:17,Ale,Kegs,Rajajinagar,12,16.13823703211011,4.912290722821871,1.0468374603474626,5.103452449171263,38,8,1:0.26:0.29,3384,6916.684016133548,7.3555899046849795,77.6042440140286,3.408608973978184,3.0704334012800043,2.103367053622776
5740974,2021-01-17 17:26:49,Stout,Kegs,Malleswaram,19,20.04808941863914,4.639123788288145,1.0426193888540085,4.918369401141021,39,15,1:0.31:0.20,3263,14580.371749979897,6.084607626897816,77.11528035510044,3.892227533207041,3.656686932964279,1.210418212601677
213054,2020-12-31 18:35:17,Stout,Pints,Rajajinagar,18,20.59130713899855,4.77468338228871,1.0348164354540577,5.618529351521916,24,10,1:0.29:0.16,1499,14785.403158342422,9.385478317220812,89.77200807392236,4.55522183660573,2.685639380746858,3.7218402732327167
628491,2021-01-23 09:13:26,Wheat Beer,Bottles,Yelahanka,12,17.60847482134693,4.9762789899731725,1.0380437313644315,5.311516628289787,45,10,1:0.30:0.24,3809,4963.578731598707,9.075667013281844,86.12332414500865,4.456865356191723,1.1032637215663366,1.4535732816191271
1096935,2021-03-03 02:23:27,Wheat Beer,Kegs,Indiranagar,19,24.63304795946642,5.036508317604286,1.074533138924585,5.308628491250076,23,9,1:0.26:0.10,1164,8152.370147286761,7.499833581911034,74.22602842603013,3.8089182590395367,3.43970555578913,3.8106292168670977
558481,2021-02-06 15:35:45,Sour,Bottles,Electronic City,14,24.90635622609986,5.105574602244191,1.0351861182447293,4.514629140909482,49,13,1:0.32:0.14,4747,14236.578541315892,7.043004460239293,84.45137522153162,2.608226835098827,2.0438407840745394,4.310511632848521
1381296,2021-01-12 02:40:07,Lager,Cans,Indiranagar,12,19.431914393634557,4.879393115545167,1.0732726753382735,5.398486704513876,34,6,1:0.21:0.13,1666,15748.142093137942,7.008922915855976,77.44383077518935,1.270281958001247,3.0519421584892483,4.457573141894304
9768797,2021-02-07 04:24:12,Lager,Bottles,Yelahanka,11,19.829805327902257,5.15143202833368,1.0368020442978183,5.26379302051777,58,15,1:0.43:0.25,4216,19539.832059396216,8.03484078662309,75.81194869127972,1.2304480579271644,2.818497443396246,3.7354097646255258
3188952,2021-02-02 09:12:36,Lager,Kegs,HSR Layout,17,21.67357483560407,4.520327847294609,1.0460497173560996,5.272411725448718,57,13,1:0.22:0.29,4367,19080.25446154176,8.04391207823575,73.04560528856038,1.9848294205437016,4.705110966727544,3.797070803545454
7583390,2021-01-12 00:26:50,Wheat Beer,Cans,Electronic City,13,24.092746579911072,5.283311970568648,1.039638445150903,5.676005796170178,40,13,1:0.23:0.24,864,15557.212151829926,6.950780757489207,70.76698945052918,2.3016166513104155,2.9676637385946623,4.108492476747727
5018098,2021-01-26 11:46:20,Pilsner,Kegs,Jayanagar,18,22.30078394781537,5.414474937005249,1.0325577557364407,5.129501915327058,53,17,1:0.45:0.13,506,3720.557537040442,6.464142983236188,73.37690378184668,2.147474836475319,1.5744501157856328,3.161080547962812
9498155,2021-03-03 22:54:13,Pilsner,Bottles,Whitefield,17,20.07881888470209,5.319263992430642,1.040345276173078,4.76394550495161,34,7,1:0.21:0.17,4195,11110.767927077406,6.123273671527751,71.61921980370826,4.407777931489456,4.819914846150093,1.4487061445558198
7915475,2021-03-05 23:41:56,Wheat Beer,Bottles,Whitefield,13,20.77877513487785,5.421567080175126,1.0527091382395728,4.993544633947049,31,16,1:0.41:0.25,3647,19451.40661592565,6.991593439842825,81.73269812721117,4.342072291170742,2.4835742292376244,4.7381157698268845
135382,2021-01-20 05:22:33,Porter,Bottles,Rajajinagar,14,24.60425738865777,4.510857499640631,1.0464021222974529,5.851881098393141,32,5,1:0.41:0.23,1026,18292.73555216768,9.666472607911173,83.61729694576772,1.401619712285228,3.1808668952100616,4.605348373750268
6322237,2021-03-06 14:46:16,Lager,Cans,Yelahanka,14,15.671823861334122,4.653349201905453,1.0684383066384542,5.4211164351491865,20,7,1:0.43:0.23,2552,14315.360994849643,6.420577964827043,87.42190069871404,1.557845123653398,1.602253083970998,1.2106966042394365
1614103,2021-02-07 20:19:15,Stout,Cans,Jayanagar,14,18.40759684296696,5.07001665725363,1.0757717267022744,5.297647610156338,39,15,1:0.43:0.13,1605,17399.925497514552,7.215319887139183,72.24181866780793,1.7210441439731925,3.505499683287033,3.3293079660249143
9328810,2021-02-18 23:08:22,Stout,Bottles,Rajajinagar,10,19.265991718193437,5.333526940649485,1.0410313272879226,4.566576429547756,27,8,1:0.31:0.17,1272,5059.664812224039,6.678885908499961,80.34956022659487,2.436710316109937,3.912784588294936,3.987081688793887
182039,2021-01-06 12:41:12,Stout,Cans,Marathahalli,16,17.721945838366807,4.628828672970171,1.066949068244175,5.120492407822589,50,18,1:0.43:0.29,975,5085.918479716492,8.285869514744736,76.85026550950292,4.638602268135907,3.684956858705788,2.7858420685988063
4059024,2021-02-05 06:31:59,Sour,Pints,Marathahalli,18,20.71170400735201,4.731261888232366,1.0319272866346028,5.305943898946888,26,13,1:0.28:0.21,4916,8415.455009166373,9.048659412115576,74.79306666042693,1.3528704486585763,1.218057901652298,2.4636525042155117
5781376,2021-02-15 06:58:10,Porter,Bottles,Electronic City,12,17.94686406234035,5.328323723072728,1.0354344649803884,4.872264893040067,35,19,1:0.30:0.14,1176,13503.699652690571,6.125328013641309,75.17816975763166,1.1802173039516433,4.398951014285351,2.339971802858614
4103079,2021-02-13 10:25:00,Lager,Pints,HSR Layout,18,19.12902128174929,4.810724093861611,1.0574673522639562,5.608526621285375,22,14,1:0.20:0.23,2673,17631.660457550977,6.512777202175229,70.81939971557149,1.24500515461067,2.591805366471087,2.0406302423811176
8923930,2021-01-27 11:47:37,Sour,Bottles,Yelahanka,17,24.96594068043613,4.692627918701512,1.0616060663853075,4.653612694862108,33,6,1:0.43:0.21,4334,14663.48917904353,9.3026429034087,77.28094228648519,3.3834448542514424,2.2268994079374784,2.302893528840665
4085885,2021-01-22 00:07:54,Sour,Cans,Yelahanka,12,16.774710731245356,5.073272156169933,1.0583411308725783,5.835558026221749,34,5,1:0.44:0.17,1296,15490.425071029673,6.247193077598778,71.79362213035917,4.953850855221921,4.646670262413069,4.166806019748973
6972190,2021-02-15 22:39:07,Wheat Beer,Kegs,Yelahanka,15,18.80475139579304,5.278821941888858,1.073390085408516,5.468217671032949,43,17,1:0.29:0.27,1005,8085.637872970047,8.32470756983386,85.92549971911087,3.877133925003742,4.982994238804981,1.9605862667814016
2995700,2021-01-12 20:40:16,Porter,Pints,Rajajinagar,16,24.35420962683189,4.744648915061493,1.05168213569722,5.291081739389631,47,8,1:0.32:0.28,776,19107.10617845564,7.399116782847571,89.25253872472362,2.433809677031853,4.8466888009785976,1.3016813620006422
650686,2021-01-19 19:05:11,Wheat Beer,Kegs,Whitefield,13,19.09320873766724,5.171567593185232,1.031042295820633,5.46009602353231,39,14,1:0.42:0.29,3800,14677.777476468522,6.013805002072592,70.56933450330365,3.3993706053008603,1.5976545077875248,2.6869069524723246
9430664,2021-02-07 03:47:57,Pilsner,Cans,Rajajinagar,13,24.701770638204547,5.44370094062571,1.0319052488849882,5.7904311638145884,50,11,1:0.39:0.18,4162,10154.685628936017,8.40409793385077,86.41190485961192,3.211066927204577,1.824630871926308,4.64787546354793
3256995,2021-02-03 06:02:22,Porter,Bottles,Indiranagar,13,21.90453151518785,4.793715871028979,1.033241232918973,4.618866546395177,21,14,1:0.20:0.29,4558,5028.651615803305,8.859518731275251,85.59941261979154,1.659120562003066,4.367387414582191,3.8895916496255
7834267,2021-01-31 15:27:12,IPA,Cans,Electronic City,15,18.460396768396773,4.502185890695959,1.061652584085231,4.696215134643734,34,18,1:0.33:0.15,4357,4297.22815124159,7.385180473346202,86.1554006724659,4.850821498128262,1.4726608808115644,4.944941100488393
6111731,2021-02-27 09:23:47,Pilsner,Pints,Jayanagar,14,16.588237729833274,5.380496506684974,1.0365256913802896,4.889663602399537,28,14,1:0.45:0.27,3408,4056.888673435703,8.771675795376142,73.30721748613561,2.5086922089762025,1.134586535812114,2.1418970935679877
6806006,2021-01-14 18:57:13,Stout,Pints,Whitefield,10,18.621357305316533,5.3213456865420445,1.0458909906870724,4.71569868321994,29,10,1:0.34:0.17,3614,1931.6651258138968,7.449302770363444,87.72901443997355,4.133544748489351,3.9215822920791568,1.214117853056647
6877736,2021-02-02 23:50:48,Pilsner,Cans,Malleswaram,17,18.462443319159675,5.474980943136987,1.0432202129796584,4.948951348742058,58,16,1:0.21:0.21,3208,2420.8230663329423,7.736057009643472,82.99657892293243,3.796834959956302,2.742744221623102,1.6462901414232944
2806836,2021-02-07 10:44:27,Stout,Pints,Electronic City,17,18.911704221028494,4.694438978286785,1.0470576310772737,5.328943130714974,20,13,1:0.22:0.17,3190,10896.860594396789,6.777276178949435,82.3796339823319,1.6983261649456003,3.352257396771817,3.86905677273766
6569817,2021-03-11 05:18:51,Pilsner,Kegs,Koramangala,11,20.676234821001778,4.744452079270763,1.079705519099305,5.300683593887707,44,7,1:0.21:0.28,2560,18457.62793965628,7.762550135650152,76.45457607550333,2.366591638542924,1.9038492707072368,2.1419714629788
5987300,2021-03-08 18:54:51,Wheat Beer,Pints,Koramangala,17,16.673543283383786,4.541167520027447,1.0352995134051524,4.690810930241852,25,17,1:0.46:0.23,3962,18638.022828579746,9.993267353935371,86.47644607109137,2.9858551020810613,3.76720848917197,3.841406763501375
8772519,2021-02-02 03:10:11,Stout,Kegs,Rajajinagar,12,18.557400797019817,5.146890996898609,1.0544349113547375,4.873418557444566,35,18,1:0.21:0.18,2835,7680.460452581453,6.8999435451616655,73.0590700421732,1.3739312512632886,3.124257313815487,3.702097661393204
9801358,2021-03-02 19:25:02,Wheat Beer,Pints,Jayanagar,15,16.76714596393728,4.537196881532602,1.0797208722542764,4.519486570194674,46,12,1:0.41:0.22,4433,15178.914200886593,6.986822186099756,73.6351305169146,3.913587208970382,3.611329041860207,1.0778505253437158
139329,2021-02-24 12:05:43,Wheat Beer,Cans,HSR Layout,15,24.6408198729134,5.032444961359475,1.069879654075999,4.541576175553621,52,9,1:0.43:0.11,633,5225.420341156909,9.947894234451592,75.06820508048939,3.437025622581965,2.681069705035988,2.5516797842992425
7580002,2021-02-10 19:26:22,Wheat Beer,Bottles,Yelahanka,14,22.74928572773154,4.786346172379387,1.0695293003531283,4.558293662836501,34,18,1:0.22:0.26,521,9923.998723455334,8.305346334917662,82.83884824923328,3.962281742198777,3.5396622453703617,4.717341400780864
6863713,2021-01-16 00:34:12,IPA,Cans,Koramangala,16,18.249146633747834,5.39998018232864,1.0487847296848545,4.956364296309179,52,12,1:0.41:0.28,1549,16488.2173167925,9.550358577221449,78.84375385021579,4.739377865660883,1.2572531714906603,2.9176767770628045
2081733,2021-01-20 07:59:49,Sour,Cans,Jayanagar,15,19.57011971025762,5.406097758592379,1.0763290638382434,5.047524056963315,32,11,1:0.26:0.13,4276,18814.19225125498,7.856257923722161,87.86447036241603,1.514802328660204,3.089505395406189,3.68253377743201
8243896,2021-01-14 21:45:57,Sour,Cans,Malleswaram,15,16.822391209845243,5.310532023186153,1.0512625099379598,4.590423260005766,48,14,1:0.48:0.24,2381,17490.024123843217,7.705233659059163,89.13351231255672,2.815125427445278,2.381886641524694,1.0030817075969196
6641722,2021-02-11 01:26:57,Lager,Pints,Electronic City,18,24.482879103822512,4.516233040469792,1.0432538933537376,5.892436963057208,39,9,1:0.29:0.16,3454,5284.769439815474,8.743567523978708,81.43584609148567,1.7977979121923418,4.397636350494251,1.0948706754613649
760324,2021-01-24 20:08:37,Lager,Pints,Electronic City,13,18.06856788986273,4.887797137519171,1.0569042607239316,5.452949941873044,48,13,1:0.35:0.15,2658,18726.42566574898,8.669865912242235,83.21742922815143,3.619172926431132,1.7150959830549213,4.997059214625224
3160665,2021-01-23 14:36:54,Porter,Kegs,Indiranagar,12,21.71081859487835,5.177084180866704,1.0569973266643171,5.454674333416532,55,8,1:0.27:0.22,3790,5443.081865148161,6.238763871142464,88.81412741406002,4.515065114046074,2.9759285055998186,1.556668704616797
2101483,2021-03-12 21:06:50,Sour,Cans,Rajajinagar,14,16.185808554192647,4.711587664381471,1.0583816965969648,4.87374389126859,56,12,1:0.21:0.10,4268,9728.302519427169,8.364091078589546,72.53501519929009,1.9212003295040376,3.65903424096893,1.929019723228015
4413172,2021-01-08 21:44:35,Porter,Bottles,Whitefield,10,15.842460947847112,5.4044043298101165,1.0496885924906103,5.611620207185608,38,15,1:0.22:0.23,3894,2174.6472004531806,9.62064255105901,86.75097398263196,1.3021912584835524,3.5614524724453407,4.02814441931036
9085067,2021-02-05 23:22:45,Sour,Bottles,Marathahalli,12,24.481079224931182,4.904545780324311,1.0479896554955428,5.024282267289879,23,17,1:0.48:0.24,1510,18734.903949571963,6.506079596604946,79.12812237675054,2.1634359199407243,3.023463014651992,1.2586968815050985
2824715,2021-03-11 21:06:13,IPA,Cans,Whitefield,16,24.655279091411263,4.719521050045835,1.0347293414134229,5.8182865027275135,55,13,1:0.46:0.18,3072,15185.512929355393,7.805340653270706,79.20855349525034,4.666892796566636,3.2560256643464727,2.2802332483427707
659364,2021-01-19 01:58:05,Lager,Cans,Jayanagar,17,24.38797634330288,4.775429765692727,1.0647379386933309,5.2833010420098825,30,19,1:0.42:0.26,4443,13992.381949361634,9.02284198981177,87.55357604373326,1.5439555179297648,3.748276517192536,4.469673376648653
4431263,2021-03-03 09:18:06,Sour,Bottles,Koramangala,17,20.768873898034204,5.097478768560976,1.076868969885011,5.639577019520731,31,19,1:0.24:0.26,2416,6773.800147606867,8.736464548335189,78.43274260402707,3.2781823362530087,3.243455006503988,4.661481093587783
469922,2021-02-12 01:57:27,Lager,Kegs,Whitefield,15,22.057560202167927,5.386119596675188,1.0569648908736071,5.46216424222866,33,13,1:0.48:0.20,3906,1559.6727564040543,8.343596527055977,76.71215948735635,4.432800158125167,1.7039567971644949,2.5201941152147627
7965696,2021-01-03 18:19:03,Ale,Kegs,Electronic City,18,20.241938187063937,5.010304751781913,1.0479036791647558,5.738974611367395,45,10,1:0.31:0.28,3813,12926.880461492105,6.477410202425831,79.20730444904966,3.886527661551031,1.391100544474163,2.9406009880421093
9638370,2021-02-15 04:43:48,Pilsner,Bottles,Rajajinagar,18,17.012283143673088,5.1923809373186005,1.0583619376153446,5.586801605271484,22,18,1:0.30:0.20,2968,13108.8194829434,9.334152222300991,76.66075950869491,3.0741550384416927,1.4775375620057658,2.61980795594691
7481269,2021-02-03 05:39:41,Ale,Cans,Koramangala,10,20.38409153283772,5.165655271193748,1.0553498540127493,4.832792364928924,51,5,1:0.45:0.11,4192,9425.271666592678,9.425887400660336,76.24776535078979,3.5180631174200987,1.3840617142111205,2.723797113971004
7955298,2021-03-07 04:44:38,Lager,Pints,Jayanagar,18,15.43756226985209,5.332498238436384,1.0640972203672714,4.683047579013321,55,10,1:0.47:0.16,593,1235.454314657447,6.926026876785349,80.33813787442936,3.5924793567152347,2.4629517258196065,1.397979428121134
8111295,2021-02-11 21:13:28,Pilsner,Bottles,Marathahalli,12,18.939738725289857,4.693149414080308,1.0472856231561198,5.254858093121047,50,17,1:0.42:0.26,963,3525.974164816836,7.272816593554204,83.18432556556677,3.800334910973092,3.034463548465058,4.875902457212355
6553932,2021-01-03 06:36:50,Sour,Kegs,Jayanagar,13,20.548023675928064,4.520071811463318,1.0362828642286617,4.783642009626126,52,8,1:0.30:0.24,4031,11202.538505063085,6.412163994125649,78.03746604852942,4.084288388348,1.7122782001523036,4.22805324438518
9996138,2021-01-16 05:22:54,Porter,Cans,HSR Layout,10,21.151487118842567,4.90998354486394,1.0778146138561793,5.88628736850578,51,6,1:0.39:0.28,1128,10342.081898541435,8.285757594445734,83.86227656582614,1.064309809463591,1.8410590640494169,1.1862950423530352
6799230,2021-02-10 03:06:21,Wheat Beer,Kegs,Jayanagar,18,19.946244040439705,5.129106705519799,1.051349971902799,5.327561536425321,51,6,1:0.27:0.28,1551,10242.746572037682,6.169184781213099,84.26311568510862,3.393668955426046,3.049319900561427,1.0733184200723835
3303582,2021-03-02 07:27:49,Ale,Pints,Rajajinagar,17,17.754447344609407,5.455488682024783,1.039088092415028,4.982655625193003,54,18,1:0.31:0.24,824,7162.821760268642,7.453967990472748,72.62808639378994,3.087712080241726,1.5107876365836206,1.613200602725657
7738592,2021-01-07 22:55:10,Sour,Pints,Indiranagar,15,23.77826929618877,4.5590986447907,1.055989782034211,4.704607584294288,28,15,1:0.31:0.22,1011,14779.274662734984,6.664569997445183,71.4873695280356,1.1796068339511965,1.1676653540215731,4.910828114453313
7281989,2021-02-03 08:48:43,Porter,Cans,Koramangala,15,21.555196626186365,4.650116670283991,1.068603731107991,5.408401568339156,22,8,1:0.46:0.23,2334,3056.2144182178813,6.997226864580111,80.53681827388792,3.2924905441582704,2.5919769109782904,4.09335900708979
73505,2021-01-01 02:35:23,Wheat Beer,Kegs,Jayanagar,15,19.590854119215013,5.154771697419488,1.060767455530986,5.953491929752047,28,5,1:0.22:0.27,928,18164.94517908029,6.011103000605777,74.35320145663492,4.888222355974233,1.6432667161332266,2.6890915381333813
2597466,2021-01-30 09:27:57,Porter,Cans,Rajajinagar,11,20.97614008659015,4.849041240816418,1.067995418268085,4.979031581706146,46,7,1:0.43:0.23,1768,14111.125435341475,7.506782322499863,84.59963314497988,3.340421893394082,2.151071377265182,4.798299633196278
1391356,2021-01-25 13:17:30,Lager,Kegs,Indiranagar,16,16.035515268418866,4.564182863003244,1.0364391643115316,5.356910340773884,58,9,1:0.30:0.12,4271,18927.76648316008,6.976817593915857,78.57313677286999,4.040568562780741,1.5230843389949262,1.4848349338332296
3645826,2021-02-26 19:13:36,Stout,Bottles,Marathahalli,17,19.931483395809156,4.993605087701628,1.0718609669230863,5.988716514926772,49,13,1:0.40:0.26,2384,19650.400195670485,9.741809645201707,76.97674288426528,2.025802769309331,2.436120174985542,1.9216599000422376
7254500,2021-02-24 13:34:33,Lager,Pints,Rajajinagar,11,15.392836565222236,4.522876190631227,1.0469728880044538,4.85027670518414,48,15,1:0.21:0.20,911,19774.63189791562,6.118057705837981,71.82814198123289,1.4784966249141736,4.929035497893503,2.854055242326162
4339858,2021-01-05 19:53:09,Wheat Beer,Kegs,Marathahalli,16,15.824221942827704,5.017135923460626,1.0461125691053856,4.861600624367698,26,17,1:0.43:0.29,2615,5849.110388621759,7.327898701427287,78.58365774925072,3.305264051234614,1.4105341224996892,1.4898221759293802
2191116,2021-01-18 22:04:20,Wheat Beer,Cans,Koramangala,17,20.615171327294988,5.432891423424694,1.0675137992823054,5.519378535442112,48,10,1:0.35:0.17,2466,10895.721075965468,8.821928809719402,85.80199342484585,3.1694342942735934,3.852734332662577,3.9012214775321112
5438806,2021-03-03 18:42:56,Wheat Beer,Pints,Marathahalli,14,17.8648441595656,4.693222280982849,1.0740264290858028,5.988810979234314,25,8,1:0.41:0.23,2732,4243.855814856968,9.7854449969936,88.16666111178148,4.216869099623164,2.3905439783672837,4.109074150194809
9913181,2021-01-02 23:16:35,Porter,Pints,Marathahalli,10,24.975280001189105,4.558711104820787,1.0590074368768914,5.1319031644864745,24,14,1:0.48:0.29,2126,11843.566042250735,9.703151067362205,74.50720099317347,4.073176160177628,3.224029153593045,4.17030347775813
9509210,2021-02-12 19:25:17,Pilsner,Bottles,Electronic City,11,16.84379405527844,4.66348806448957,1.034787340830832,5.432343778874026,27,5,1:0.43:0.20,1752,3165.567226053502,6.649557369125619,71.71215887200937,3.891419756307597,4.273219470452878,1.8643893900806967
1082900,2021-01-30 02:55:12,Lager,Bottles,Jayanagar,14,16.857833272411895,4.83955667928065,1.0445107725703846,5.840747223976507,37,12,1:0.31:0.15,3844,3861.889849023088,8.16463510355814,71.80814437442027,4.193372973464518,2.7907987700532204,3.638912631882699
4458227,2021-02-18 04:58:31,Wheat Beer,Cans,Malleswaram,13,23.29722805232389,4.888687290921255,1.0761082382977472,4.730185114028794,41,17,1:0.48:0.14,4008,1435.976323592458,9.859445590232118,89.77453441126926,2.1548977498868758,4.815780473173758,3.5015385444998244
8227641,2021-01-29 00:11:11,Wheat Beer,Bottles,Malleswaram,13,21.28901898196908,5.257895041539483,1.0630990515825152,4.838704342735711,31,18,1:0.25:0.29,3685,19688.436631036777,7.121813143225823,85.07536760225027,1.332363412680984,1.6798431368352729,4.353431108465088
1225326,2021-03-29 11:02:16,IPA,Pints,HSR Layout,10,15.846714400044757,4.516155840052725,1.0634452048306011,4.777763560321539,45,12,1:0.27:0.14,2515,6758.23826794945,6.529902207802206,84.60008125368998,3.960192327706572,2.8034153321305038,3.843511496314823
2029391,2021-04-12 09:57:06,Pilsner,Bottles,Yelahanka,11,19.868178419741195,4.624748535842121,1.0439133057898062,5.743790315562404,24,16,1:0.43:0.20,3339,18157.24952533047,8.958140679872539,85.64580629421619,4.916883365860949,3.69116634068163,2.9234577443908463
9450622,2021-04-03 17:45:30,Ale,Bottles,Malleswaram,11,23.636132971901983,5.132113519434644,1.0509764272873834,4.6032454393077735,25,18,1:0.47:0.26,643,17154.766769450453,8.352792667215855,73.00632080210826,1.5641015242164031,1.5478748691122246,2.284592509395531
4018623,2021-04-02 15:55:15,Stout,Cans,Rajajinagar,10,23.32288699474174,5.321418141661359,1.0409828238465613,5.753954191817334,44,10,1:0.49:0.29,1961,5761.116860952346,7.585976957452338,76.01610814431484,2.045263319280893,1.6071481808446144,3.158324245170107
1045191,2021-05-12 23:52:35,Stout,Bottles,Indiranagar,16,20.56411508671907,5.352678477472067,1.0357191362259397,4.597486857301989,40,10,1:0.24:0.30,2436,4279.352830262413,6.718632856558345,80.30445701378896,2.0720517480742693,4.959757097028895,1.0558612334076316
4979980,2021-04-07 02:50:13,Pilsner,Cans,Indiranagar,12,17.677507965681002,4.675763947589097,1.033785971999303,4.973674091369999,22,18,1:0.25:0.19,2489,15843.189044218308,6.322756292940602,80.45646216311457,1.3885805331728074,2.109929961018451,3.18979400150981
9892025,2021-04-14 18:22:25,Lager,Pints,Malleswaram,18,15.703686813827517,5.453150829538436,1.0595861210182391,5.8188316191892895,37,17,1:0.45:0.27,1888,11907.499945408345,8.170946512723425,83.04089903633523,1.3123449855880418,1.7791904889051686,1.174589139201311
5520051,2021-05-17 20:54:29,IPA,Bottles,Indiranagar,17,23.229094219995343,5.354865399926718,1.0528682463942298,4.682171707225665,29,16,1:0.44:0.27,2088,17969.556637450856,9.868362803676735,71.97564408231676,2.1304993945212995,4.06898953288224,2.47601518845692
5328998,2021-03-15 06:12:32,Porter,Kegs,Electronic City,11,16.554791806636096,5.47821364668741,1.0402451383776776,4.596644214212004,27,8,1:0.37:0.17,1504,4382.599876448676,6.801597736137305,81.39734861592846,3.1610856844704838,4.860494500573765,4.264484382018287
7492044,2021-05-09 02:09:19,Pilsner,Bottles,Yelahanka,19,24.36944955738541,5.283057992536054,1.0445007680805451,4.857714818560246,54,14,1:0.34:0.16,2956,17906.41127492001,6.546773923370618,71.95801774820038,3.618047837388025,1.8734103861195648,1.290703091847353
3198103,2021-05-22 05:52:00,Wheat Beer,Cans,Electronic City,18,22.517839689578956,5.023150898628963,1.0560239421703237,4.5453544928210725,41,16,1:0.36:0.18,4918,17560.270170866726,9.920150939360308,80.79594874820391,1.3785917006844777,3.043953606643373,3.1035781233554345
1149129,2021-04-28 08:40:52,Sour,Pints,Malleswaram,11,17.5650694582319,5.215862663342496,1.0692856256128036,4.608968358107783,41,7,1:0.33:0.18,1598,9883.13996610067,7.309402108407013,71.53066183912786,2.98360902023147,2.1782481918708734,4.998822592125237
3458127,2021-04-16 22:21:26,Ale,Cans,Malleswaram,16,22.31767892544961,5.201204679842265,1.0535784042363043,4.907896252460791,46,16,1:0.21:0.18,1464,15269.975316259017,6.000495292975497,76.2245140003323,1.3910224379792129,1.1816273585255206,3.469653609534616
7125882,2021-04-13 19:50:25,IPA,Pints,Indiranagar,11,15.944892852275212,5.032345881131911,1.0421951474015343,5.197266822765372,52,9,1:0.46:0.27,2402,2682.217426597602,6.84309137926482,71.26444248545786,4.304256230793605,4.700945306017959,2.782045646595129
8141227,2021-03-29 06:20:11,Ale,Cans,Indiranagar,15,17.355873886145766,5.041401549231919,1.0669105049312768,5.263145673293441,27,14,1:0.49:0.23,3199,2657.871149373213,7.759726375313034,78.59286321239513,1.1037561304408214,1.3661206582464676,3.726769148341012
2391664,2021-05-14 13:46:30,Wheat Beer,Pints,Electronic City,12,17.315319811901656,5.300483423370159,1.0773502651936435,5.481837834370877,51,19,1:0.31:0.22,1540,11096.400546633617,8.187815405253895,72.66471952214708,1.634269912323025,1.4522346811434264,4.265207379550277
8593064,2021-03-26 04:03:59,Porter,Pints,Rajajinagar,14,23.974899258412275,4.621274003734329,1.0799368959180229,4.924739472899397,58,13,1:0.22:0.20,2174,10187.214801140326,8.39393037164328,74.46270575996061,1.526296475172103,2.352184204463736,2.262353231831249
6169304,2021-04-23 07:08:45,Pilsner,Bottles,Whitefield,11,16.18534113103479,5.410498241783279,1.0616171115344255,4.81692452961668,54,10,1:0.29:0.11,4622,11420.895985554424,9.601397544147886,88.3973345992991,2.5061379368169217,1.905589159657296,3.4780494424435684
684868,2021-04-02 19:22:14,IPA,Kegs,Electronic City,15,15.568324002936023,4.733601971741725,1.05247962954103,5.326057673768475,54,13,1:0.40:0.25,1235,12587.265963977126,6.042110169501773,80.26719118125521,3.661091337068023,4.446678553247518,1.6355462620630314
3388234,2021-04-16 21:48:54,Wheat Beer,Bottles,Yelahanka,12,18.833715630051472,4.881404285875084,1.070205881476467,4.53396024656235,28,8,1:0.43:0.13,1257,14998.17808055364,7.486410709653949,77.06023505635679,4.810877097799706,2.2550060225638395,1.0941645706311005
7466800,2021-04-27 21:21:25,Wheat Beer,Kegs,Indiranagar,19,20.818984386322363,5.233715462018547,1.0664619502213095,5.064072686988261,23,15,1:0.45:0.19,4998,7548.76935456836,8.682465356551537,76.98461789496686,3.551301799698419,4.207926257735544,4.993188668818444
8504013,2021-04-11 15:47:15,Sour,Cans,Indiranagar,17,21.403913530224703,5.023316150784267,1.0348930075999918,5.401131407877729,47,16,1:0.22:0.19,2723,4621.826473423707,9.80351925807853,77.14781261550966,2.552555523826519,2.355871150147919,2.5255050311964338
6821534,2021-04-08 14:53:04,Porter,Bottles,Whitefield,12,17.97736015615216,5.453933049494479,1.0407822485305362,5.255835684581674,37,11,1:0.40:0.17,3212,5533.90435076582,8.83291981675859,82.3256683257642,2.186207084451112,4.183637891254545,2.4808464462646795
7552622,2021-03-25 08:02:58,IPA,Pints,Whitefield,19,15.030266524659291,5.348145386091253,1.0716692012196651,5.171536611000644,47,9,1:0.43:0.14,2262,13719.981699223335,9.697197726542822,83.83158135731699,1.3755195280826733,1.2514206116682498,1.8135786984951032
3729379,2021-05-19 09:21:51,Wheat Beer,Bottles,Malleswaram,16,18.480927799315356,4.844005240544913,1.0716812828576625,5.433725777708061,20,15,1:0.42:0.21,4028,15169.19755731246,7.699332811897939,80.4933683590352,4.287100379688706,3.155576336234119,2.7441462843512543
4257507,2021-03-31 17:06:04,Pilsner,Cans,Marathahalli,19,23.828906230752665,4.900019975534783,1.0428849068131458,5.267165098545981,51,16,1:0.37:0.21,2163,1599.242796492054,7.018538427640488,71.76413199393708,4.270948529362735,2.370216566032324,4.022530020281707
2431024,2021-03-14 18:45:38,Porter,Bottles,HSR Layout,18,21.037904468415256,5.111513104179114,1.0660732978919665,5.163011287116043,23,13,1:0.32:0.28,2420,15896.865571351062,9.224756352505002,85.00088507068281,2.381360506190501,2.4002006595431897,1.0530106300292337
6447126,2021-04-06 08:27:59,Pilsner,Pints,Whitefield,18,24.912494064077684,4.826767779613751,1.0426166274907007,5.437633380407577,55,6,1:0.43:0.22,2590,10203.377825242556,6.81462835029477,73.87659723349553,2.3757883140535068,2.448340223447355,4.203027587733328
786245,2021-05-15 02:29:22,Lager,Kegs,Yelahanka,16,18.44679111956862,4.868171976051835,1.0306435041194828,5.291241600261468,28,13,1:0.30:0.25,2221,19965.856637462377,7.959786856345845,85.65890418984274,4.95192481088624,3.9003545201117,2.5006459909981062
8533822,2021-04-20 12:50:24,Lager,Cans,Marathahalli,11,19.043901050602244,4.902167561196292,1.0738573445270267,5.730116403127688,36,8,1:0.28:0.28,2752,4266.684248991249,9.444778118777746,80.06844046928457,1.0403727963749962,2.391235314925612,4.435488138390241
2887780,2021-03-26 01:27:41,IPA,Pints,Electronic City,18,21.84899059442875,5.226269535130229,1.0351617812476732,4.730065411782808,47,6,1:0.39:0.18,4509,1420.3868255728694,8.266883491857868,82.09887676505225,3.195738475167957,2.8267864730599763,4.021086000991685
3962830,2021-04-21 01:53:01,Porter,Pints,Marathahalli,16,24.581120657583867,4.86403436909433,1.0691281282079612,4.8304302948401165,51,17,1:0.37:0.21,697,6869.487337225436,8.558929366206819,82.2448720290911,4.9278717085471,1.912077403509071,4.227311553621114
1217222,2021-04-16 07:55:28,IPA,Bottles,Whitefield,16,16.108762124149948,4.859581607945365,1.0697977738991655,5.973560857333728,29,9,1:0.23:0.21,3246,9992.596373660586,9.281759752491316,73.06453678862286,3.1225836812479573,4.372055523240486,2.3514296378756754
157372,2021-03-25 23:06:55,Pilsner,Pints,Whitefield,19,16.91688120162605,5.394150419189795,1.0592331165709818,4.860002509110191,37,19,1:0.38:0.19,4153,14606.629970933263,8.06013421859264,78.58784955455424,1.1435106115692846,1.1334010540283406,3.8449109133730746
5595743,2021-04-09 10:53:37,Lager,Kegs,Malleswaram,11,22.989609879942165,4.831252809698661,1.0482714083528746,4.717384451124805,26,18,1:0.24:0.19,4370,19346.20575906536,7.451319888694586,74.45349441176444,2.475056156353588,4.769989816109668,1.7441771312305443
5587014,2021-05-15 23:16:45,Wheat Beer,Bottles,Marathahalli,15,19.52029655316842,5.4560146364365325,1.0688306694324785,4.7101363818103685,20,16,1:0.23:0.17,978,19558.425485957952,8.535230967744065,75.55315224941532,3.515922090666433,3.108127262980169,4.778525219163678
3692510,2021-05-18 00:41:34,Lager,Bottles,Whitefield,16,22.421251447626272,4.528995738015465,1.0507521242966338,5.008215386448019,43,7,1:0.46:0.17,4581,5583.771762587878,7.779179022135696,84.47407345305808,3.0162421728942994,4.750730606908007,2.706782575797056
2885700,2021-04-03 05:26:19,IPA,Kegs,Yelahanka,13,21.612477834970715,5.171818693401614,1.0504424604449127,5.847767552552758,40,17,1:0.30:0.11,2259,12754.224598322431,8.919042317302075,77.43328993820917,4.0293597736891655,1.228413227492135,4.752430618888782
3660704,2021-05-18 15:30:18,Sour,Pints,Rajajinagar,11,24.96112302108842,5.155649028448816,1.0586403780156108,5.916911422666751,55,6,1:0.22:0.27,2459,16385.55178059244,7.28642186652624,75.04807350585159,2.733839308112475,3.617941222753174,2.016375108880047
376869,2021-04-21 17:25:49,Wheat Beer,Bottles,Marathahalli,13,22.48735523340545,4.689330436418414,1.0462573374823982,5.455834024133756,25,14,1:0.48:0.12,4143,9225.793889177115,9.449850875682872,79.42771099263157,2.928009526732496,4.184539766726731,4.330390931561382
8282115,2021-05-02 21:04:51,IPA,Kegs,Yelahanka,14,21.057446933739648,4.520969334545263,1.073004311437873,4.836158959315967,31,10,1:0.22:0.12,3326,14993.59371959848,6.483077443713654,82.36472243774384,4.196313023462925,4.677802689610984,2.773023139620143
5647209,2021-03-20 12:40:10,Lager,Kegs,Koramangala,12,18.28348863235164,5.091464214793013,1.0751081114085557,4.900145437351743,27,13,1:0.29:0.14,2323,15404.331064058191,7.491663297126564,73.3887796862833,4.249565396498461,2.111498976475284,4.764151977783537
2650419,2021-04-19 04:44:20,Ale,Cans,Marathahalli,16,19.73456255069365,5.011457511587362,1.042162853979541,5.67521757051901,32,5,1:0.48:0.29,3408,10430.402284058073,7.64883391123217,87.29618996178226,4.729367745754652,4.4183993277065134,1.5421024895873816
521443,2021-04-29 04:30:14,Lager,Bottles,Whitefield,18,21.960285341725395,4.675000121760472,1.0649152906832946,5.409905073655376,23,12,1:0.44:0.12,2456,11985.805791380604,6.867460173173598,82.2481042793587,1.7379803014131014,2.4456325699528025,1.9342164701284053
5763893,2021-04-27 08:13:39,Wheat Beer,Kegs,Yelahanka,16,21.08844900723056,4.790192293257307,1.0363098366209107,5.033465125052281,34,9,1:0.42:0.29,3322,9562.93544255233,8.07401485429906,88.00916595655306,3.124716557019444,4.6698289834803735,1.019430593602643
2222687,2021-04-10 10:15:08,Stout,Cans,Jayanagar,16,17.344642798882283,4.910260798631266,1.0312746483604265,4.893686515124919,42,11,1:0.26:0.29,2506,1828.5155871939087,6.372558383838985,82.61250021648189,3.7854626435657854,4.678811286771634,3.147686529334801
7994008,2021-04-05 00:15:03,IPA,Bottles,Yelahanka,16,21.21519702389597,5.242419883383544,1.049827812312156,4.582445085544025,37,6,1:0.37:0.22,4593,16687.496678763113,6.822556464344512,78.14575846949964,4.791141453804634,4.578810286259802,2.104304535386779
4703802,2021-04-29 20:23:03,Wheat Beer,Cans,Rajajinagar,10,24.48959152527588,5.497180174392647,1.0745063322445427,5.035933323707028,33,5,1:0.29:0.23,1181,1159.979142853683,6.0369091388149645,86.2014053956483,1.3669083738365555,4.195738028682191,4.786563651215998
2980695,2021-03-26 19:31:26,IPA,Pints,Whitefield,17,18.690596722504612,5.273982027831459,1.0652315998069624,5.760188696661537,33,16,1:0.23:0.19,2464,14243.660170434534,9.056055073461902,72.9491901545041,2.4893901679076222,4.391976584403682,2.06717836412105
14682,2021-04-02 18:50:43,Porter,Bottles,Koramangala,18,22.58792242084658,5.13958742595974,1.0625504894153108,5.921491309378069,24,6,1:0.21:0.18,4159,11075.849951768876,8.292584894236665,81.72001581067735,4.003812918758092,4.901313018946546,1.9254617785827617
1823842,2021-04-21 01:15:02,Pilsner,Bottles,HSR Layout,13,18.847415409010797,4.607653065030733,1.0424660891331945,4.583431877781733,32,9,1:0.43:0.23,3477,11960.745970183829,7.489598633251585,77.67836924551116,3.3270541787388006,3.751260043936975,2.0410222344302245
7841474,2021-04-17 05:01:53,Stout,Cans,Malleswaram,13,20.913319206467342,4.948221681612724,1.0656762836309748,5.608466138227516,50,5,1:0.46:0.27,4270,18016.8946216076,8.098771420442063,74.07162229865067,4.7411024306878895,3.436899908865398,3.986601774929396
4445901,2021-04-14 14:54:22,Lager,Cans,Koramangala,10,21.56555310059225,5.253551983857582,1.0366424285600002,4.864045642779116,36,6,1:0.43:0.17,4099,1602.8192637009138,6.360684931177662,83.78001390274844,1.3667230026667738,2.109000936119286,3.895890014229357
2942087,2021-05-11 09:41:28,Pilsner,Kegs,Rajajinagar,15,23.972314636502677,4.895950924652262,1.0477879283411031,5.103238421891488,47,9,1:0.33:0.23,3928,16603.68805646189,8.801166121381424,85.91753859689194,3.276761203398721,4.733551319886264,2.7332474844775154
8393699,2021-03-28 17:53:54,Wheat Beer,Kegs,Marathahalli,17,21.06690050970544,4.6735685614083655,1.0590004456092994,5.7286288438216975,29,17,1:0.36:0.14,2419,19205.92666031564,8.390262517323297,82.04229126394529,2.528564645916746,2.264917691467168,3.9454109925902343
6064468,2021-04-16 23:05:44,Sour,Bottles,Rajajinagar,13,15.669101574300743,5.217599475282396,1.043759086941764,5.919154061825341,38,18,1:0.28:0.12,3879,17038.942664316848,6.331277786779866,82.71045721426991,1.0935698762506298,2.853906545124683,3.817468831947474
6309643,2021-04-21 07:48:23,Porter,Kegs,Rajajinagar,14,15.991974217279006,5.006391103187594,1.0681000402740626,4.538962474042326,45,10,1:0.29:0.23,571,7399.141963583231,7.544000325922252,75.95597060343812,2.88625041350813,2.769689705968472,4.34450535734307
4304858,2021-05-23 07:08:00,Sour,Cans,Indiranagar,11,17.039471967791076,4.698723086144759,1.0356194815929058,5.512331770332728,23,12,1:0.42:0.24,4700,9983.961919768692,9.884547667017578,83.51180197902218,2.722482663841422,4.987360543379936,1.740518895591059
5902821,2021-05-20 20:20:40,Lager,Cans,Malleswaram,16,17.43355942535399,4.728906433039428,1.0340862407460745,4.727547749520842,41,18,1:0.37:0.29,3395,9943.82354360891,9.678509338030764,76.83367983874504,4.484975245138912,2.559881962351477,2.136208050802277
611086,2021-04-16 02:02:46,Lager,Pints,Jayanagar,15,15.590938743171655,4.666198165528484,1.0301757485797214,4.560641199560383,44,10,1:0.31:0.16,4306,13342.31745711802,8.678655366931944,85.77236349329618,1.966410477995352,2.6176599300071577,3.539402635174849
4994933,2021-05-14 19:30:34,Lager,Cans,Indiranagar,17,22.47480923926372,5.239670839009586,1.0360838734814466,4.853431229633394,59,12,1:0.40:0.28,693,4441.47345756114,9.718544397654169,76.68317135444128,2.3496489062506187,1.839439488947104,3.10307307428203
2992873,2021-05-08 11:18:52,IPA,Kegs,Koramangala,13,19.474562181267032,4.855126787384543,1.073759314622159,5.189110159065203,47,5,1:0.39:0.22,4549,5168.548363727279,6.699633397631258,70.31634246817947,3.43113032892772,2.7016102739746755,3.866651886306281
3559757,2021-04-24 16:40:35,Wheat Beer,Cans,Marathahalli,19,21.873213613859534,5.057738235332633,1.0674662695179546,5.750851495084444,20,18,1:0.42:0.27,2339,4831.43376752252,9.923055924126109,78.38541400135905,1.7871506593584794,3.120544870495758,3.985258788499717
975824,2021-03-29 23:42:04,Wheat Beer,Bottles,Rajajinagar,15,23.25166413489192,4.78421915889814,1.059362273016233,5.349256914231536,55,5,1:0.34:0.15,1803,14876.47300376028,7.895862083844207,82.62715463581428,1.795447270971334,2.285386712815968,2.330086181950659
1739650,2021-04-03 08:07:38,Wheat Beer,Kegs,HSR Layout,12,16.325371796913466,5.154364255385332,1.0747644184931655,5.804569519020529,42,14,1:0.39:0.27,1313,19941.923241543405,6.2637051900630745,79.68582894311778,3.308333984472738,3.233334133841215,2.9368013112890843
910192,2021-03-28 20:47:43,Pilsner,Cans,Electronic City,17,24.56708751779965,5.368840158509415,1.034350631200373,5.806921787875485,27,13,1:0.50:0.19,3619,3812.5634145524527,9.918599994676978,75.30393905953419,3.607079528585624,3.8041028223858375,3.3456507423349104
3075277,2021-04-24 22:49:10,Ale,Bottles,Indiranagar,12,16.378374560758637,4.541832522640968,1.0675616574560407,5.343857115078718,58,5,1:0.25:0.28,3147,13073.277042572832,9.325157601024246,83.83862181485304,4.620087830671942,3.0319683538727134,1.8752436138920103
9092636,2021-04-07 19:13:07,Stout,Kegs,Jayanagar,14,16.210797184247753,5.473520825943671,1.0665228260109905,5.492229718066285,58,19,1:0.34:0.16,4244,18511.468261845035,9.571876605967102,85.39653105870757,1.152041024362294,4.146178857182303,4.160820875662367
4638929,2021-04-06 13:51:50,Ale,Cans,Jayanagar,10,24.157901803023314,5.487951220739344,1.0796028110706302,4.661954144738853,46,19,1:0.30:0.24,552,5877.770271120568,8.761052667656132,80.48537722135089,3.217824337839965,1.468515237348572,3.5176629749907
5063158,2021-05-24 23:32:21,Pilsner,Pints,Indiranagar,11,24.948065147381996,5.447758542801116,1.0702269275478424,5.905651682596817,26,11,1:0.43:0.12,2184,6191.23154054922,9.444399561671766,80.70731945912658,4.130781031191142,3.2960643330316564,3.670586341982569
1657986,2021-03-22 21:16:00,Wheat Beer,Pints,Yelahanka,19,16.456099373579242,4.823923487070834,1.0472547238101833,4.744625819277868,20,8,1:0.42:0.25,1007,15479.914552808252,8.153759320449375,77.56137692965257,2.596132991925437,4.387168432920606,3.6861038893178937
4425132,2021-04-19 21:20:16,IPA,Pints,Koramangala,14,19.13584158291531,5.248916628974301,1.0684317066837623,5.99132653603682,51,9,1:0.28:0.13,3425,1749.128984423986,6.778480034826639,80.59617368726622,3.978369554642896,1.5886362873374908,2.7724211681019844
4940393,2021-05-23 23:07:38,Stout,Pints,Whitefield,19,24.891760576557424,5.483208681633181,1.0676367852744495,4.515335474842984,57,6,1:0.36:0.27,2956,4786.22185638829,6.016865842361631,85.17049763697993,2.8702929230235505,3.769353477604621,1.5662378818839255
4404500,2021-04-02 01:26:31,Stout,Bottles,Whitefield,17,17.257145887579792,5.062839004744366,1.05810319347331,5.697077229628983,29,16,1:0.37:0.19,2308,18851.27527876849,7.3683263939322545,71.56560153634776,2.876787658987308,3.987389308264651,1.804559694252855
9875774,2021-05-15 09:29:59,Sour,Bottles,Malleswaram,17,19.39406022139637,5.052605015847195,1.0538753152577602,4.652227247315784,25,18,1:0.49:0.21,1194,12850.42620565688,7.272787088279912,80.35050251758553,1.8789637902134932,2.1772645681955844,4.321862306465436
3825864,2021-04-25 23:35:01,Stout,Bottles,Marathahalli,19,22.049410478936714,5.049636680116519,1.078651188765949,5.411225729961054,37,10,1:0.35:0.22,2037,16588.58986601309,8.077427277488724,78.06036255057245,3.41729821996338,4.687378583947509,4.607338389562701
4658198,2021-03-17 18:32:30,Ale,Bottles,Yelahanka,19,15.121873443011651,4.89515900218426,1.0756629319952211,5.03113663876739,33,10,1:0.45:0.16,1656,4325.273076249592,6.326398393597272,75.29297892795091,3.4859656956722502,2.232686268276967,1.449328516158118
5212590,2021-04-29 02:30:48,IPA,Bottles,Rajajinagar,19,20.680789075419597,4.721374873191392,1.0362659388680744,5.891000387200597,23,13,1:0.34:0.24,2571,15559.379616838069,6.089023798736974,81.67708602398531,2.282333443549661,3.632893426478824,3.8939705036924175
8804982,2021-04-17 04:41:09,Ale,Pints,Yelahanka,10,16.793908412936027,5.196774017752642,1.0539405905281658,5.580668857957402,58,12,1:0.40:0.16,2183,1784.898263764702,6.927330723709738,74.59317289032688,4.3312148155750405,1.7532219192338654,2.4037609946176226
276347,2021-05-19 05:35:03,Wheat Beer,Bottles,Whitefield,16,20.92526566382875,5.010098180974187,1.0322894914426406,4.6677348002669286,28,16,1:0.46:0.11,1300,16147.882333222366,8.481143758222446,73.20593325288102,1.286166704660789,3.709238142035696,1.2165103463715257
1037574,2021-04-25 18:43:17,Pilsner,Kegs,Marathahalli,15,20.62820824014927,5.496326963193576,1.0436024883156283,5.417489318288409,34,19,1:0.42:0.11,4943,13972.707116113408,8.069254798270064,88.36779426682781,4.096041073298586,2.3027629007128407,1.0194822504033052
3963653,2021-03-17 06:22:12,Sour,Bottles,Indiranagar,12,18.94270056522405,5.125404507165405,1.0542270274205818,4.643605395963501,23,12,1:0.37:0.15,2070,1920.1231808052617,6.686145863345111,79.5107529972116,2.7018716142937964,3.069537329809615,4.1591823492026965
5397715,2021-03-30 04:23:02,IPA,Pints,Electronic City,15,16.974130800110185,4.747004201663881,1.0304296475093808,4.925077606165985,36,18,1:0.35:0.17,3250,11053.48453551238,8.50294818518,82.81028390715392,3.616981665109426,2.6153249842749777,4.600726913581866
9033104,2021-04-23 23:59:13,Lager,Bottles,Marathahalli,19,16.461831884047744,4.91729421360722,1.0398647097684226,5.533911352832345,35,17,1:0.46:0.27,2138,7820.336606543587,8.470005265216198,87.02430115695357,2.5135277016649518,3.7679595901244185,4.372410983344548
6323969,2021-05-14 07:36:02,IPA,Bottles,Yelahanka,16,17.980530276080863,4.603371281795212,1.0348764530692234,5.858880531354575,29,17,1:0.22:0.15,3027,18466.97757137022,9.889927644828305,73.6870477288763,3.2339873026143127,4.530471732659331,2.042171369651749
6871831,2021-03-21 22:49:22,Sour,Kegs,Electronic City,13,16.155087638903062,4.789601136604992,1.0720521523738502,4.886122912198738,53,18,1:0.37:0.26,4500,1368.207445603522,7.064873756520018,75.88972242579739,2.1342899524157875,4.419208401358052,1.3644474808667164
3897165,2021-04-17 07:45:42,IPA,Pints,Jayanagar,16,16.302633921836172,5.455243037452848,1.075935351787114,5.711449864896174,45,15,1:0.25:0.24,547,6725.603644870485,8.54376472179991,79.43309712720017,1.476116492500246,2.738410104966154,4.790674095270596
6897095,2021-03-15 02:44:15,IPA,Cans,Rajajinagar,14,16.94025443926708,4.609511092965178,1.0343969356950198,5.844638488651692,23,6,1:0.24:0.26,3258,18369.317232846555,6.657495497879049,78.0701803924877,2.327996289787309,3.637568459911994,1.5117365908927036
4444318,2021-04-13 09:06:16,IPA,Pints,Rajajinagar,18,18.03981194081877,4.72433908610477,1.034979872073417,5.333056446857853,25,18,1:0.44:0.26,4672,11632.349159737398,9.344028026288866,85.24847247235888,3.526688190150645,3.0274165209210304,3.995420407465297
1304198,2021-04-08 12:11:50,Sour,Pints,Whitefield,13,22.628523969287496,5.355599360627632,1.0739622993599738,5.827476100609212,42,8,1:0.37:0.26,1588,2232.655710937151,9.639082133639834,80.4827997981468,4.082153116583983,1.405962549729765,1.6421347174614764
3961355,2021-05-10 19:19:04,IPA,Bottles,Indiranagar,12,24.88922244686067,4.705518476943354,1.032397288889789,5.617367938151644,47,15,1:0.44:0.17,3278,17540.102277139642,7.601367784262525,72.2961255210114,1.5546038660059305,3.437552289765663,2.512345556947602
7525775,2021-05-08 12:46:44,IPA,Kegs,HSR Layout,11,16.55614576109893,5.351942216424323,1.052653047149676,5.23520942599909,53,16,1:0.37:0.22,3086,17374.2000025086,8.324332235406652,79.08270995042828,4.357867607408384,4.556703940326944,1.3100030288655202
4753367,2021-03-19 19:42:58,Sour,Bottles,Yelahanka,13,18.81025073274498,5.280198178727476,1.0691743231458095,5.647775888911782,33,11,1:0.23:0.23,1275,10131.333437907912,8.066833633662593,87.16308559116337,3.11016561999957,4.535251498106228,1.4905676661896343
8012018,2021-04-01 21:26:58,Porter,Kegs,Yelahanka,15,24.17364924313887,4.680545328412801,1.044648519299734,4.890866626229952,24,18,1:0.34:0.17,4122,19225.703665151475,8.316515021077583,83.70260612726628,3.738668247897064,2.885836978017189,2.854014085282369
5724795,2021-05-15 19:05:17,Ale,Cans,Indiranagar,15,16.41000509560204,4.578779528290441,1.0767018959172916,5.130710068445377,25,10,1:0.48:0.21,1451,18590.16369281998,9.17832032668828,76.60478335176623,1.2239964633902365,2.636210435649285,4.934676672138789
5754117,2021-03-16 23:02:16,Porter,Kegs,Yelahanka,17,18.664315984712992,5.376007044273983,1.072495027908217,4.87609619571758,58,6,1:0.31:0.11,846,7237.9578576954755,7.757642515665895,80.54846085672207,1.8204444332703515,2.9614624611107807,1.0820807363098317
4000958,2021-04-26 17:26:27,Sour,Bottles,Yelahanka,10,22.963322779793973,5.059929243178564,1.0509958398943229,4.598987519239743,29,17,1:0.43:0.17,627,11032.316450700877,6.728274887091301,71.88059934151309,3.638671086098578,3.2644576808828702,1.460591371849452
3634735,2021-04-13 02:31:49,Porter,Bottles,Koramangala,12,21.16262650093461,4.881937185482783,1.073675133156433,4.752849030394541,49,14,1:0.21:0.15,2623,3827.728320786044,8.529835586303316,82.09944686413604,2.7735586780298527,2.481880192779049,2.58797702537447
4288397,2021-05-02 02:47:58,Sour,Bottles,Whitefield,10,24.369117052278497,4.699779435349132,1.0718008920966675,5.1833064651291485,22,18,1:0.27:0.20,4886,12204.817099403514,7.119679821057385,74.28449827538667,3.694691276665544,2.3722359133734234,4.611868390303084
6983139,2021-04-11 23:09:38,Wheat Beer,Kegs,Jayanagar,17,21.574155818023225,5.177295586502746,1.0315823317127133,5.181005863479994,49,5,1:0.47:0.10,4084,7762.297140619044,7.233645110021319,72.97979937171112,1.890801517639166,3.682979111896252,4.181225388180729
944999,2021-06-10 11:20:49,Pilsner,Kegs,Jayanagar,16,15.269752735709606,4.985027837603348,1.0606963929283528,4.636788157883564,58,14,1:0.28:0.20,2455,8785.33445490741,7.735550114892062,85.09771979525895,3.269887693319746,3.107850718617829,3.255159470024612
3594411,2021-06-24 10:50:24,Pilsner,Pints,Marathahalli,16,20.408076572780573,5.411989823607722,1.0751472630273011,5.81686413252847,30,14,1:0.42:0.27,2007,3584.54909617478,8.078592972293023,84.96912994604776,2.867792350688648,1.3534083183808234,4.858651191177551
2116290,2021-06-15 17:26:44,Stout,Kegs,Rajajinagar,13,24.87033228024412,5.456104646808667,1.0479237911520736,5.193853709285136,50,13,1:0.27:0.15,3545,1347.8529139459574,8.164502330901314,79.5064974371808,2.832092573133489,4.849273947790683,1.3008120056774506
9020970,2021-06-14 15:34:42,IPA,Kegs,HSR Layout,13,24.41437970517847,5.291243571470606,1.0669019380341442,5.905711744366423,36,11,1:0.45:0.16,3923,7297.950252122281,9.714564804177794,73.03796547087552,4.464813784205804,4.984410623109705,4.882777463801634
4721319,2021-07-24 21:48:36,IPA,Bottles,Marathahalli,14,22.865106975979057,5.46370620264258,1.0363660871278089,5.581687639205457,32,6,1:0.37:0.11,2605,17149.531490894013,6.983401588567859,82.4690049392332,1.6237620234795802,3.3851499625443724,1.6695573850959256
8918954,2021-06-19 02:14:23,Stout,Pints,Jayanagar,10,18.080769116465948,5.490409889815079,1.0686308047260489,4.743490487796829,56,5,1:0.45:0.23,3438,3528.1006824245183,7.596739914307939,89.26691375977383,1.5500818749686065,1.4731733747867244,2.2011770036549043
9009294,2021-06-26 19:35:06,Porter,Kegs,HSR Layout,12,23.578401601370484,4.858561486083395,1.0330091146571931,4.510637199749966,38,5,1:0.37:0.10,2518,9675.355390088374,7.397443755417125,84.10884370804915,2.79999591137577,2.3227729879541785,3.3103036761278224
4150962,2021-07-29 19:49:55,IPA,Bottles,Jayanagar,16,18.65002049599086,5.129433130851977,1.0535447842410877,5.590877628887222,40,10,1:0.41:0.26,1738,17041.122366669995,7.396641114231096,77.17738632780946,1.4599153269284677,1.2441353370026218,2.1472902917398944
6118874,2021-05-27 06:38:23,Stout,Bottles,Jayanagar,13,21.935071118003197,5.398189203292167,1.030604087882472,5.461004164461503,29,18,1:0.41:0.16,2729,7033.920333556192,7.371309282853745,76.99619236040543,2.585001625210253,1.8050262151986791,1.1441852296150563
5489961,2021-07-21 01:44:13,Wheat Beer,Cans,HSR Layout,15,16.754674352505088,4.755559589090678,1.076941299720812,4.598113647025542,57,8,1:0.44:0.29,3506,4786.096363026756,9.792157940566362,76.33856374606438,3.174036722442996,1.1477210140160916,4.681034665319149
3334114,2021-08-03 04:20:52,Pilsner,Cans,HSR Layout,15,23.71773406308329,4.687577415678241,1.0434246681764494,4.836436688243776,43,10,1:0.35:0.18,3912,15262.215329760804,9.237482677611968,80.02179353219105,2.156619168578412,2.03708881012099,1.0781020566562618
3205413,2021-07-10 08:55:56,Stout,Kegs,Indiranagar,18,20.540761067676968,4.665132715623068,1.046452412350373,4.709342104998138,52,13,1:0.33:0.27,3637,8081.395015444586,7.53992739438111,86.65444963331906,2.520601151866377,2.437141148752545,2.9870452886503616
5380194,2021-06-28 23:20:15,Wheat Beer,Bottles,Marathahalli,17,18.156094601856456,4.840967367454048,1.0414692130825922,4.651855781801063,41,11,1:0.47:0.12,3082,19965.31575550423,6.893946194437948,70.04835988876833,1.412904876393605,2.1038337089437325,4.403398327996406
4848782,2021-06-25 20:33:37,Wheat Beer,Bottles,Koramangala,18,18.89206124035416,4.734160054673958,1.0665373807112646,5.6528052653759175,26,13,1:0.37:0.19,1674,15066.641421793316,8.176310334556502,76.06993528248002,3.0877537133863067,1.4848309260723394,1.1951604754307037
3629553,2021-06-10 06:45:21,IPA,Kegs,Yelahanka,16,15.507322381220575,5.201031427371426,1.0334467214236236,5.21654575404413,30,15,1:0.43:0.30,4740,14880.424854756206,9.179419132092438,80.4014754610688,4.011829574154048,4.7503698454314085,1.6817091013765504
4593243,2021-07-26 12:18:59,IPA,Bottles,Jayanagar,13,17.09516688220551,5.159664906386244,1.0469284830848888,4.576692327680644,27,10,1:0.36:0.12,3916,16038.562059851742,9.777737057724634,84.80101464437101,3.413563942639032,2.123355457678598,3.435327666613908
4925610,2021-06-07 03:56:26,Stout,Cans,HSR Layout,14,22.167578198422238,4.604056621221532,1.047264736440478,5.667902060233466,22,8,1:0.32:0.10,3583,16893.06698370625,6.125169968706183,72.50636395604432,4.28696185077275,1.3223197559808528,1.9234969640725232
9991289,2021-07-05 08:29:02,Wheat Beer,Cans,Marathahalli,15,19.8047904890258,4.906611967378914,1.0749817244115527,4.982389562007737,49,8,1:0.36:0.15,4582,7667.2378024721265,8.986063092043867,75.53730693553945,3.0247964011133988,1.9070044910649755,3.101724242458729
5599525,2021-06-14 18:58:38,Sour,Kegs,Whitefield,14,24.33948392426226,5.361088154438912,1.0593767054781018,5.439450371877676,57,10,1:0.24:0.24,4258,4408.91554519165,9.995923385487211,82.82993240482095,1.7609756466417088,4.168785295727519,1.4015550648852138
1866856,2021-06-28 22:52:26,Ale,Bottles,Jayanagar,16,20.58577761784442,5.186190683855754,1.0455335024206311,5.295391741712689,37,18,1:0.50:0.15,3713,8034.029606045151,6.617279108290614,70.92809188190779,3.845193709942636,3.618075136263169,4.4173421186375625
2755089,2021-07-09 21:22:05,Wheat Beer,Pints,Malleswaram,16,22.82284663743446,4.9037130266462094,1.0689856803554294,5.82657754718178,35,19,1:0.24:0.19,722,8556.46470003992,6.116356136395451,89.72654305927841,1.5602987511505106,2.2965483039037045,1.2777285652770156
6110963,2021-06-23 16:23:12,Stout,Kegs,Jayanagar,17,16.14187685058762,4.797255138569073,1.043515178160298,4.7799102151144375,22,18,1:0.42:0.11,2796,15458.643160624228,9.900302475979048,88.13550633512087,3.0418546205243016,2.2992626018725004,3.092735672187122
8910120,2021-06-20 15:17:12,Stout,Pints,Jayanagar,10,23.284225225254644,4.838551271026281,1.0452385897966816,4.963257704603935,32,6,1:0.46:0.27,2504,16781.15475126561,8.768700680138496,78.81710677945722,3.120167508290791,4.72151204590826,1.610538040633957
1423514,2021-06-06 08:41:36,Porter,Cans,Malleswaram,11,21.71301166836728,4.67056429858509,1.0481401106782402,5.211296192829526,21,6,1:0.37:0.17,2974,2511.895728763568,9.100510118332515,80.73959913680295,4.890188552416589,3.942105488841852,4.171335588757318
6361400,2021-07-31 08:50:22,Sour,Cans,HSR Layout,17,22.081265289711883,5.239428473529913,1.0667021236117569,5.885932848519282,52,5,1:0.37:0.15,3099,17171.05693059293,6.666294243644133,76.21670552774134,3.0355683355305096,2.025065096343546,4.485357832179846
7466012,2021-06-12 17:08:49,IPA,Bottles,Koramangala,17,21.29269986418756,4.541846888414475,1.069692782663099,4.900450371646136,58,12,1:0.29:0.22,4951,5554.44005630625,6.862475305899483,84.95193215136727,2.2272578804448218,3.3047856576949006,3.695838882727945
1161576,2021-05-26 19:26:20,Lager,Kegs,Indiranagar,19,21.43231942196485,4.8040151600548935,1.0686835755723385,4.596256597945041,25,6,1:0.37:0.18,1773,11859.65612117941,7.344455734113671,89.2840434916776,4.01007651479981,4.61052556066449,4.879616805915518
9918221,2021-06-18 08:08:51,Sour,Bottles,Malleswaram,13,17.672187392729207,5.056518710654986,1.0630264608922513,5.491791026244884,56,13,1:0.45:0.28,3166,5976.6400473633785,7.935141377460841,76.87944159374317,3.3537976221347603,1.691422070559304,1.3077088958709109
4179050,2021-07-27 01:28:44,Porter,Cans,Indiranagar,18,23.675112135764024,5.269135573961741,1.0658449924100548,4.964553946654065,36,14,1:0.32:0.20,2745,10361.348214825894,6.758169721153331,87.4139652849413,2.2882797915556914,3.4909203847395167,1.4619219791567306
668914,2021-07-02 14:12:52,IPA,Kegs,Jayanagar,19,17.070970747410446,5.315721441512006,1.070818704847743,5.186159725878894,22,11,1:0.35:0.13,1507,14181.139296882731,6.626709147139122,75.7607239423653,2.1185019430551124,4.892723725117888,3.63322326423562
2076229,2021-06-07 01:26:03,Wheat Beer,Kegs,Indiranagar,17,18.57803473626341,4.924457558583266,1.0750834221694114,5.911841958261276,44,14,1:0.37:0.25,1291,19354.228965035647,7.356488924406772,76.44823673567437,2.8459626063106334,3.1643660182996736,4.310749461695298
7738106,2021-07-03 03:18:55,Ale,Pints,Rajajinagar,15,23.050497785239088,5.379242975576426,1.0601726183969429,5.819418056382412,33,11,1:0.32:0.15,2139,12548.381061375238,7.282343373486623,80.20909055411931,4.97956612925146,3.9606698037543113,3.496769667011536
2847433,2021-06-28 09:18:52,Pilsner,Bottles,Jayanagar,14,15.252244651937891,4.791779170074353,1.0757998520893488,5.049932027530815,25,14,1:0.27:0.26,3168,5694.581850087914,7.215364976751605,70.28003293776804,3.66382867191962,3.7074950972169054,2.3920905867104563
1962562,2021-06-06 23:08:12,Sour,Cans,Yelahanka,15,19.622112925126068,4.951086245615313,1.071098428677342,5.7686960910396845,22,16,1:0.35:0.14,4584,4977.9190792613845,9.986276837232568,72.4197635943574,2.5767545674413737,1.894546653998068,3.771433370579281
6183202,2021-06-21 11:00:52,IPA,Kegs,Jayanagar,19,20.252860846927568,5.305468118722896,1.040025260956965,5.247542525439581,56,17,1:0.27:0.30,2742,6586.969968510843,7.771018628970085,84.07851134866982,2.659180589423339,1.3827038837005254,2.751881772398209
8097299,2021-07-27 22:32:49,Lager,Bottles,Yelahanka,13,18.04825995900948,4.854678927561189,1.0647422078353457,4.763552309922786,46,14,1:0.40:0.27,4682,11567.8753979077,8.714968715629663,73.2154538968785,1.5007366145588223,1.176527027720852,1.9840244589972371
7679292,2021-07-29 23:37:09,Porter,Kegs,Marathahalli,18,22.27231558514025,4.918826850680682,1.0412075609997775,4.632970721586752,55,19,1:0.50:0.29,4248,10262.101971587688,9.234936669799469,84.92351088790946,2.7357031839991164,4.221346757601349,4.1863870392081335
5491979,2021-06-15 04:36:46,Stout,Pints,Rajajinagar,18,18.630110656058577,4.611433723582846,1.0338257426492143,5.482910757644895,37,13,1:0.46:0.21,4461,18419.34620789236,8.16434953819719,89.41017249500773,2.121458208646561,2.803686953087136,3.4538273037276284
1063815,2021-07-30 14:31:19,IPA,Bottles,Indiranagar,17,19.35914662941059,5.133079486985506,1.0472931724681134,5.65505157826583,21,12,1:0.28:0.24,604,11007.627651542663,7.542435563482055,70.07321560503743,2.043289093146332,1.9710285328031725,3.8769192417863065
9011356,2021-07-03 18:59:54,Stout,Cans,Jayanagar,12,19.508135566773568,5.478272002653111,1.0622199771415968,5.406697495925152,51,18,1:0.31:0.18,781,19646.823086557502,6.168021486806705,82.22147006367257,3.430987143227308,2.389139046589165,4.481300787165964
1411330,2021-07-14 21:10:59,Wheat Beer,Cans,Electronic City,18,23.11389862696793,4.745370175051671,1.0454164363852538,5.666541892217984,37,19,1:0.37:0.18,2585,16073.909606315368,9.665994554297365,75.14149621368874,2.9444419545031546,3.921652875758813,1.3501968133097613
2489233,2021-06-01 13:26:26,Pilsner,Pints,Malleswaram,12,16.016404423069467,5.103228053851702,1.043780205227351,4.531526898732799,59,18,1:0.46:0.19,3958,4676.208448351199,8.699889045834727,86.051268363749,3.4188649706039325,2.995567198186245,4.871288417734787
4590962,2021-07-01 05:58:28,Wheat Beer,Cans,HSR Layout,10,20.82653637574419,4.749805182236971,1.0483146589078076,4.830298081237835,29,5,1:0.49:0.30,3178,9583.696867354156,9.245602588170378,76.15866509943629,4.285500962374759,1.631779107743859,3.2579288417395253
7362459,2021-07-11 04:59:25,Ale,Kegs,Electronic City,13,17.499940276206583,5.37293394811106,1.0599645356299368,5.376844099990093,37,10,1:0.22:0.13,2577,17396.45788584423,6.119709175755677,87.66526319787741,1.708811840290955,1.571411486091355,2.8926709466105307
7100693,2021-07-09 07:47:48,IPA,Kegs,Rajajinagar,17,21.75584582465143,5.483770567160466,1.0387566446120853,5.465572618466316,20,19,1:0.41:0.20,661,19061.49810189364,8.157145330082587,80.18954695788123,2.4579263052467977,1.4408357413896449,4.28376264438843
4806919,2021-06-22 11:25:38,IPA,Pints,Yelahanka,19,19.15716025577378,4.590006180017345,1.0659408927359524,5.247346362662766,59,9,1:0.26:0.17,2282,18024.701273345923,6.6916970636941695,81.41403155080684,3.5342060384471807,3.937506250029776,4.884159168566832
5891759,2021-06-16 23:45:41,Sour,Kegs,Jayanagar,10,18.42012157994039,4.614722691710423,1.053203755517977,4.638549470649934,33,16,1:0.30:0.12,1246,5493.21173826204,8.612088963711246,80.21155064460548,2.9243893438336017,4.708511334830259,1.042248446773589
2978746,2021-07-11 20:29:15,IPA,Cans,Whitefield,17,19.425955715309755,4.839273989690302,1.0443262610846284,5.141056939062236,50,5,1:0.31:0.22,4384,5221.033515440304,7.027789803339855,82.35133534526385,2.769572717892994,2.226684089161211,4.280026854995061
8714818,2021-06-07 19:21:32,Lager,Bottles,Jayanagar,12,20.052601188998352,4.559585970518166,1.0672707485808153,5.863758917032798,52,14,1:0.34:0.11,2345,1354.7833051484845,6.015676560520765,88.28087993688152,4.834392533633759,1.0347561111671355,3.697681328288744
6103933,2021-06-14 18:30:12,Lager,Kegs,Rajajinagar,12,16.196179106200212,4.697786663661228,1.040541558360144,4.899978962208331,34,5,1:0.37:0.24,3504,4170.848458076809,6.056984390776527,76.54077310826914,1.0525881424484873,1.625816157979196,3.012445448968279
5248562,2021-07-03 02:46:18,Lager,Kegs,Malleswaram,12,18.80327278148397,4.837548618007089,1.0614553149988415,4.835600192949038,23,19,1:0.33:0.13,964,9624.888725223973,9.099531997063153,84.48198376304369,4.007951025911279,3.861389629914559,2.2882421968935147
6433252,2021-06-29 06:00:14,Lager,Kegs,Marathahalli,16,23.318271064927444,4.765305065240868,1.0705165530110288,4.759417913776203,35,7,1:0.44:0.28,3195,6416.646427487304,8.398921172281149,81.72612316385742,4.286747745402319,1.233240922015809,2.782173915849159
5748584,2021-06-26 16:08:42,Sour,Bottles,Malleswaram,10,19.29946803788677,5.2320039464853245,1.0663675624954982,5.165740284860287,32,10,1:0.39:0.22,4593,15407.886214978276,9.079652888693012,83.57016993227451,2.2945285554443213,3.2549833492538145,4.258095553525845
3335621,2021-07-23 08:35:04,Pilsner,Cans,Jayanagar,11,17.87511967963537,5.197883136255932,1.0304925289594633,4.756562057943708,57,18,1:0.39:0.19,3397,3355.0095722608403,6.0857309917777975,85.8403598390664,1.3183866276924934,2.2408307072141582,1.3100357994413263
6427225,2021-06-09 18:05:46,Lager,Bottles,Electronic City,19,24.52404632688992,5.494982641242086,1.0652127574189534,5.0590289996509625,31,6,1:0.25:0.23,1761,6485.35040162157,6.884922510015796,73.36708952982806,2.2684314345434675,4.710579855121116,2.0304632264840365
903189,2021-06-29 00:03:46,Lager,Cans,HSR Layout,14,19.551787176015388,5.380993194656126,1.049901404965131,5.402290187845091,58,15,1:0.35:0.26,3118,12940.509225081292,6.543631115200474,73.13443920440373,2.0834966683274807,1.90921158733116,2.3165763373454253
4005581,2021-07-03 09:19:02,Pilsner,Kegs,Marathahalli,19,24.46409359386689,5.482228472381544,1.0564729430382602,5.129332195731895,58,17,1:0.24:0.12,4292,19004.810430536505,8.13255247163077,87.55142251305567,3.8220590583439975,2.049022960405683,2.555550809241788
5671858,2021-08-04 06:15:27,Ale,Bottles,Yelahanka,16,19.86435628998292,5.245704040218738,1.0523739485986932,4.884808951393383,25,10,1:0.35:0.16,4610,12501.743538651408,9.850217681378163,89.22703321039953,3.571453602734103,2.7019939240651945,4.423144356250912
2196806,2021-08-01 19:11:02,IPA,Kegs,Yelahanka,19,17.17707424476898,4.5669265685620415,1.032835706274174,5.489869445897481,23,5,1:0.27:0.22,3922,9874.525219354233,9.49806938221457,71.79203804118717,1.6087391562325717,3.0784934266078743,3.418546183408269
3805539,2021-06-28 03:13:11,Stout,Bottles,Yelahanka,19,22.350528543235725,5.38664072861784,1.0444410989157948,4.984695975197883,56,11,1:0.24:0.22,2318,1582.7884979105283,7.983183398170963,73.09643699010871,2.8759500986776465,4.748464658952411,3.7102549493915102
4862016,2021-07-26 18:07:33,Stout,Kegs,Marathahalli,18,23.36527379662116,5.1019083579782425,1.0487189695686812,4.501694446407289,36,16,1:0.23:0.21,1769,19772.02292470682,6.227401464756412,86.05939383709332,2.890972857674972,1.667715126392014,4.564070323236571
806287,2021-07-20 10:44:58,Porter,Kegs,Indiranagar,11,22.838834226237168,4.819286576132128,1.0462769294196923,5.972945396254342,37,18,1:0.40:0.29,890,15993.54225954726,6.4276331560900495,72.50335857657905,4.330349050719638,2.9189338512653893,1.8836478111014885
4715257,2021-07-06 17:34:26,Porter,Cans,Koramangala,18,19.05183924343825,4.877304761281212,1.0571249940478011,4.508149101904729,37,15,1:0.35:0.22,2992,8907.656621825732,8.197223045113207,81.12738293384822,4.60519031052617,4.383536163385947,2.1270468686471937
509933,2021-06-11 00:05:07,IPA,Cans,Yelahanka,17,20.914257956479062,5.434003391848528,1.0664328811466663,5.440728077065961,53,10,1:0.32:0.12,664,19012.77406584736,6.661968315768318,73.520100318813,1.6696445629838936,2.2891587819908747,3.0892876938110074
6555010,2021-06-15 07:20:40,IPA,Pints,Indiranagar,15,15.785768364586175,4.838518969092586,1.0726430986341202,5.924807577399141,48,12,1:0.30:0.19,1333,17670.762337662673,7.169750821551261,88.75521344278052,3.760471997629253,3.744109818925457,3.80994635038262
8465469,2021-06-09 20:49:50,Lager,Bottles,Whitefield,16,18.31105771620653,4.521686023099525,1.0370986623159797,4.862484524763451,56,6,1:0.43:0.11,1600,1265.2215278569322,6.157189434967965,79.36522203976917,3.218267613871817,3.049247635189294,3.326942075791728
8864502,2021-07-06 23:27:14,Lager,Bottles,Jayanagar,15,19.502495267195197,4.572449688089455,1.0622938151464147,4.796874992120157,32,18,1:0.27:0.23,795,10632.093673444577,7.933835883826386,87.31288453657429,1.5721336825766108,4.039609790181601,4.657475214110672
6548409,2021-06-19 19:05:11,Sour,Bottles,Yelahanka,17,19.135991733230146,5.470205173104993,1.0504268947133326,5.75804071706126,37,9,1:0.40:0.28,2075,3712.858682507381,8.863992837617225,79.64990022317373,1.861073184806513,1.975180777576706,4.091009393554844
276709,2021-06-18 13:07:09,Stout,Kegs,Whitefield,15,22.25154560713252,4.710310488415032,1.052556930121395,4.751896160055014,44,10,1:0.24:0.25,1922,16908.730253728303,7.378335642768746,87.59944224696483,4.380073927659256,3.967684313568914,2.929032166824637
6695770,2021-08-05 22:24:07,Pilsner,Bottles,HSR Layout,14,24.71632129227548,4.922486665437342,1.0564572456949783,5.389427843687892,59,11,1:0.27:0.14,4837,19758.271595306574,8.460562930426068,88.5603356721061,3.6099710008124593,1.779369002430688,1.1894073342553968
9404505,2021-06-03 22:23:35,Wheat Beer,Bottles,Electronic City,16,15.290699219640857,5.2810036979088935,1.066678807749382,4.860615389319132,54,15,1:0.24:0.12,1498,9470.6539398533,7.254603214232899,72.30110547362825,4.082760634652599,4.747648082960489,4.322579706388941
3856898,2021-07-01 22:32:13,Porter,Bottles,Koramangala,12,24.85429793986507,4.749498914903301,1.0781798220786367,5.9116855625646,56,19,1:0.44:0.12,2965,13265.760497916874,7.569193126226567,89.88794525885292,1.61528814320361,1.4401529653885443,2.9682193296090107
8773187,2021-08-04 21:54:52,Lager,Bottles,HSR Layout,11,24.08412734809167,4.560836685227343,1.054130156124808,5.2944958779824445,27,12,1:0.30:0.16,3667,4769.9252923833765,7.524161763797324,73.64355959052499,2.32850177254654,1.3517606781429246,3.3052429461480224
4336533,2021-06-14 01:15:56,Sour,Pints,Rajajinagar,13,15.95399662002868,5.396538786408709,1.051396339513478,5.337953159477682,24,6,1:0.30:0.28,2942,19895.4370622402,9.7314416143825,71.01963790084898,4.565552737213112,3.123693485416419,4.467782456657062
1338179,2021-07-27 08:42:16,Porter,Pints,Whitefield,14,18.98836196537222,5.186521045757485,1.053478672689874,4.834402504855772,58,9,1:0.38:0.11,750,4676.9030707546935,6.781479891644331,88.78838397758061,4.120822258788669,1.4285696273397108,1.2046168471858212
4180165,2021-07-08 00:10:42,Pilsner,Bottles,Marathahalli,12,21.967844752902195,5.005020490534848,1.051049780834324,5.534683780238746,58,12,1:0.25:0.13,1929,12750.19404642873,8.356472416560308,82.34536071332083,3.52885598706302,2.302047750842905,4.348353932013292
4520163,2021-05-29 19:02:55,Ale,Pints,HSR Layout,14,20.077167836440765,4.80463318443517,1.064920938975944,5.701502840633252,52,11,1:0.34:0.14,2663,2201.741628362384,7.725146754476288,89.89256996106384,4.891834736914859,1.3873772446278134,4.834322941843911
6378110,2021-07-11 02:50:38,Sour,Cans,Rajajinagar,13,18.63071600163713,5.108313707229889,1.0778241586405186,5.871543376603573,43,16,1:0.40:0.15,964,7754.374226059009,8.012414364790574,75.16933353389915,3.437769661205502,2.027192454178081,2.4006173997911526
7441461,2021-06-29 05:39:50,Pilsner,Cans,HSR Layout,19,23.755964323171824,5.38269434236213,1.0595604891123689,5.578134002218599,42,18,1:0.41:0.12,2646,11249.751516610104,6.762655985856181,84.19849425663742,1.02119361329033,4.349408450107691,1.3786201210521565
5781790,2021-07-31 04:53:35,Ale,Kegs,Electronic City,11,21.06388887887914,4.714206149707307,1.0696304322992654,5.753176226695709,22,13,1:0.30:0.25,721,11091.422741364237,6.056206424944566,75.84852781799972,4.88800043401846,4.070327182493655,4.706608641593698
578026,2021-07-07 19:33:43,Sour,Bottles,Malleswaram,15,21.924249645480845,4.547123906078969,1.0440821220914118,5.97760323991926,44,16,1:0.36:0.19,2486,4633.8016351773,7.148992274495476,79.75781889844573,2.797095181671457,1.5556128644902878,1.5420462622929154
8486018,2021-05-29 07:06:26,IPA,Cans,Koramangala,17,21.322360883520982,5.01384809487999,1.067548296930542,5.218483133918485,49,10,1:0.47:0.21,2346,6933.403739840803,6.078965287566362,81.09925784513383,3.354489082351765,3.802538314564968,1.678351347589774
3912143,2021-06-11 04:50:49,Stout,Bottles,Yelahanka,16,22.452648889948406,5.229790839312446,1.0721723728819168,5.765200260574535,38,17,1:0.24:0.17,4681,7146.659818610721,8.691368468572847,86.02062472643588,2.6963537672044966,3.8445993448176914,1.750198928116859
1083707,2021-07-06 01:36:33,Stout,Bottles,Malleswaram,16,24.76324275929662,4.649732913192956,1.0518660589354984,5.2336403202004735,20,10,1:0.31:0.20,1543,19196.747039786715,9.956767723636236,83.96239685786836,2.766663011135845,2.2079433989400696,2.4357362934029987
4291819,2021-07-26 05:55:00,Lager,Kegs,Koramangala,15,19.740067122096136,4.945278303662727,1.0718573456382372,4.66601543218586,52,13,1:0.40:0.17,4240,9855.257094744366,8.37826297388377,75.02678204967496,3.6201879558810575,4.123420066740627,1.1705485189224274
5317634,2021-06-02 23:52:56,Wheat Beer,Bottles,Koramangala,18,18.782823139282005,5.239221726087302,1.054790872024188,5.240405251031423,29,12,1:0.40:0.26,4659,2222.87079783999,8.606513006643098,87.26627741649462,4.312233416474864,2.685478970748758,2.383862671703334
3118386,2021-06-29 08:33:30,Pilsner,Pints,Electronic City,10,23.95241176299749,5.487484223140738,1.0593704263051251,4.974275828842568,35,9,1:0.48:0.17,4921,10084.752075111885,9.82748452077773,76.88705034841615,4.077477375055729,1.2096190387263102,4.72650825322402
9680101,2021-05-27 03:18:28,Ale,Cans,Jayanagar,13,19.174982623432875,5.129863484152804,1.07118848808469,5.860648995422404,42,11,1:0.29:0.21,2742,1014.4592382359472,7.595589331116427,89.67696161669801,3.6138260078138345,3.105251786702563,1.4925164326793778
5960750,2021-06-25 09:37:21,Sour,Bottles,Malleswaram,17,18.134813446238265,4.530012916571865,1.068848108348986,4.662552684421864,32,14,1:0.40:0.10,4007,6386.035597023988,8.416167010685562,76.25791087028591,1.9412678192958288,3.3416314976438146,1.9055270971501024
2143718,2021-06-20 12:28:58,Lager,Cans,Malleswaram,16,17.722026302701366,5.16109097241553,1.0351952781226397,5.9880256802588665,34,18,1:0.43:0.14,4159,16614.6158345128,9.07867674824643,85.53878284671717,4.536124602670397,3.809237227426967,3.015311153416453
402529,2021-07-22 18:02:25,Porter,Bottles,Rajajinagar,13,20.60508491248835,4.729327917433238,1.0393505238597296,5.430189012263562,32,17,1:0.47:0.22,3306,11887.587690857286,8.075861448646917,72.69171234032487,2.7736089142308056,3.052511144234133,2.0845124009153078
1537504,2021-07-20 12:17:06,Ale,Bottles,Yelahanka,19,24.64044807758505,4.996850157891874,1.0777442279891534,5.38208594511439,27,12,1:0.47:0.17,645,4458.194601942725,6.89124962530224,84.73916299943609,1.2495412952394291,3.4758457608294,2.960429765693278
5085826,2021-05-31 20:48:02,Lager,Pints,Marathahalli,19,17.483613025824816,5.12500618765274,1.0356966899872857,5.371023442464283,48,18,1:0.45:0.11,1674,16600.279286820223,6.161604300886389,75.25600430179598,4.4471136522783645,2.075192701085125,4.252572951284555
7934548,2021-06-13 21:09:23,Lager,Cans,Malleswaram,18,18.444012132472203,5.49430715742954,1.0553247345786874,4.870942760598544,21,11,1:0.49:0.14,1929,4643.873513344179,7.53782620607479,70.4756841574208,2.1587110263909155,4.374081017713749,4.50528026855554
3640123,2021-07-27 18:27:53,Wheat Beer,Pints,Malleswaram,17,20.36391829899806,4.775698028912332,1.070044116407704,4.647774449939334,44,19,1:0.33:0.26,3657,3995.269636214215,7.483033023632803,86.39550409539723,4.200348137151419,3.226407864796774,4.356229626209084
8801417,2021-05-28 23:36:29,Pilsner,Cans,Marathahalli,11,18.03893728276485,4.732276213727399,1.0667019510367115,5.03217777076375,39,5,1:0.23:0.28,3700,11738.993322748864,9.033527791003738,72.52953216692603,1.310364862533771,3.751424090691034,2.300244604734444
2616430,2021-07-08 17:30:47,Pilsner,Kegs,Jayanagar,12,16.203456370103737,4.623349001758023,1.0620231808284422,5.771090844640899,35,6,1:0.45:0.16,3009,4982.974050774967,8.998107975398986,71.70237577478663,4.106604925981504,2.737094721811607,2.674081712992681
2089980,2021-06-25 02:53:11,IPA,Cans,Whitefield,15,22.60909285293805,4.752984664357925,1.0730040664059313,4.511414247613224,23,9,1:0.26:0.18,2933,2079.749984877338,6.616814668565393,83.73199863274955,2.6594213851885664,2.766540890266416,2.5292523111450733
994561,2021-07-14 02:47:32,Sour,Bottles,Yelahanka,13,18.554575188934475,5.314710565910125,1.031329474372633,5.073080169868914,29,7,1:0.44:0.18,2850,13200.188772527748,9.096028150637508,88.53936356722,3.268520599161664,3.6432268196956983,3.269952541089165
4626103,2021-06-23 23:52:14,Stout,Kegs,Jayanagar,10,18.170905062437743,5.369285857669298,1.0737733668159026,4.561399848753855,37,12,1:0.24:0.17,1914,4556.430225839347,7.8982696731177935,78.04336211397839,4.956463429343815,4.661755365109739,2.3212149761891467
3737031,2021-08-22 12:05:48,Stout,Cans,Rajajinagar,13,15.71755446080353,5.245103638556537,1.0486094618545718,4.981587323864668,44,13,1:0.24:0.29,4984,14878.050663765947,7.409262994635213,77.06838044570995,3.2785023475878803,2.995977669308055,4.340139692960696
7767658,2021-09-05 10:50:23,Porter,Bottles,Jayanagar,19,16.27271498137086,4.919961991941046,1.053807769279352,4.659487680842393,26,14,1:0.30:0.27,3397,17906.27292795228,9.900434210528754,82.3047556544906,1.2027361664154397,3.787123562251869,2.815405376957202
1141724,2021-08-27 17:37:49,Lager,Cans,Whitefield,15,16.98777343780587,5.115128305957365,1.055151694449285,4.866438028950261,56,14,1:0.35:0.13,2280,19474.49715504588,8.227218443583144,89.1023782280572,3.1220391235896945,4.7496293893666,2.5033478100176807
1394741,2021-08-26 15:31:24,IPA,Cans,HSR Layout,17,24.37394348944829,4.5875355236551245,1.0775387016034426,5.267360898452193,35,10,1:0.33:0.23,718,14447.01313306711,6.487021408758557,72.54040424952551,3.0655031764652034,4.129779604886808,4.963893007020332
3347192,2021-10-06 00:17:40,Wheat Beer,Bottles,Electronic City,19,19.673273834439875,4.670034009130374,1.0688276581895757,4.950172319848759,49,16,1:0.38:0.29,4421,14336.360210694813,6.842194775351643,84.38260743002478,4.018388187713442,2.4762257693107323,1.36425770084411
4862066,2021-08-31 02:32:48,Porter,Bottles,Koramangala,10,16.926185871820334,5.3979146311537285,1.0605935332000074,5.827167499972209,32,8,1:0.31:0.23,4422,12624.8686077626,8.381761103830655,72.73038239465093,3.3457618048173097,2.240409103089851,3.878164552207901
6762516,2021-09-07 20:11:23,Wheat Beer,Kegs,Marathahalli,18,17.05495924263313,4.93249030645503,1.0523544310862356,5.295864171645503,50,9,1:0.45:0.24,4894,14636.51628210294,6.610269005896608,78.13972884900257,2.402183237195672,4.188243691254843,1.9342629049654425
9700940,2021-10-10 22:28:22,Ale,Kegs,Malleswaram,15,24.7651706691337,4.710868533937201,1.0712904706625164,4.784784141850313,51,19,1:0.47:0.20,2572,18175.941429944163,6.815630029695639,75.02202181770471,3.5364235002296764,2.219104420826361,1.4726741621702817
6262035,2021-08-08 06:27:09,Pilsner,Bottles,HSR Layout,18,17.16583124069716,5.030668419364568,1.0310578624765216,5.789996681779178,41,5,1:0.28:0.28,2150,14398.764224738768,6.832656119098063,73.35510484556733,1.53860798249897,2.154863910067772,3.6735439170796775
6033474,2021-10-02 03:27:24,Wheat Beer,Bottles,Jayanagar,18,17.622969862763906,5.071495147653453,1.065909610192291,5.367797576709399,56,17,1:0.38:0.11,3622,6999.173177320156,7.889428619377803,75.78826195510746,2.450563111305091,3.1952288972116145,1.488543112621139
7514412,2021-10-15 06:46:53,Wheat Beer,Bottles,Electronic City,12,21.999243217218016,4.6125722039873445,1.048905194671555,5.843303810824834,33,14,1:0.45:0.25,1879,4481.194437914545,9.84955823566358,74.46215502767117,3.16018951404034,2.840349985500305,3.175000288883584
4941950,2021-09-21 11:21:04,Lager,Cans,Electronic City,15,18.00145216222072,5.161937143521928,1.07758213397639,4.657892089475649,43,10,1:0.47:0.16,4850,6710.790786299598,9.129060032619044,80.22631534625904,1.3180178606937614,2.5336969700343928,4.824095327901658
2088271,2021-09-09 23:30:11,Sour,Bottles,Jayanagar,17,19.51845333038835,4.982850895355414,1.0613440278435513,4.675394431121567,39,19,1:0.36:0.10,3996,1567.3955404813369,8.629280785755109,82.7144486258696,2.591693934950928,2.689447493628128,4.984743341017451
8313571,2021-09-06 20:42:23,Wheat Beer,Pints,Malleswaram,14,21.30107980112539,4.900765994721908,1.0342707868386218,5.209179200036103,55,13,1:0.46:0.13,3744,14252.580340222574,9.00418474772848,75.82636635290798,2.203291753384838,3.462823018846875,3.1638624418974137
2524490,2021-08-22 07:35:31,Stout,Pints,Yelahanka,19,20.736968843572296,5.260101201793847,1.03173864766278,4.614836907009477,31,15,1:0.23:0.11,4560,10631.899587649224,9.269540962631307,84.79237826447516,3.6370811304840074,4.079475352713038,2.112538975771511
5033478,2021-10-07 15:11:48,Ale,Cans,Malleswaram,17,20.161229818918645,4.501528500037782,1.0703582522883242,4.906977396091365,33,8,1:0.33:0.12,4015,5979.418363472718,8.769483152996695,80.44047160216842,3.999972795036428,4.022802886478161,1.1941359246809924
9885989,2021-08-19 06:01:33,Porter,Kegs,Jayanagar,16,15.20118769776592,4.60107057122986,1.0424227775056392,5.29231234164777,24,16,1:0.27:0.14,1843,12672.49582105508,7.428741654198721,72.93896861369083,1.7499881331872764,3.725682734284059,2.646736520534597
5741403,2021-09-16 09:13:15,Lager,Cans,Rajajinagar,12,20.47607316221059,5.21415728539896,1.0745038325741605,5.359210493550189,23,12,1:0.44:0.29,1253,18705.56826952582,7.096812691631433,86.81779391533173,4.639614499351225,1.2018951221472929,1.203029337557335
6592365,2021-08-26 18:57:56,Ale,Kegs,Koramangala,10,19.638024425980987,4.56673160728484,1.0762450714213665,5.830219011507157,20,9,1:0.29:0.17,3729,8510.356611736755,7.6848443227393535,78.71665783934539,3.1487675958086143,3.066704828440119,1.6236965258370333
9983323,2021-09-09 23:03:46,Lager,Cans,Yelahanka,15,16.557445545533426,5.226160494713536,1.0381137674670844,5.516251137759555,33,5,1:0.35:0.12,3052,1914.764150659349,6.275033583636138,80.06984300261293,1.4410506805090164,3.140772554424773,1.369233389911634
3174074,2021-09-20 23:54:42,Ale,Bottles,Yelahanka,16,16.436347633386106,4.6510274512181775,1.0375183005541355,4.530173499275064,58,18,1:0.23:0.13,2263,18689.031919358134,9.362092915246883,74.98836053124657,2.520894473304008,1.4280403334772118,3.459713525729537
926741,2021-09-04 16:03:03,IPA,Bottles,Electronic City,12,24.479968373141038,4.531982402613007,1.0520300027691922,5.743921628395201,43,11,1:0.48:0.15,2342,2496.478634645536,8.769357222237176,89.74272887924684,1.012890371908436,4.770124813828428,2.8851235292170863
2948694,2021-09-01 15:05:43,Wheat Beer,Kegs,Yelahanka,14,17.88205790448032,4.948436647413926,1.040000841917642,4.595282413015317,55,15,1:0.37:0.12,1533,5235.517783175315,8.346439365292651,76.68501346859446,4.740663769039186,2.550846602841722,1.9235463502683845
2721829,2021-08-18 10:15:02,Sour,Kegs,Marathahalli,15,23.45328481916094,5.348897712521781,1.0486260117860615,5.357183109477151,28,6,1:0.30:0.30,3739,3039.9695716614096,8.834589122376046,75.10291166481473,2.603871524043881,2.955855875282912,2.840069868619252
9441866,2021-10-12 11:12:36,Ale,Pints,Rajajinagar,14,20.235690853802872,5.049310472096383,1.059851710430288,5.767864270547442,48,16,1:0.21:0.22,4985,6745.227285674514,6.91296281365436,79.00799759324019,3.09843202640898,1.2693809549252038,2.2578959650129318
4738827,2021-08-24 17:24:24,IPA,Kegs,Malleswaram,14,20.113774240600023,5.484993296620978,1.0529458706884312,4.516446031698963,38,14,1:0.41:0.17,2936,13579.40996706826,7.9991457294708495,82.9955671156751,4.199938070570792,1.2762711054428184,2.564837618226006
1598074,2021-08-07 19:23:46,Ale,Pints,Rajajinagar,13,21.8521575141444,4.548446666475384,1.0714238188234382,4.8102981728898015,51,19,1:0.21:0.24,1881,14384.176151331438,7.894683944573857,77.29208510226408,3.172287882063571,3.63106823482347,1.3359262265734242
4752347,2021-08-30 08:18:16,Lager,Pints,Yelahanka,14,22.390710058611525,5.467959807996854,1.072565573307633,5.212140713493371,23,9,1:0.47:0.20,2289,13249.182727556325,9.038583650639884,84.36997352405781,4.294961337279265,1.211359393890964,2.2540296798311106
4941263,2021-10-08 04:07:06,Porter,Kegs,Marathahalli,14,15.440062023436267,5.35038990406501,1.0658647830622523,4.859864965964055,44,15,1:0.44:0.14,2407,2657.9827664716818,9.826970003097108,74.99706727359623,1.2890206112682332,1.7919552738963649,3.589029112913665
7958735,2021-09-13 15:13:27,Wheat Beer,Pints,HSR Layout,11,22.96019307798669,5.473370407213836,1.032250476054721,4.9785404638602815,47,16,1:0.24:0.19,3463,10743.69436029205,6.761848699039749,72.49500579467033,1.3100542858322508,3.4680804808233185,1.9907178767563212
5794070,2021-08-19 03:20:19,Ale,Bottles,Malleswaram,11,20.45227226381565,5.063112885226129,1.0520269890106868,5.371798089947402,54,17,1:0.42:0.13,4216,3928.054714894457,7.743945946009802,75.06716454738537,2.44632321035036,3.731846672616976,1.449745107494548
2022565,2021-09-14 04:23:03,Wheat Beer,Bottles,Jayanagar,17,18.2205665317251,4.768142667874332,1.062957174513659,4.937488052016945,22,13,1:0.21:0.21,1694,5571.191901148905,9.958045594927398,79.31788576222873,2.0377322916420564,4.115653800883195,4.177053781936869
9557011,2021-09-09 09:44:20,Pilsner,Pints,Whitefield,10,23.39252639600273,5.255389773006589,1.077643173222539,5.603697573176927,38,8,1:0.25:0.14,1403,2442.438733205692,8.007243423455431,75.36805664214747,4.193688885408173,1.228445683590175,3.527027031197705
1040047,2021-08-19 01:12:59,Porter,Bottles,Whitefield,14,18.666271741320926,5.487701193394638,1.0670720494570165,5.468726265207278,57,11,1:0.29:0.16,4895,7476.225362200375,9.100030897517662,87.3489752817787,3.171718730848679,3.905796413686796,2.61678856699068
638722,2021-09-02 10:22:40,Lager,Kegs,HSR Layout,16,23.03021589639551,4.611843921241008,1.0713448209106662,5.609034609031643,39,6,1:0.34:0.23,673,1970.876590221908,7.169472337406408,83.23153827082626,1.3100688285768909,3.397131351743341,4.061545806178111
1622217,2021-10-09 01:13:37,Lager,Kegs,Jayanagar,11,20.86926797443487,4.866635685073242,1.0770483862957765,5.075045528169131,28,17,1:0.28:0.30,978,10677.088122650748,8.321326760888342,77.07799471572184,2.2939196228225653,2.737212863503663,4.940590762866929
2938249,2021-10-11 02:25:51,Pilsner,Pints,Jayanagar,13,18.221127486566843,4.86302833458449,1.04984520594762,4.8901367606325925,54,17,1:0.31:0.30,3779,13776.388373097734,6.07056171312267,72.62350682826046,2.804602661157199,3.416006951284654,2.404538678599216
3769676,2021-08-27 05:12:26,IPA,Bottles,Malleswaram,18,24.12423200832386,5.332502128129915,1.0672751378885366,5.638188116507687,31,10,1:0.32:0.28,1545,4356.203735383755,7.206234963893485,70.15535962219583,1.7515843249807626,4.060816235246159,2.17365556700036
8299559,2021-10-11 17:17:15,Lager,Bottles,Yelahanka,17,15.17578231508335,5.074301713180789,1.0372460815383304,5.30910276075592,43,6,1:0.27:0.15,3119,6010.215359837135,9.656428615770682,74.89646117642314,4.917381750778671,3.456559898980133,2.8894161170857955
5160012,2021-09-14 19:58:27,Ale,Cans,Koramangala,13,21.30104759758432,4.575310739535521,1.0393697343191843,5.608038917661739,37,14,1:0.33:0.13,1759,11800.18131850472,9.74497818997363,78.45518692223526,1.9616786810971176,4.227243301123467,4.6327838810391615
7099655,2021-09-25 23:57:55,Porter,Bottles,Indiranagar,15,18.854055874957467,5.373971356135553,1.0580412858840402,5.897091889048807,37,19,1:0.35:0.10,4332,17523.38592630944,6.177449697088719,75.6075812327685,3.142452383528953,3.4850965081235348,1.3011207733193872
555521,2021-08-13 14:22:14,Porter,Kegs,Whitefield,11,15.800250281456128,5.450263099689896,1.0331387070494813,5.985177315749712,52,12,1:0.30:0.30,958,16917.87389425016,8.986955410932154,88.57032953933155,3.151855324767144,1.1022446368518164,3.1532105749902093
7579305,2021-09-12 06:24:45,Ale,Cans,Electronic City,13,17.906490462390995,4.644078586651483,1.0573880769181838,5.806910555566121,22,6,1:0.49:0.11,2720,2866.297480898729,7.047569998991464,84.8006490822841,2.776585229171805,2.784773363667353,3.813032483457016
9093214,2021-09-22 07:39:40,Sour,Pints,Jayanagar,17,15.348482158311157,5.192456478917071,1.0489282236260309,5.689295343571597,53,6,1:0.28:0.21,3876,13219.101675222111,8.245210980152125,88.08966350690025,2.7661974391863744,4.759610252217442,4.033338370887944
6094428,2021-09-20 10:33:07,Wheat Beer,Cans,Koramangala,12,20.25461846368929,5.04283145321502,1.0495354941581316,5.29060624760684,31,14,1:0.36:0.23,1459,10423.302586852462,9.536433387917398,74.03837478588353,4.145964452890772,1.838492192882637,3.589391295580723
4472498,2021-09-03 10:18:43,Ale,Kegs,Marathahalli,11,20.82421384996333,5.2047920538205545,1.058919884849199,5.654318633090934,58,18,1:0.21:0.29,3878,15629.025607032228,6.557263338618727,78.48205892098048,2.789396098855843,2.672113408888241,1.7873886595339852
1592526,2021-08-28 23:52:53,Sour,Kegs,Rajajinagar,14,20.630222282702555,4.821041687255001,1.052285882407091,4.508094493100849,35,19,1:0.47:0.26,4420,6970.236233383038,9.58137107645878,76.2288795567382,4.6874569918146936,2.134824248578484,3.4883787499827736
6887094,2021-09-22 23:44:11,Ale,Bottles,Marathahalli,17,15.963571066012769,5.165494533649185,1.0533930326187169,5.964816928485117,55,5,1:0.43:0.12,1415,15915.29714384495,8.828345389169726,87.13960202598855,2.036061697170435,3.2651604957622604,3.292501807402533
33010,2021-08-19 20:55:46,Pilsner,Cans,Indiranagar,18,23.16979760681648,4.832571467128672,1.033249809732736,4.638046569897484,40,15,1:0.25:0.22,4330,19436.435992075345,8.344985308254516,87.1347627413779,1.5291368525731723,4.11462402922116,2.86261474939612
3304973,2021-08-26 18:25:14,Wheat Beer,Pints,Koramangala,18,18.939213923393822,5.035837044492645,1.0610971459920815,5.894468436147339,30,14,1:0.46:0.19,669,4884.6066190407255,7.926667296132114,80.62795196175152,2.0133800355960587,3.968630753744048,4.972052415459492
3916851,2021-09-14 03:47:18,Sour,Cans,Koramangala,10,22.1577945931527,4.918107862112796,1.0397830368671457,5.537871457737642,56,5,1:0.26:0.28,1891,16270.220602397318,8.444214058960775,70.26503004957482,3.120788571049333,3.832204932372793,1.3345719483164735
8298084,2021-09-10 06:05:35,Pilsner,Kegs,HSR Layout,14,18.80708844658163,5.168445140017311,1.0573600590397734,4.990697098669799,58,16,1:0.47:0.18,2419,8415.607413870042,6.831771192584418,83.11254906356115,1.7088908310160322,1.85036313900223,3.992824736369624
5436881,2021-09-07 16:22:14,Lager,Bottles,Indiranagar,14,18.37101809940017,4.505880603971022,1.0630763898408058,4.98481633946838,21,14,1:0.33:0.15,2653,10296.489497839382,9.65441875534519,78.7455664797185,1.7761968171535396,4.254568187155121,2.5566591435590422
3613963,2021-10-04 10:23:52,Lager,Pints,Indiranagar,12,21.251059709231747,4.535594005280016,1.0455799897046527,5.083867052589008,54,12,1:0.31:0.12,3333,11351.370311999655,6.087421346215423,82.98994831341034,1.0023550855337304,2.447705850036917,2.484009945398441
8747738,2021-08-21 18:58:39,Pilsner,Cans,HSR Layout,19,23.64538140743332,4.92379371596297,1.0768384204812342,5.630496491628819,46,6,1:0.30:0.20,1691,4648.35079521763,8.656034698799601,74.04752192127741,2.802886414530209,2.4726260723815967,2.1414945569001103
2597220,2021-09-10 00:11:30,IPA,Kegs,Rajajinagar,16,18.64342494349884,5.368927559266127,1.0592175376732194,5.662856114446573,32,10,1:0.44:0.13,2977,9465.545169669804,9.459524706680194,88.95701763337995,3.1989642094107857,4.145697876919332,4.951161710850188
2106010,2021-09-14 10:22:16,Pilsner,Bottles,Electronic City,12,24.862932967565456,4.615048023084128,1.0738799377065975,5.108435164990964,42,11,1:0.40:0.18,2833,16408.05548845968,7.241756278210905,77.24859261814885,3.524338365590192,1.996218453736275,4.087291763487398
6878299,2021-10-16 08:28:07,Pilsner,Pints,Marathahalli,16,21.02526935763816,4.517057600500617,1.0306115090601318,4.934102991166538,21,11,1:0.45:0.10,3028,17836.33169159189,9.10928150772484,72.51410758310166,3.1735227393130434,2.718631028610616,2.167758319221471
5764536,2021-10-13 21:42:37,Pilsner,Cans,Electronic City,14,15.564619710978548,5.480775272701013,1.075882426522323,4.92184493933274,30,19,1:0.28:0.20,4128,4665.447182479215,6.995444788934835,86.8170845723071,3.963020438539878,1.8540357548431576,2.2493933732191977
2868158,2021-09-09 03:47:13,Porter,Pints,Rajajinagar,18,24.054802890987943,5.314452499236249,1.0418761923853166,5.715000930556418,35,18,1:0.43:0.17,3328,13780.5894741779,6.412710194811377,80.46404388338382,4.992690965105419,3.8052075803309457,3.5727767097802814
4010975,2021-10-07 20:55:27,Stout,Cans,Whitefield,16,15.533918968288642,5.12447565032885,1.0521692806897764,5.0280257757405336,43,19,1:0.38:0.21,2754,8183.315453138858,6.931520860625497,84.29628911090042,4.247632143071307,4.362814932856201,3.556594869796244
178811,2021-10-01 12:50:04,Porter,Pints,Marathahalli,12,17.899728081567563,4.795176435336527,1.0341917053833944,5.982468925828615,54,8,1:0.30:0.16,1011,14450.358955929883,6.583230478896083,77.71264820828786,2.677408876463918,3.324776925308373,2.2029474201419075
397769,2021-09-17 18:46:30,Sour,Bottles,Indiranagar,19,21.818128609418043,4.85872746817871,1.0671070987630495,5.051035725925239,59,17,1:0.28:0.25,4969,12486.31077186218,8.099432991901695,78.36601472755808,4.981874416451846,1.4667580504554456,1.980353943190224
5919213,2021-08-23 00:31:41,Sour,Cans,Rajajinagar,18,20.4209391926396,5.201763542869175,1.0401779903684376,5.482313620169043,36,10,1:0.27:0.21,2691,4680.445395946153,6.764102650886265,80.44603861081605,1.647799825515356,4.77522371807032,1.2214795424309584
1552542,2021-08-27 07:56:49,Sour,Cans,HSR Layout,14,23.30746427469818,5.115696769666024,1.0323760722120725,4.902903622893171,25,18,1:0.50:0.11,3683,8710.081061101508,9.85018213780641,80.92152977841704,3.234666780387547,1.8569099546943644,3.0326837533039326
4648518,2021-08-21 21:55:07,Pilsner,Cans,Indiranagar,14,16.436870588637717,4.941105366993639,1.0367504936854754,5.0870182958926105,45,17,1:0.50:0.22,4826,3848.601509909442,7.815258621386224,73.16330383201061,1.7730998227567274,3.3914562216606288,1.5542439298722917
6977476,2021-09-18 00:38:22,Pilsner,Pints,Whitefield,14,23.419655044275792,5.237916823851766,1.0694975837717722,4.870120472843492,52,6,1:0.47:0.12,2731,3732.940258037454,8.850639834631366,72.14066319500863,3.1740748112777384,3.118666427395797,3.8508923665436665
4891854,2021-08-31 19:09:11,Porter,Pints,Marathahalli,11,17.482770562168053,4.913867479102103,1.0427950951327287,5.711225071268116,49,6,1:0.50:0.14,1409,18986.5887409959,6.1700350198102285,77.92649579415571,3.4421746801524384,4.342499369387361,2.907626719837382
129667,2021-08-30 13:29:16,Wheat Beer,Pints,Marathahalli,17,17.452687301431812,5.096766757738421,1.039377110869534,5.978028976440298,36,19,1:0.48:0.21,2550,18951.83622820598,6.577331354590825,83.35823659091471,4.747469157895942,4.412420774487448,1.5048131827822369
7276626,2021-10-18 01:06:10,Pilsner,Cans,Malleswaram,10,22.73154589902679,5.35350173882261,1.0765358729001042,5.607607767291617,46,16,1:0.44:0.14,3687,12077.28678358418,8.67094934222511,77.61059771210321,2.5833424890845853,1.4949029156780465,2.8234503619893343
2338751,2021-08-15 23:05:32,Ale,Pints,Electronic City,14,16.937853145442205,5.33050754247846,1.057491189089632,5.216773983492828,47,16,1:0.48:0.25,3126,6353.8674381905375,6.2301191266627205,84.52538002711,2.4024305537505986,4.980117573349318,4.501344806853479
9085372,2021-09-12 23:17:17,Stout,Bottles,Rajajinagar,18,22.951229752398124,4.962514311891244,1.0315494730279415,5.739230131327854,28,6,1:0.33:0.27,2704,2197.977661524179,6.850738756221958,88.51053964969726,2.1615338481535447,4.3648171440062615,4.633892242801798
2594521,2021-10-17 00:25:30,Porter,Bottles,Koramangala,13,21.4743650684056,4.77442544102032,1.038531608946613,5.73962518971935,53,13,1:0.34:0.29,942,3264.8692239467664,6.734557856086118,73.3562049128465,3.194304901736352,4.370154549057093,4.842186043748505
5362689,2021-08-26 01:14:54,Ale,Bottles,HSR Layout,10,20.314119437451197,4.932900782344791,1.0638802889206167,4.723790520458586,40,12,1:0.32:0.27,1017,8909.549773293518,6.087036776693241,87.7597019566885,4.283156980640003,4.159331294889897,2.964687024584075
9658389,2021-10-08 11:07:18,Lager,Cans,Yelahanka,19,23.163308605413995,4.876299522022003,1.0546283514293615,5.006861316494805,25,17,1:0.30:0.23,994,8353.36362319369,6.435048560479271,84.26703843579318,2.3234388560484653,1.5708913069294512,2.558665087071059
7738220,2021-09-19 01:45:25,Sour,Bottles,HSR Layout,11,19.121436790179374,5.361856715659972,1.048914894878627,4.612173084673665,54,11,1:0.46:0.14,3636,8188.558967571634,7.111801651085425,87.59919028627982,3.892000351958866,2.2653527757421226,1.8577481488746188
3281269,2021-08-10 19:36:40,Porter,Bottles,Electronic City,15,15.708446733281871,5.459358775215322,1.064048370482237,5.949670306625417,38,12,1:0.36:0.12,4113,1333.2799465871772,6.6017787193628905,82.32368722510137,1.7197228123603483,2.264869276861939,3.197949104840077
1380457,2021-09-22 05:32:30,IPA,Kegs,Marathahalli,19,19.758812201572617,4.541663765647397,1.0541023413564543,4.995709766029829,34,14,1:0.29:0.21,4868,10217.277618828146,9.069396100299766,81.00822732379956,4.537636852713602,3.543477926380501,2.6428188975408298
1639636,2021-09-10 05:44:26,Porter,Kegs,Marathahalli,12,18.516121660278923,4.686669588977683,1.071323616015733,5.530043179692216,36,6,1:0.32:0.15,3206,11227.147937961356,8.198205020545098,88.20867474977345,4.404549294964847,3.086957128687408,1.3363614116794702
4665510,2021-10-12 07:11:49,Stout,Bottles,Jayanagar,18,24.311612980810605,5.490772666287091,1.0726676125533392,5.645596597495205,47,14,1:0.25:0.14,2515,15294.803774069076,8.622742191801137,86.67301781676655,4.573587412063056,1.762877392077597,2.8214021766345434
4418913,2021-09-18 20:56:48,IPA,Cans,Yelahanka,16,16.364616169877618,5.138171182469604,1.0647297092530772,5.669297647069199,29,14,1:0.25:0.18,1787,3918.876832326855,7.208101447362598,71.78055431305194,4.922156484674749,4.792663447222527,2.797824313810318
6959619,2021-08-10 07:34:02,Porter,Bottles,Malleswaram,17,18.83551883059595,5.407513055803167,1.0638745396228333,5.724042625342742,38,13,1:0.33:0.22,783,13307.45516767485,8.07768072554343,78.32711865489924,4.315176800569079,2.3675338859364468,4.083951029241328
9595815,2021-08-23 05:13:06,Porter,Cans,Koramangala,17,19.86188998740944,4.84999899821872,1.0630414825915415,4.548191579061814,21,5,1:0.32:0.17,4795,18918.608914086504,8.946903788205299,74.8036471096045,3.7302760251702742,1.766170550311828,4.32203417618438
4147503,2021-09-17 02:35:30,Pilsner,Bottles,Marathahalli,11,15.506890320639608,4.980845683729302,1.0533920644367398,5.778507379261088,57,12,1:0.37:0.18,1955,13588.591691442696,7.248778730741771,82.1417978952299,2.460729599355891,3.2457697791105007,4.087451461986129
5020729,2021-10-07 09:02:50,Stout,Kegs,Koramangala,17,24.992754413188333,4.700469104041871,1.0467364591218145,5.122623899400007,38,11,1:0.40:0.21,3423,16193.64111899884,9.18896164087912,81.00307487309934,3.640716580880014,3.01910955071412,3.024580367979269
5699452,2021-08-15 00:51:52,Stout,Bottles,Marathahalli,13,18.52887391821819,5.041895979284771,1.0607727293057991,5.156766384734988,52,7,1:0.46:0.15,2629,18450.79866429701,8.044051025261432,83.76152118205965,2.0618648587148054,4.6987521889307535,3.303668875544146
6879793,2021-09-10 08:40:42,Sour,Kegs,Indiranagar,18,20.893331771009045,4.942914425539198,1.0632402199383533,4.775931499048901,53,14,1:0.35:0.16,2166,5746.871926472014,8.978112229419246,86.04053529603375,4.024822082480286,1.0965449892069348,1.3087535036282325
6079216,2021-08-08 03:04:19,Wheat Beer,Cans,Whitefield,10,15.37911796587936,4.750926271690608,1.0432384053950117,5.058990370714136,51,16,1:0.33:0.27,2420,12221.080495750968,8.336867434903407,84.22365676269843,4.294994338782571,2.1804648364158834,4.244297742192613
8439968,2021-09-06 09:53:08,Pilsner,Kegs,Indiranagar,12,15.336657685473206,5.272034984378523,1.0350956227400296,4.975172014409535,32,17,1:0.49:0.14,1138,2922.833928334859,9.839410890275348,74.25570278204948,4.3432197193258535,3.342376189275971,1.3904912874363964
2073671,2021-09-01 12:14:24,Lager,Pints,Rajajinagar,12,21.19515441891579,5.291187888070306,1.0671640706940726,4.718327114110037,52,16,1:0.34:0.12,1325,2070.316877102362,8.97518455719689,76.86668703816967,4.954347933031444,3.833344501584671,4.061642068557562
9372515,2021-10-03 19:50:14,Porter,Pints,Indiranagar,16,15.292180664065851,4.761596595113898,1.0533005488410854,5.048903083347001,29,9,1:0.27:0.23,3748,7893.985191402909,7.701048503710875,84.45650528812786,3.457322769147821,1.1500362962107205,1.45093681104427
3361905,2021-10-01 14:20:15,Pilsner,Cans,Indiranagar,12,15.499677596234452,4.759339495042331,1.0527107961440676,5.778809040753135,25,13,1:0.26:0.18,3341,16090.805179245392,8.945089704361756,82.30304061597244,3.8301367064794336,1.3527091895451542,4.192488544487585
483451,2021-08-12 21:25:54,Sour,Bottles,Electronic City,18,22.770794549159987,4.850595697962543,1.0388640832411735,4.893535812420836,37,6,1:0.23:0.27,3446,17536.663622051437,8.640177515372194,86.71991714159572,2.4611292011993693,4.184456261858344,3.2656610801669794
2905632,2021-08-25 21:20:06,Porter,Kegs,Electronic City,10,19.97832264297845,4.920609588776388,1.0507336085571508,4.898874375643128,45,9,1:0.45:0.27,1155,8202.15983186248,8.840921079117399,74.56576693332393,2.9057510856874567,1.0821775473885085,2.236476313177932
7830835,2021-10-08 20:56:38,Wheat Beer,Kegs,HSR Layout,18,17.549742941378476,4.672620792498869,1.0594687301308603,5.875819161110336,43,19,1:0.49:0.24,4121,1241.9343881550706,7.008997406729352,83.84629469937552,4.792645675874251,2.9068431043823053,3.798317401433509
25046,2021-08-10 00:08:48,IPA,Pints,Electronic City,17,21.1523023224427,4.560698063530219,1.07646979838286,4.562491291060078,26,19,1:0.39:0.14,3274,12549.227898647074,7.965730602221083,79.9362925802628,4.298624787852509,3.606418887857541,2.7252900197108065
7362836,2021-09-19 19:30:36,Stout,Bottles,Rajajinagar,18,18.44118183825831,4.756263202808263,1.0376723493191624,4.641064820135597,33,6,1:0.28:0.25,4907,15043.261242638846,9.47683168633607,82.87402824322527,1.7647514050037847,2.3077056701652205,3.8444903789011255
1620494,2021-09-06 03:25:09,Lager,Bottles,Koramangala,18,19.140000559456876,4.514670817130558,1.0660634891354586,5.883521915875209,28,12,1:0.24:0.19,2247,6950.891874180559,8.379393936715758,79.14005611604641,3.7902452378673854,3.553619164784149,3.382705285174562
7625914,2021-09-25 05:28:52,Pilsner,Pints,Marathahalli,17,17.588833666715608,4.88709823315866,1.0381402936861717,4.903125723895595,43,8,1:0.41:0.15,1665,2551.112000764026,9.997900099437205,85.98344441475881,1.5016294032982085,4.377943953847636,1.9171101130718289
9886624,2021-09-04 23:39:14,Pilsner,Pints,Electronic City,13,15.11496662273198,5.486805224345291,1.0604056141259266,5.41520396056913,59,15,1:0.24:0.16,1134,18579.869799757795,8.398755956875435,73.5161484242214,2.4146199403712405,1.4233081606465632,3.4748497634068625
286101,2021-11-03 15:15:35,Ale,Pints,Indiranagar,18,24.960948899351813,4.879769532020664,1.038165997549635,5.8858335493039,38,12,1:0.23:0.15,4024,5255.176819536051,8.585525397295598,89.42008462589718,2.0795547828249807,2.100553137272311,4.999360472218669
8482804,2021-11-17 12:27:57,Sour,Pints,Marathahalli,10,24.690001955304524,5.287242147088928,1.0451851326392594,5.9141516173897095,56,10,1:0.24:0.27,2393,4008.493471994176,8.939415428774863,70.30855415660918,1.3446545190450578,1.4726222415325587,1.4322926863953835
9211368,2021-11-08 20:22:42,Pilsner,Cans,Marathahalli,10,23.18313401068707,5.021086248534313,1.0514269886012029,5.316193293260998,46,14,1:0.26:0.29,1140,9002.985308425432,9.12920293851882,80.00451781874857,3.748225673208723,2.5576138980622063,1.5103926826624887
2129908,2021-11-07 19:01:07,Lager,Pints,Malleswaram,17,23.3487058439548,4.860665079773216,1.0423385577499862,5.426222578300636,55,9,1:0.34:0.15,3205,2000.6732376173884,8.999052500446867,74.95416396817724,4.715772661179511,3.205080605766958,2.9481851194606192
3241161,2021-12-18 04:08:49,Ale,Pints,Rajajinagar,15,24.08106531056658,4.647472869129624,1.0618386749091049,5.518319979161662,28,12,1:0.28:0.25,4936,7616.381590736722,8.254860260749334,77.95666136229202,4.973198481526822,2.5257889748599327,1.4226330162767409
8007447,2021-11-12 06:12:19,Pilsner,Kegs,Koramangala,18,24.89422900268465,4.798108547752337,1.058275345920542,5.130365581161578,43,18,1:0.44:0.21,4166,16959.04342765858,9.701080803417202,73.84659271565417,3.956423324037289,2.4149165627318387,3.172592394696885
6034320,2021-11-19 21:45:14,Sour,Pints,Jayanagar,14,24.257184373865737,5.281814104653506,1.0739286818627582,5.335702417428689,46,8,1:0.27:0.18,2412,6865.604789431928,6.236603906884843,70.50593921428245,3.3594305869328216,1.630790238472401,1.0516848911584118
895532,2021-12-23 02:16:54,Porter,Bottles,Whitefield,13,21.7078228832118,5.044728318235489,1.031928711054935,4.5044060172542935,48,17,1:0.21:0.18,883,1067.036795828444,9.588898747817083,72.41050041639764,4.987743984185686,3.16140465243032,4.232379135062392
5564761,2021-10-20 09:28:16,Porter,Cans,Marathahalli,14,22.32804560055284,5.007385104802514,1.053283135595588,5.046888844166727,30,15,1:0.30:0.23,3573,9418.459192652375,7.996436604375319,87.68827122538956,2.689847017086316,2.0476263855811148,3.2353309705805726
7480448,2021-12-14 07:17:44,Porter,Cans,Marathahalli,15,20.67012134927511,4.916823372041402,1.0726067975224958,4.846862466177863,33,16,1:0.47:0.22,1733,4267.613301419215,8.145811095953121,88.18764108178337,4.839564814159815,2.87746352338698,2.6271570467951486
2829615,2021-12-27 11:13:10,Ale,Pints,Malleswaram,11,15.629715151895576,4.5199641417521015,1.0307125361188283,4.54031354340166,50,10,1:0.24:0.23,3215,6715.884106908756,9.374748205706952,74.36032767957948,3.996145229143997,1.844466531032528,2.5929340272749384
5612111,2021-12-03 13:28:44,Wheat Beer,Pints,Malleswaram,16,23.961220810072437,4.621848185813445,1.077663928502634,4.507277694631289,29,12,1:0.35:0.13,694,19016.80961065796,9.187434254821028,76.01260940847973,2.821517176193629,4.673013162110667,4.660276321679094
8372060,2021-11-22 01:21:23,Stout,Kegs,Whitefield,16,18.430413261190303,4.827110294248637,1.0532686012657522,5.741853626065565,42,7,1:0.24:0.12,1849,5467.979275965989,9.460684646344324,81.84521618666658,2.6914737578095096,4.858452997462358,4.969848213368596
7875110,2021-11-18 22:24:12,Porter,Pints,Malleswaram,10,18.12968846405092,4.554558155667335,1.0403492126613276,4.854009603303122,43,19,1:0.34:0.26,1336,11541.6575893756,8.540425188233517,75.77287808501097,1.638474395198049,4.59482653439413,3.534875741187953
752951,2021-11-03 10:35:43,Stout,Pints,Koramangala,13,24.59395254806299,4.988630196877552,1.069418306580571,5.574704945336011,35,13,1:0.45:0.17,1119,17981.584243040204,8.005915204853586,73.80176001562548,2.437078554488739,2.3258747065837837,4.997537396389237
1164277,2021-12-19 18:57:47,Pilsner,Kegs,Indiranagar,12,15.968908647874688,5.258579419270472,1.0675493880892863,5.057625943251184,24,7,1:0.30:0.21,2769,15037.55414116212,7.4016844598703475,76.0096276917161,4.680263963098714,3.250489142687421,4.904317843080465
8503522,2021-10-31 07:52:32,Stout,Pints,Koramangala,16,24.525539045967548,4.769795935999051,1.0400299564524538,5.768325815947869,31,15,1:0.46:0.17,1155,7508.42530898726,6.961274608029941,71.96294081172921,3.240254108369249,4.796131856687556,2.6698690958461784
7212985,2021-11-28 11:45:46,Porter,Bottles,Indiranagar,12,21.3769907510218,4.525288449675606,1.070979889942461,4.763176014206249,30,18,1:0.46:0.23,674,15012.725328746108,9.33465712802362,76.67235150136426,3.4463461741563424,3.064846194636373,2.539044523325316
7877408,2021-11-07 22:23:24,Pilsner,Pints,Electronic City,13,24.82432725550924,5.008000304322067,1.0540250633155892,5.266237107901794,20,14,1:0.37:0.24,4858,7911.969086572887,6.055296038244329,70.15568949699656,4.347764955605805,3.969709442310401,4.302984184196939
2661840,2021-11-22 00:45:57,Porter,Cans,Malleswaram,11,20.644228754861203,4.734960610650518,1.0404173090922215,5.424193037943366,20,19,1:0.45:0.21,4881,2223.5114968724406,9.522599080967009,85.2556070231048,4.086047441219041,1.6299761747590715,1.2141900721261267
5641977,2021-12-03 01:47:16,Sour,Kegs,Marathahalli,14,23.626235788999068,4.822861493276269,1.0799492087891858,5.7453703473134965,57,7,1:0.39:0.13,3661,16259.650856643038,7.075495864780245,71.55123760913908,1.0993212378432338,1.0155070889760127,2.9646901617893966
7445582,2021-11-16 18:30:34,Stout,Cans,Malleswaram,13,24.39757567187097,5.320884393659344,1.0509961156172911,5.1696561258954254,45,13,1:0.22:0.29,1792,13097.69649052929,7.396581668146116,85.78409263799031,4.418397447627127,4.76040229837923,1.3037499312447167
4138259,2021-11-13 18:35:21,Porter,Pints,Koramangala,11,15.180393616775708,4.594979113457674,1.0595134836078983,5.06109536180357,54,7,1:0.50:0.25,2511,17176.73300518475,9.775487432604764,82.85720604694768,2.3166545434001127,3.032008919255748,1.0626640360077468
5927680,2021-10-30 12:37:24,IPA,Bottles,Yelahanka,14,19.937515555824127,4.993958919811398,1.0788788959149638,5.338334117999288,22,19,1:0.20:0.22,2871,4135.964843482258,7.671273539419168,88.5013900942646,1.5540785013683944,4.205036460473252,4.9256952732094135
8957338,2021-12-24 14:57:30,Porter,Pints,Indiranagar,17,20.786138062597203,4.628646685281833,1.0469207350139342,5.815860597629289,20,8,1:0.42:0.19,2711,16798.99970357724,9.145951456049696,84.32518320001094,1.9931562393001987,3.607323927583583,2.9499405765659823
1740849,2021-11-05 19:50:13,Porter,Pints,Marathahalli,17,17.820449385204174,4.7089219276543846,1.047962508156066,5.071035323736349,45,14,1:0.49:0.13,3132,17476.494571762385,7.609565447596938,77.3128689525561,2.7206467091242987,1.3926583569307862,3.71266306294327
3190793,2021-10-19 22:13:04,Ale,Cans,Whitefield,10,15.221379056730951,5.192437520305481,1.0577426643941463,5.755420452771551,55,9,1:0.44:0.28,2950,18041.62353805797,9.924108249218154,84.56247428303892,2.542257614334302,4.0260167121828765,2.895117573745717
7477360,2021-11-11 11:48:24,Pilsner,Cans,Jayanagar,12,23.477716891675644,4.818479840784105,1.0339699569279608,4.655154326872077,55,6,1:0.21:0.16,2298,11255.291144844574,7.653836732195165,71.60388843056046,4.118358006965235,4.63354843543395,4.822877063709177
9142152,2021-12-20 08:26:41,Lager,Pints,Electronic City,14,22.00766152193064,5.484703997830696,1.032583807524179,5.059430872961072,24,15,1:0.42:0.13,4524,15420.310920737284,6.420196707341528,82.01219907129975,3.338654347991595,4.966477132012143,3.977335529174313
1205340,2021-11-25 17:12:38,Stout,Kegs,Rajajinagar,13,15.383172177877771,4.8673476621202525,1.0623586706045671,5.515255662532082,50,11,1:0.22:0.22,1119,6599.850900754351,7.44951632680735,88.34776179964547,4.487512645476476,2.321771800407838,1.0962967876933325
3630370,2021-10-31 05:27:31,IPA,Bottles,Electronic City,11,16.407179159659485,5.056423930074047,1.075009971064072,5.303252100203021,55,17,1:0.47:0.23,2551,18432.43085951881,6.084778895656431,82.64076773475445,2.5707064767925627,4.560033829027182,1.548949741129812
3384025,2021-11-26 06:18:16,Wheat Beer,Pints,Electronic City,17,21.047520491293888,5.014235431883604,1.043752545423663,4.951395170354427,59,6,1:0.39:0.20,1213,9527.599907241496,6.29789996382762,72.38765718425694,2.528401195581617,2.3638590721655945,2.835587701084272
6842898,2021-11-21 10:59:19,Pilsner,Bottles,Koramangala,13,24.909975275783538,5.442506979097644,1.0470146232022486,5.12830396993239,30,13,1:0.39:0.14,2194,18201.090884963032,8.023678610513254,85.5171794659797,1.3058619155036362,3.5930065473870343,1.9447230591551192
124334,2021-10-31 03:13:38,Stout,Pints,HSR Layout,11,24.26887066167607,5.007283871233348,1.0692610429484255,4.703502329439366,54,18,1:0.41:0.15,4316,17709.800537114512,7.498326471970196,76.03655684624235,1.7337527060741589,4.717865059197923,3.005101594115929
4886093,2021-11-14 14:23:57,Porter,Bottles,HSR Layout,16,23.40711230950786,4.776065426226306,1.0711382023342515,5.667194568454211,31,7,1:0.41:0.11,3867,8575.620021497987,9.464390752920616,77.58062560543695,2.95407938634115,4.015995651098027,2.4947452828977306
3490792,2021-12-21 04:56:55,IPA,Bottles,Malleswaram,13,16.24113301282976,5.026889675071611,1.031382210770435,5.711232696021126,38,9,1:0.50:0.26,4694,18429.57419634868,7.502606745744198,74.11322557353505,1.869072043184292,1.0045504651971626,3.9503122912691695
5704511,2021-12-23 05:58:15,Ale,Pints,Yelahanka,13,24.424639545164013,5.219154952006308,1.0795956922606154,4.50993181675405,22,11,1:0.50:0.20,3594,19551.02437205963,7.012419972794122,75.17583821909314,4.265209943701342,2.4857905922182697,4.625910240671812
883728,2021-11-08 08:21:20,Stout,Kegs,HSR Layout,19,19.54190134198185,5.046923983765826,1.07994418757269,5.188033299785763,57,5,1:0.48:0.29,2460,4915.258770355387,7.566071574232279,71.90055862086278,2.09678446622148,2.602021768323482,3.723998414184357
3331711,2021-12-23 21:00:55,Sour,Kegs,Rajajinagar,12,15.658515862038763,4.940726884125947,1.0461905588185412,4.780443427344374,21,12,1:0.37:0.28,521,4675.079409515383,8.533233956921741,78.70740386954168,3.137040352759836,1.9954853855228876,1.4267898912938466
659063,2021-11-26 21:53:25,Sour,Bottles,HSR Layout,17,19.92755239335657,5.144274432668549,1.079318987395366,4.641243169909297,54,15,1:0.43:0.22,3518,6956.1605241596135,8.257288333876051,83.44297235891489,1.4339589378248443,1.108308532462248,1.1925674458214184
7856312,2021-12-08 03:05:26,Ale,Bottles,Electronic City,19,23.864984432059344,4.795358385195105,1.0661130648650143,4.513028766741062,50,13,1:0.24:0.21,1783,2204.4231861320786,7.104244707166144,80.87157946267828,4.797480577902881,4.62342808455748,1.7137503679709152
4870674,2021-10-25 17:32:45,Wheat Beer,Bottles,Yelahanka,15,24.31886176709313,4.521183930999952,1.0572979967092282,4.992685348320268,29,19,1:0.29:0.13,4230,15578.977553556531,6.418801893957045,71.84742018330431,2.487869959226909,2.9454280479024497,1.171245823856054
4523688,2021-11-24 08:43:16,Porter,Pints,Marathahalli,13,21.74808026796783,5.218964729679093,1.042666623777787,5.418566335148995,36,16,1:0.37:0.17,4303,3423.5357331802093,9.126603590639158,82.72324086538045,1.0692806162255133,4.554857538526598,2.758174275359313
8293784,2021-12-04 10:02:30,IPA,Bottles,Marathahalli,12,21.75316758686245,5.4676814425926015,1.0784217199077235,5.920277168336627,53,19,1:0.47:0.16,3474,11098.774301161806,9.471017787930757,76.3490702133186,3.713286222835052,2.6374176544134027,1.5115202536922845
5777820,2021-12-02 12:26:32,Lager,Bottles,Malleswaram,14,24.758519098175437,4.505797619932443,1.0689531912217518,5.39430975889152,20,11,1:0.22:0.18,3248,10644.562974484568,6.854109631646358,80.86914349613801,3.8960404013208927,3.913223073881131,1.5783286264345795
4353696,2021-11-15 13:54:27,Pilsner,Kegs,Rajajinagar,17,19.004965565849115,5.212518566789682,1.051651446821494,5.610390600223164,47,10,1:0.30:0.20,3593,13556.356872280696,6.965118312360634,70.2494764430558,4.268922854895672,4.66155401343285,3.46223038444994
2286411,2021-11-10 03:10:37,Pilsner,Bottles,Marathahalli,12,19.324143490547232,5.155231967349408,1.033437961449576,5.166722131720039,40,13,1:0.26:0.22,1722,6497.17880349562,7.251491124747513,80.29803215110425,2.394231462899491,4.1032937000979,2.48950779705474
4986647,2021-12-05 02:18:34,Wheat Beer,Pints,Yelahanka,15,23.633693422429,4.949179036051736,1.0489955762417855,4.951938390710744,43,11,1:0.21:0.21,3155,16936.343731846617,6.772648024190227,79.5902563364566,1.9414654923580787,1.5353675236855595,2.698132374156004
283580,2021-10-31 23:32:40,Stout,Cans,Jayanagar,14,21.08265092917132,5.080322267044944,1.0593485095938249,4.737221313752415,55,5,1:0.28:0.18,3021,1819.6838431354824,6.025376103271871,81.76426068248317,1.363768920424807,3.2223051519893287,2.7256570579346437
1651344,2021-11-07 21:52:17,Wheat Beer,Bottles,HSR Layout,12,15.716458990116514,4.548470814736636,1.049262681931684,4.814721076339003,56,5,1:0.37:0.28,2948,12753.397128828858,8.87188199245473,80.77476812270582,1.3381076669301115,1.5929435523524442,3.0344528497058976
3429525,2021-11-26 05:40:55,Porter,Pints,Malleswaram,14,23.31587993295975,4.772577859494431,1.031200717193116,5.128696747969379,22,8,1:0.26:0.12,4786,6210.4488091073135,6.511053946512593,89.02057694473196,1.212016948810798,1.1026406351913027,4.344014008146117
6929998,2021-11-22 08:02:03,Porter,Cans,Jayanagar,13,15.426314893998269,4.621109447968618,1.0325931056354063,4.761899515864765,53,17,1:0.34:0.29,1680,15050.30552486362,7.3824540881094,80.19780476464872,3.865872439022209,3.682745687395689,2.7844517011185297
7313275,2021-11-19 18:09:34,Sour,Kegs,HSR Layout,17,23.578826749615992,4.810638178031265,1.0576370794066992,5.7417964728225215,53,14,1:0.33:0.21,946,11707.763853287628,7.351318496510849,84.1328022409953,3.215434454075888,2.3266098601863647,4.297830858187982
8214488,2021-12-16 14:07:31,Wheat Beer,Pints,Koramangala,11,17.22982009643231,4.942859237272159,1.0735122384118576,5.575422543948507,43,5,1:0.26:0.28,3242,13229.328501683836,6.091550758174417,85.79975254374892,1.3015254118354536,2.929806694409672,1.6681638309685232
8234780,2021-11-02 21:48:03,Pilsner,Pints,Indiranagar,14,21.867302874298566,5.113335842494761,1.0787614357191015,5.177676582396951,39,19,1:0.40:0.12,3278,13888.9982350997,8.824659021435993,82.68917950768777,3.308209161272785,2.311329944925233,3.2265066105929683
8701705,2021-11-22 02:01:19,Ale,Kegs,Electronic City,12,23.252359420867137,4.952370037687531,1.0671580079375973,5.332691091960708,45,11,1:0.35:0.11,3199,2993.1989965639355,8.473003929471972,87.90594612664441,3.9314696923623154,4.662319815094378,3.885278787446736
5016055,2021-11-26 12:17:47,Stout,Pints,Koramangala,17,21.524258184388398,5.3935171823577575,1.060184461077165,4.671169856363816,53,16,1:0.41:0.22,4835,2897.3835805911804,9.42165120246569,86.09168132056203,3.418840910621094,2.605895775011067,3.498202224562091
533901,2021-12-28 12:51:59,Stout,Bottles,Marathahalli,12,16.218916407506608,5.094052421731149,1.0422766128214285,5.8906465701103,53,10,1:0.28:0.28,2461,17635.24646344459,7.311423483411571,83.15441227444478,2.2440313036188675,3.683836056430717,2.42002420357498
6392811,2021-12-26 01:21:21,IPA,Pints,Malleswaram,15,17.73236555563835,4.756564207486152,1.067967375132423,5.023711324321235,34,9,1:0.46:0.12,1918,3396.828087151561,8.434317114215933,77.56681993388622,1.5742729251036265,3.987344216299058,4.37401098413882
5856158,2021-11-21 05:05:30,Lager,Pints,Yelahanka,14,19.438352358072585,4.810426732159654,1.0590924557514994,5.385783316888931,30,5,1:0.48:0.24,963,7857.684512196907,8.28595739238882,73.14888287234437,3.731412036629151,4.539029913401643,2.7690864916315694
9487577,2021-12-20 01:04:14,Wheat Beer,Pints,Electronic City,13,23.560355531521346,5.385466411243321,1.0703963661302451,5.414790169620198,23,6,1:0.39:0.25,1735,9278.372518581267,8.002830302902483,73.48475459477991,4.9558657904645,1.8177816798028503,3.898000325463861
1885529,2021-12-13 16:24:54,Ale,Kegs,Jayanagar,19,21.308131813951245,4.6005028620580966,1.0466869266290175,5.703400943441791,45,19,1:0.39:0.17,3327,4791.143807712467,8.126865934183908,72.01753470978227,4.562598997991834,1.2317124626529865,3.0634253473437543
430629,2021-11-29 21:20:00,Lager,Kegs,Koramangala,15,16.201661819204208,5.323814588160007,1.0377823794383556,5.290164962407892,29,16,1:0.21:0.19,1352,18717.336361618243,8.121343588054653,89.73789786569277,2.498885783066414,1.7399956919366484,2.5898364817853103
6040196,2021-11-04 03:45:23,Porter,Bottles,Electronic City,12,23.115405062313396,4.947796536562109,1.0657320573739624,5.610127850199397,42,12,1:0.46:0.20,2890,1685.1181536964546,7.845661781810014,85.50547031563474,2.9376964580514664,2.6887132906855022,1.048692896905547
542006,2021-11-08 10:53:46,Sour,Pints,Jayanagar,11,24.617831004754045,4.871722402888259,1.0525409669977135,4.8770991226035365,53,14,1:0.33:0.19,815,19222.985623638862,7.862977002582573,86.00934308428793,3.825844647392144,1.7151449620004977,4.423739235291812
4162520,2021-11-03 00:38:23,Lager,Kegs,Jayanagar,16,21.874810259301675,4.6982537619582825,1.0397110927700293,4.729396168789998,40,15,1:0.27:0.13,1156,13916.829811218691,7.66686910330371,85.65988026546682,3.800497810181806,3.785900253022475,3.3507627879409525
5300852,2021-11-30 03:24:27,Porter,Cans,Malleswaram,12,18.43582144061408,4.528384439763925,1.0381591975178757,5.51431136791098,46,12,1:0.42:0.15,2278,12517.44589760337,6.90176099468256,88.20457210374538,1.945981887917478,2.706598480236504,1.8920957332300508
5073041,2021-11-12 23:01:17,Pilsner,Bottles,Marathahalli,10,23.360881336273337,5.199160948531043,1.059319272805899,5.4125449907128855,53,19,1:0.45:0.14,4302,16781.043241159234,6.737490767830105,73.82468636008663,4.513257498133065,3.404142191066203,1.2628772722073718
2994887,2021-11-11 17:16:35,Pilsner,Bottles,Jayanagar,18,20.608179345027573,5.489741491255627,1.031815853737133,5.297832497681239,53,17,1:0.36:0.11,637,2165.536232066622,7.940126171569847,70.1448680844199,3.588333937636568,1.072469719244579,3.506805349798809
563105,2021-12-30 05:25:30,Sour,Bottles,HSR Layout,11,17.6042352582586,5.499295475763156,1.0526537403797358,4.823717806054378,54,15,1:0.41:0.21,3027,4318.431780390758,8.272972811477592,87.67176883228382,1.6402218600390004,3.124801471142863,2.50782950532548
8334425,2021-10-28 02:01:43,Lager,Bottles,Jayanagar,13,18.539965574012413,5.29209068307221,1.0447599229081987,5.429142591609206,32,5,1:0.21:0.17,1642,15369.708203738996,6.698472903705769,78.88550035292388,3.594593873380724,4.998201149163627,3.698020529899848
8502789,2021-11-25 01:25:59,Porter,Cans,Malleswaram,16,24.6470636800656,5.432098102123118,1.0395252078284731,4.700355906895355,43,17,1:0.29:0.26,2144,7474.285912109283,7.695231023262682,71.57143914639315,4.9990936101589,2.477788123881988,4.549341585078833
1233705,2021-12-29 04:58:55,Sour,Kegs,Malleswaram,10,19.219487119792092,4.809009532145387,1.041550885189328,4.686338496057913,53,12,1:0.49:0.16,3512,14847.953233569013,6.615894843167913,76.09844991866551,2.454696666782332,1.46582048929876,2.612368778412196
2983461,2021-11-07 04:36:00,Sour,Kegs,Yelahanka,13,23.17551170305421,5.480397764666527,1.0415173937828108,5.665607708279833,23,18,1:0.33:0.29,3927,13406.635564947002,6.942083602872804,82.5399957181853,2.0866379279364398,4.187779220440135,2.2624067421168474
4390130,2021-12-20 15:17:30,IPA,Cans,Rajajinagar,15,20.59518858596037,4.519400324785782,1.0600182200700654,5.283059510382273,56,15,1:0.35:0.18,2030,7699.660583191364,9.21778643970973,89.9950230388558,2.620310599615417,4.680118281383409,2.2558373487614847
9810661,2021-12-01 03:31:26,Porter,Kegs,Electronic City,10,21.00595402686249,5.141578078809157,1.0675602471695114,4.88572999748753,35,6,1:0.48:0.29,4767,5463.970740690047,7.197900758249119,87.37548289310948,3.7297976458294944,3.4133174631597694,4.138149540212311
2268101,2021-10-22 22:23:17,Pilsner,Bottles,Marathahalli,17,20.20119760537711,4.811212335333007,1.075866898700692,5.109751892350009,27,15,1:0.49:0.13,1636,11241.14746425367,6.445839854481431,72.30592689095187,4.644677055525779,4.131542962326996,1.8368085481938308
1665985,2021-12-04 07:51:50,IPA,Kegs,Jayanagar,19,21.759684801105102,4.949392963991964,1.0317562138071747,5.277761123737728,41,11,1:0.37:0.15,4800,7105.307697647109,7.447671565508341,85.99619652400568,3.9200139055118,4.925265866962891,4.891832160400776
3280344,2021-11-22 07:42:06,IPA,Bottles,HSR Layout,18,15.01823061059472,4.792889480011558,1.0617676375530412,5.503374968065617,40,16,1:0.25:0.17,4369,18785.54304112241,6.60038996550551,78.17509980198736,2.273859747606052,3.1113209577510403,3.639582055147224
2848494,2021-12-24 11:08:34,IPA,Pints,Koramangala,17,17.880429983183383,5.207569776170473,1.075723110862919,4.685699216482979,47,16,1:0.39:0.25,1470,8309.990858532685,8.011600104498173,88.00849137336749,2.847383000006556,2.7943683733137554,2.730183609638053
8470424,2021-11-30 23:02:23,Stout,Kegs,Yelahanka,12,21.688818390015648,4.518729859864195,1.064511081540978,4.629895495927459,41,5,1:0.36:0.17,3977,1894.6866809696264,9.129313839576538,81.38934924780692,4.570446108312796,2.314869393000314,1.6916948993015963
9470695,2021-10-22 10:01:50,Porter,Kegs,Marathahalli,18,15.112786616274397,4.572711382814256,1.0662440783503364,5.260309634565994,56,7,1:0.30:0.23,2040,8625.680920071007,6.658915727018765,84.47567587674179,2.000215225937709,2.31109462464682,3.011304663018292
6328302,2021-11-04 08:29:24,Stout,Cans,Indiranagar,11,18.555908393420754,5.486209848931335,1.0571392694882211,5.805773258001568,34,10,1:0.24:0.26,579,9228.33793043065,6.350599754766774,82.57073708241472,1.9870403843304203,4.580961096987569,4.867350793042743
6800474,2021-11-29 05:02:46,Pilsner,Kegs,Whitefield,15,19.924685916094056,4.706272360693799,1.0361388810721317,5.787625702511996,26,9,1:0.47:0.26,3172,18173.75057891328,7.778033222386766,73.57695763937886,4.953330251181187,4.942962407627388,4.14274458195631
2842451,2021-12-19 12:42:02,Sour,Cans,HSR Layout,11,20.521631881069943,5.191776424427825,1.0642469104037622,4.886602050306113,47,7,1:0.36:0.14,1048,14487.0878205111,9.907729753623697,80.7518456418433,2.62703789410969,3.8495263897572953,1.1237671474173214
3099588,2021-10-27 03:24:37,Porter,Kegs,Electronic City,12,15.704680880516824,5.305139635001587,1.0786777942762606,5.675720915259312,59,16,1:0.45:0.24,2808,11357.029929953793,6.4700691368858205,73.80865924633592,2.066775061005954,1.188136526559748,2.301303065990701
3708469,2021-11-22 10:45:11,Wheat Beer,Pints,Jayanagar,17,18.33578644280401,4.925624630240681,1.047951890262358,5.764063303066881,25,18,1:0.50:0.18,4940,16110.142204849022,7.825253948687412,82.02424340243414,3.2525979589548952,4.638096361681379,2.9919084057269343
2801695,2021-10-20 06:00:55,Lager,Bottles,HSR Layout,12,20.11351872515045,4.769854109766534,1.0664305557186822,4.748308318721644,56,16,1:0.47:0.27,2273,12125.078641521091,7.5927977859035805,81.81233803542807,1.3562372554455346,4.53041202472955,2.069728557894933
1432325,2021-11-18 11:25:43,Wheat Beer,Kegs,Indiranagar,14,23.91621327492413,4.743269113923888,1.0559690444710117,4.919037168587062,34,9,1:0.47:0.16,1195,19584.74944262234,6.055437856913308,86.62776339535958,1.3995934306927391,4.081246299199181,4.73251251970178
9116325,2021-11-13 15:52:37,Pilsner,Bottles,Marathahalli,15,23.68116831618245,4.543616951778211,1.04555939914261,4.669355675259369,41,10,1:0.49:0.24,4060,13657.676858852235,6.085040758746017,81.54575787149385,3.0343184341723024,3.803456637482781,1.0845498000120752
6528423,2021-12-15 23:33:50,Sour,Pints,HSR Layout,10,15.102284598699466,4.86194588308964,1.0662845420743752,4.6871859928696855,48,5,1:0.45:0.22,3459,7635.026479440545,8.171405820084162,70.46474699652983,2.407614328565406,4.24984022503469,1.5723886761038512
5481684,2021-12-13 18:00:54,IPA,Bottles,Yelahanka,14,16.241513451568473,4.979915331051282,1.0323038008197818,5.630490240386084,33,14,1:0.47:0.12,2303,2199.546345444621,6.206821819562836,85.76560870736787,4.82929524861661,2.4643507726833107,3.333044211587625
2906134,2021-10-25 00:38:07,Lager,Pints,Indiranagar,16,21.945056939525145,5.33661661168488,1.0523406506532178,4.874901016034682,53,14,1:0.21:0.27,1144,7188.696511195043,6.48619858782863,70.57398767326194,2.468891040554804,3.5167857009384917,4.17512716758788
3061827,2021-11-07 00:36:31,IPA,Cans,Yelahanka,18,20.884216684153454,4.540658621596291,1.0616837279955982,5.142202291538672,58,11,1:0.43:0.17,1304,1472.445116962308,8.852720657441628,81.05565372477454,3.978690280295379,3.8815122932227673,4.086759031303861
7566979,2021-12-21 01:01:07,Lager,Cans,Indiranagar,18,24.338300309554505,5.228447998355712,1.071685777146094,4.6669827473087055,36,16,1:0.41:0.10,4788,16342.485721332205,9.782504092676977,81.7262840873051,3.1664881248477315,2.3714927342947383,1.814544801040439
7576462,2021-10-22 02:33:15,IPA,Cans,Rajajinagar,15,20.15737522550906,4.543208731618734,1.0594304191731918,4.566269041468317,54,16,1:0.34:0.15,1057,10599.041964406995,9.172156595559324,73.89604546729966,2.2922863082557225,4.691473731251177,3.789295085828994
2255757,2021-12-01 21:16:53,Stout,Bottles,Jayanagar,15,21.733667215799404,5.293458942835251,1.0532630639816642,5.121626382750337,25,12,1:0.21:0.30,2538,17506.06188173756,6.675054011807303,73.65353693735483,1.2787169360228248,1.027519577457547,4.242687091345871
3271676,2021-11-18 04:56:09,Stout,Cans,Yelahanka,17,22.267881491429016,4.500694466260993,1.0365986748864888,4.731878012317555,23,14,1:0.26:0.16,3571,13977.585503434148,6.089831114373181,80.08914606812331,3.1211615547074705,4.499184390067409,2.718522439831111
8995330,2021-12-07 08:55:40,Porter,Bottles,Indiranagar,14,22.849984628495992,4.789360939204329,1.0314369630043627,5.567137389851243,48,9,1:0.24:0.19,1921,16703.784678465367,7.862585576803664,86.08935613896477,3.006175622112119,4.788217578716225,2.2729212638016354
2421554,2021-11-17 01:59:16,Porter,Kegs,HSR Layout,13,18.282489659898587,5.449493946266612,1.0611911378870893,5.131291003282515,33,12,1:0.28:0.24,4361,19783.20791530713,7.896467410537793,79.31667023031827,2.7548509069429774,3.8050692004737954,3.426080298227586
8124016,2022-01-15 18:53:55,Porter,Bottles,Malleswaram,11,16.933740297196387,4.897983207921722,1.0498708361355689,5.258324519979911,51,11,1:0.27:0.26,2556,7386.206394465971,8.103678975369043,70.19811830541855,4.141818276420047,1.031928812615973,2.8941876306498107
6385779,2022-01-29 17:16:45,Ale,Cans,Rajajinagar,15,16.836779253518657,5.124896405493167,1.0616087651702837,5.0058917473996525,49,10,1:0.33:0.13,2898,19484.94220443189,6.560661638158198,87.7369170741261,4.097816939733697,2.338837490555321,1.714566123946983
7247765,2022-01-21 01:18:42,IPA,Pints,Yelahanka,12,17.74703108627734,4.746693655852196,1.0665688759649985,4.711377418484583,54,11,1:0.28:0.13,1337,10072.82676958136,7.011536895006099,85.74067770139578,4.442101197018114,3.7169752509580034,4.731210706954631
787575,2022-01-19 23:01:02,Pilsner,Bottles,Indiranagar,17,15.664109373932767,5.323461874792866,1.05173221383227,4.904538020499847,37,15,1:0.50:0.12,2821,2734.269304602918,9.967059651228606,75.75953603606285,4.465567986038256,3.5993869689414546,4.94685591734144
1907039,2022-03-01 04:23:08,Pilsner,Cans,Whitefield,15,20.505766635594988,4.858393053700591,1.0309236946631402,5.171635440976279,56,16,1:0.24:0.20,643,7512.009393704298,8.51938647771562,82.50721123012349,3.844111989136794,2.494527943875372,3.267554415214845
5533945,2022-01-24 10:15:15,Sour,Bottles,Indiranagar,13,16.86899235336176,4.955527227088188,1.066102286741203,5.617598302774708,59,10,1:0.40:0.14,4354,16903.325477033093,9.187424163504623,77.03886051323614,3.255670245050337,1.925504519769056,1.4511482791972925
2059659,2022-02-01 01:24:42,Lager,Bottles,Marathahalli,12,18.191320504061505,5.448171450394092,1.046863162342366,5.485733466076423,26,11,1:0.36:0.25,1689,7837.399776673967,8.832777282058581,84.8780618529275,1.5306345993483683,3.869091508974519,1.354807039129215
2261061,2022-03-06 01:27:31,Porter,Kegs,Koramangala,15,22.2500970420572,5.09363791879117,1.0714944569503388,5.197879778428718,31,18,1:0.46:0.12,4087,4268.482756435331,7.283928068697641,71.62634339141796,2.0782631802632907,2.4521296199544103,4.200592058055881
3363131,2022-01-01 13:26:39,Stout,Pints,Rajajinagar,10,23.61996460564393,5.047150580404712,1.0467594699892575,4.860127691214313,50,5,1:0.48:0.25,2950,15739.859139593367,6.224141645361002,89.23496743216575,1.093545701085049,4.740420456582482,3.698965548942711
3041117,2022-02-25 07:49:44,Lager,Kegs,HSR Layout,13,23.79866828388493,4.772451492846966,1.0444499077174658,4.867992283833529,29,10,1:0.24:0.16,3839,4868.90637258007,9.19554085279954,77.57556557883287,4.350151512920353,1.921773718966841,1.0170175863061632
3835516,2022-03-10 10:39:19,IPA,Bottles,Rajajinagar,18,21.391402950914284,5.39743006684023,1.0780910762703968,4.946533533303151,36,11,1:0.26:0.13,526,19631.04685751957,6.846248282610759,79.7222609250199,3.6218750351660223,2.4596268157854237,1.2090541688588616
1049050,2022-02-14 16:30:19,IPA,Pints,Malleswaram,12,22.856341097315287,4.70569550660614,1.0532951294030442,4.531078233289655,40,16,1:0.48:0.28,2667,1943.838344802462,6.319427430834555,77.3172677850296,1.2243483682282932,4.505784939756156,1.8456766725081344
5164956,2022-02-03 05:10:56,Lager,Cans,HSR Layout,14,24.40145418142337,5.08368876741484,1.0736998864505485,4.875432651514746,20,13,1:0.21:0.24,831,5643.703615629394,6.213733379869595,83.25145458133053,4.155137771159452,4.303116724392746,1.6591293416599862
6147977,2022-01-31 02:37:03,Porter,Cans,Yelahanka,18,22.513803887244546,5.249228294275478,1.0568088904590072,5.16250256079988,59,15,1:0.40:0.23,1940,18439.02828402108,7.882699501127344,86.13254280033999,3.7266149357698137,3.282449438653257,1.911422054752144
5159553,2022-01-15 14:05:35,Pilsner,Cans,Malleswaram,14,22.604440499534228,5.486981475919401,1.0676675182431037,5.843402540191144,39,13,1:0.25:0.19,4492,17829.097124253643,9.479953515662114,86.1462925416655,1.4518062214455631,4.857104553565639,1.2707475640898265
9438078,2022-03-02 19:20:40,Lager,Cans,Yelahanka,10,22.12268106494685,4.786919118707072,1.0466070657440725,5.66704648119863,39,14,1:0.43:0.29,2421,17363.47505090355,7.0983557994306015,76.5186865971979,3.277607988622029,3.2040723744043267,3.1683902331219
8181237,2022-01-12 12:17:45,Porter,Pints,Marathahalli,10,16.478479566850936,5.026541422902957,1.0544397025647343,5.608385981184551,52,13,1:0.25:0.29,1850,12897.750641851197,6.3178310443631975,77.57599335836645,4.800024507311281,2.8822102653943147,3.604808190965145
3427916,2022-02-09 15:08:47,IPA,Bottles,Rajajinagar,13,24.23991489238542,5.111837747000259,1.0604925092296311,5.988006830425141,42,11,1:0.21:0.29,2911,9964.680888143925,9.820596307874812,81.76846879248909,4.452602248620604,4.373060227149274,4.254753238012217
9117216,2022-01-20 02:37:47,Wheat Beer,Kegs,Koramangala,12,24.68801456779296,5.3910396468972,1.0496942128972493,4.880234891609122,30,14,1:0.38:0.12,3704,15468.42565627026,8.07689972582741,78.04964794798732,4.6030432688986735,4.161837728284974,1.7782517576933157
5576333,2022-02-03 04:39:02,Lager,Kegs,Malleswaram,19,15.266564571107724,5.269721431515048,1.0716885061495836,5.7979443602458245,20,15,1:0.37:0.16,2132,13883.987311032091,6.435925217434694,86.51453617885525,3.35510568601164,4.727008352469078,3.286163958823732
6773678,2022-02-14 04:55:49,Stout,Cans,HSR Layout,19,23.86837363777861,5.430398095638788,1.0349908942102186,5.581649865485808,34,10,1:0.45:0.21,2432,5072.43915224318,9.881163080595714,70.19033786957857,1.6615973583859742,1.3996389082313931,3.454205314472416
9636923,2022-01-28 22:54:21,Pilsner,Pints,Indiranagar,15,23.15327549858365,5.446297308165218,1.07275824600933,4.7043421121046425,31,19,1:0.36:0.13,3639,8354.208593815529,6.90705692361491,83.83065390210903,1.8131350322992108,4.649862265883439,4.288353656596369
503663,2022-01-25 22:22:09,Lager,Kegs,Marathahalli,15,15.648598314585971,5.136348281407002,1.033108627304143,5.405026005990463,21,9,1:0.44:0.18,4713,4926.698354257189,8.342050487508406,86.74727101985532,4.049705658057805,1.5129078636806947,3.254738657854677
5649905,2022-01-11 16:48:59,Pilsner,Cans,Rajajinagar,17,20.076819111901536,4.994723946811029,1.0579923538323448,4.944637445096293,25,15,1:0.38:0.14,3409,19643.596156341107,9.924618812095709,77.78455596924483,3.654263678906697,2.9817993013725923,2.142021726957121
9247227,2022-03-07 14:15:17,Lager,Pints,HSR Layout,12,21.417407033587857,4.974818393809535,1.070710858849227,5.675716379888592,21,16,1:0.26:0.20,2963,5405.563949764979,7.056756450876606,83.52666506199299,1.3216760851211284,4.310753130393692,4.642157414144908
6693773,2022-01-18 00:30:17,Pilsner,Kegs,Jayanagar,18,18.235965267973818,5.153916263339392,1.0575897768581346,5.9674025678122105,27,15,1:0.46:0.13,3486,5891.646417748138,8.06623662252277,89.03432524209751,1.111132445807296,2.4372254903818176,2.072233592335905
9288672,2022-01-01 02:11:51,Stout,Cans,Indiranagar,13,16.05417969324491,5.402921726515226,1.0588129888883602,5.578539864595748,38,17,1:0.37:0.24,595,10367.177242197287,7.045719766529338,71.15496098983279,4.837637581724831,1.6707066228188672,2.801446356943933
4658960,2022-01-23 16:02:50,IPA,Bottles,Malleswaram,18,15.30759398979828,4.544283996283356,1.052263255881713,5.712565920380319,26,12,1:0.31:0.20,920,9272.087975566836,8.21933501395393,76.94039500218096,3.2584795666374657,2.075908404293021,2.1609185517941416
2449927,2022-03-03 08:22:52,Pilsner,Kegs,Whitefield,19,15.903075111582943,5.217386931419793,1.0502771361608971,4.933554793872266,28,16,1:0.48:0.13,2693,16602.866182386893,9.327789205798236,87.72725097508378,3.4401852958906813,3.1961349739028484,2.384961940866193
958882,2022-02-06 21:09:53,Wheat Beer,Pints,Indiranagar,18,17.32381848461451,5.001908133066223,1.0576527983332484,5.190704085492727,50,7,1:0.25:0.17,1519,11918.6028373013,7.794433239425047,81.36303051607919,1.4628487254659204,2.8976352742354714,3.678085151090068
1577814,2022-01-12 09:41:04,Porter,Pints,Malleswaram,14,24.69744159863743,5.241034555189999,1.0413546839709549,4.769179791738111,30,9,1:0.25:0.21,4402,9108.752024859165,7.390917634774397,86.81799233966613,1.3299120213068298,4.539002632825842,3.297214272815116
63177,2022-02-07 10:22:29,Stout,Cans,Whitefield,11,17.511551433563103,5.0030506353525945,1.0359442368078748,5.704587283575608,29,9,1:0.28:0.17,719,8967.612510328927,9.058110654853252,79.72867222615155,3.3576053313898955,4.789012270990094,2.3266583400370404
2262030,2022-02-02 15:08:07,Porter,Bottles,Marathahalli,12,23.56206747163354,5.487606315798505,1.0302706613752666,4.723969751645381,48,12,1:0.27:0.17,1786,5009.288319129906,6.287505733137234,88.49228343912911,4.303570967803676,4.181708564660866,1.2237083362586283
3201116,2022-01-12 07:30:11,Wheat Beer,Cans,Whitefield,15,18.959311857257266,5.263979309264116,1.0745210712411335,4.802348555850323,33,7,1:0.49:0.24,3344,7785.441977744724,6.181098086335086,70.1138016759473,2.677372671607833,2.789312877268019,3.4112000878008546
1287594,2022-01-26 17:51:44,Sour,Pints,Rajajinagar,12,15.806732688868673,4.630172621155449,1.0693167291381624,5.177480762413663,36,14,1:0.35:0.29,2366,4716.671984812205,9.700820259401702,77.51741695368048,3.935739054255951,2.0533749510223505,1.820978848094402
3862235,2022-03-04 04:33:58,Sour,Bottles,Koramangala,13,17.45996616646572,4.5956057158097,1.0696434758646454,5.20908672933837,48,12,1:0.41:0.14,4488,12244.23075475659,8.821318640971418,86.64348435187775,4.80539665687216,2.495066589730675,4.126633957037647
45043,2022-03-06 05:15:02,Stout,Cans,Koramangala,13,18.903732739034808,5.1464926019932165,1.0312810094877105,5.934713766664208,25,5,1:0.32:0.10,2610,4527.989125810813,9.995035029436028,80.95064814765641,4.565864325193454,2.060715443604032,4.471919612453685
8248273,2022-01-20 12:39:18,Pilsner,Cans,Yelahanka,12,22.46420038736315,4.771803982773431,1.053970391020965,5.07901327827649,31,9,1:0.25:0.19,3596,12561.123210021122,9.841686472761683,72.45374438607865,1.4991514730074131,4.366219448307573,2.3076212264962463
78769,2022-03-06 20:05:20,Lager,Kegs,Koramangala,15,19.734112803358563,5.142131705122958,1.076276542598543,5.806363448087965,25,14,1:0.41:0.18,4266,4598.307354719226,7.441016941161114,84.62307821819715,1.596862047859719,3.1734329147307765,4.492035757810865
2596803,2022-02-08 01:51:58,Stout,Kegs,Malleswaram,13,16.772919863281746,4.73672430497434,1.0496466464237186,4.815564433835189,26,18,1:0.42:0.21,1919,1563.773946479775,6.203945040989585,87.37195931105292,3.017276441269661,2.186279652463826,2.8654937126570643
8159492,2022-02-19 05:08:44,Pilsner,Bottles,Electronic City,16,18.914692560636897,5.1210984257168,1.0592474976689716,5.257835787135574,50,14,1:0.26:0.14,1991,10484.765189943691,6.822527295666731,79.43965910983506,4.562738248867013,1.2013115769825062,2.513987876368727
7204393,2022-01-06 20:04:53,Ale,Pints,Jayanagar,18,19.36047752513942,5.391262016484519,1.0707597600665322,4.927058894779412,45,9,1:0.26:0.27,1248,10327.842563573096,6.697653282941963,85.1177081967425,2.450737334248047,4.68528437554783,1.2366302993469538
5228931,2022-02-05 12:33:52,Porter,Pints,Marathahalli,14,16.030091770525246,4.5437637969116045,1.0507809957498044,5.772240173981299,32,18,1:0.49:0.19,3232,17994.33378864738,8.389359252323239,87.34177669223958,1.7985806952877978,1.977853496318977,1.4340293362462049
8092630,2022-02-15 13:00:00,Pilsner,Kegs,Rajajinagar,16,16.734466165312,4.890505334752442,1.047272777508072,5.806203544742649,24,19,1:0.50:0.19,4235,13880.496910950147,8.218011247297841,83.210222339306,2.678789981243335,2.946645232122575,4.243821713018761
7421973,2022-02-13 15:44:35,Sour,Cans,HSR Layout,16,22.727931126477195,4.867471422581778,1.0652559739986318,5.834801646401653,42,10,1:0.39:0.25,516,12889.422247649229,8.008707895021164,73.20003702751352,2.605876184602045,3.263608239459057,1.8140144152778055
3241862,2022-01-27 17:33:12,Sour,Cans,Rajajinagar,12,17.31198082415271,5.475106448881842,1.0711920162772242,4.8556190751007735,38,9,1:0.29:0.29,3010,10801.788877333094,7.7685457732302865,82.83233994099689,3.3675988304279367,1.0345560909969285,3.660267084784548
1405898,2022-01-22 07:35:56,IPA,Kegs,Marathahalli,13,16.397102880164372,5.321733679831085,1.0707778476109315,4.619940697445934,37,6,1:0.39:0.12,3317,18814.217534174943,7.564987419338111,77.69489959507757,3.682670245115916,4.50795608612682,1.6052450216140146
9043140,2022-02-16 04:57:52,IPA,Bottles,Jayanagar,11,19.681146687867944,4.982939149430921,1.079281326667481,5.1709824307715095,47,6,1:0.32:0.11,645,8156.610732952907,6.576165372276257,84.72082903634096,4.609911479085875,1.0046549404446723,3.013484681541869
1581659,2022-01-13 03:37:08,Sour,Kegs,Jayanagar,11,15.55561294880208,5.098576095971334,1.0470056430447383,4.712268839834575,24,5,1:0.44:0.28,2667,7160.139664226084,8.726663051252217,71.64415395090217,2.2740282218418235,4.176460897349815,3.1491843919967226
7712908,2022-01-20 02:06:07,Stout,Kegs,Marathahalli,12,18.026274834067028,4.669918700145598,1.0398691980396826,5.424144016754206,24,18,1:0.30:0.23,2801,17645.420737269123,8.827108985895775,83.9080275369567,1.9961844641949835,1.7691481225323349,3.012503082190878
3129341,2022-02-07 09:46:54,IPA,Cans,Whitefield,17,15.525316802488842,5.192770064018223,1.0524740845484666,5.257508832073727,50,17,1:0.46:0.24,3850,8828.950372501824,7.530190716849106,73.50192326373235,1.463605440028283,3.4634788049584926,4.91408634931349
5087111,2022-02-03 11:56:55,Wheat Beer,Cans,Indiranagar,11,23.96987823398253,5.034521018900543,1.0723270912144702,5.577435526188688,33,18,1:0.38:0.18,4512,11725.36625624148,9.478134560460436,70.01829414088135,3.174590710521289,3.4899245049561864,3.4952409931255586
4605769,2022-01-31 21:48:24,IPA,Bottles,Yelahanka,16,18.942432623896067,5.482430264245552,1.079859390018398,5.857764083739132,29,13,1:0.33:0.25,1332,11745.466421456877,7.249783847541522,87.48549509335498,1.7496160001348091,1.2000627955323613,3.0979788032838806
5142142,2022-02-27 14:43:54,Porter,Bottles,Rajajinagar,11,23.121966431139175,5.0353957638982525,1.045505160406301,5.989192371800185,53,19,1:0.36:0.21,2835,17846.397496190657,6.163410942636002,79.02865603653221,3.5171943035528903,2.986428846818393,1.106699675636361
3497845,2022-01-15 01:44:01,Lager,Cans,Koramangala,10,15.219802075774869,5.039760772873841,1.055721582822277,5.839002215273285,48,16,1:0.24:0.17,3047,10282.264091911917,8.798700275771035,80.68296348884367,2.075018490830618,2.509154106339718,4.183616701627608
4100993,2022-02-03 05:53:39,Sour,Bottles,HSR Layout,18,20.250831952973503,4.525984856389588,1.0783072667633022,4.974178284682648,30,9,1:0.45:0.15,3230,14988.69872523389,8.605582217909923,71.50292208764849,4.584248919448245,2.611419944838633,3.3361524552754958
6369785,2022-02-07 16:35:08,Porter,Bottles,Rajajinagar,19,17.73400534685565,4.8880090865748524,1.0301324283455229,5.049684169536796,56,15,1:0.24:0.12,2187,8000.57543002264,8.967443482520085,82.19089388934529,2.321890264250896,1.0613556233846473,4.092771589614675
8637122,2022-03-11 12:23:17,Sour,Bottles,Electronic City,11,23.198405604788505,4.58327511179406,1.0608385988519582,4.981431626766471,47,8,1:0.43:0.20,4832,1708.440672314086,7.208077824464951,74.57024916367605,1.2107570241773828,3.406613774215646,1.300595704983647
4679173,2022-03-09 00:45:28,Porter,Pints,Whitefield,18,24.980899482070548,4.995632198689076,1.035626465448207,4.656668500891088,32,8,1:0.42:0.24,3795,14953.704777205445,8.74924511433537,81.18027580443695,3.018044899868701,1.7169886366186755,2.890263243224004
7821,2022-02-02 09:09:36,Ale,Bottles,Electronic City,17,18.38624237751287,5.041778921948227,1.0742813291550966,4.744640553635195,21,9,1:0.42:0.20,1519,5835.584583094062,9.293653749682056,76.42444160810507,3.9816822226907314,4.726037107756014,2.702831236151641
1968894,2022-03-03 01:13:48,Lager,Kegs,Rajajinagar,17,22.71290197270867,5.278071479476066,1.070918497558594,5.72868236916376,40,15,1:0.49:0.11,1497,1990.7980227773087,7.3489135663984335,84.90422007360503,2.499159396061983,3.660524131888738,4.826223766106223
1152507,2022-02-24 17:10:02,Pilsner,Kegs,Yelahanka,11,19.937373743673486,4.718922349462167,1.06756767966681,4.559873572002979,44,5,1:0.48:0.25,3466,9924.6209289589,7.706485757543163,77.43870919473915,1.273331482797603,3.765933047056041,4.838389588242767
4341145,2022-02-11 00:23:35,Stout,Pints,Jayanagar,14,24.699742226609125,4.862866030613814,1.0687356714009904,4.880878338185301,59,18,1:0.24:0.17,4610,3835.6389699418937,7.627510769970238,88.55322194895203,4.104776845231261,3.3750076667743496,3.0519426997768315
2820390,2022-01-16 07:33:08,Lager,Bottles,Whitefield,13,22.94043154803025,4.888829771778348,1.0329761088042866,5.973349381970477,42,17,1:0.45:0.12,3945,7546.337909011318,9.768185130731949,82.81486689565318,1.8536914540229348,1.4667262704880062,4.966830230240722
8023198,2022-01-20 15:26:57,Lager,Pints,Whitefield,12,16.7886539337458,5.073782213072487,1.030485785626936,5.259693076947173,35,9,1:0.46:0.29,1071,5656.9461362453485,7.537015116635805,84.79635186331043,1.7985877860787198,4.214390920798563,3.947041657225132
6633988,2022-01-15 04:32:28,Lager,Cans,Malleswaram,17,16.355202631291725,5.469512983761118,1.0715012903210883,4.854938400366384,25,10,1:0.35:0.13,2828,6949.1220388082975,9.11160969804252,70.81273578030205,4.510530625336683,4.023166163940417,3.8322374141494056
5325094,2022-02-11 06:28:05,Sour,Pints,Electronic City,11,19.858193713977503,4.964241170524805,1.070770508465133,5.146497683574529,22,10,1:0.28:0.19,2531,18582.46651436549,9.021241468590317,87.38780462249949,3.505706920231505,4.579789773525432,1.884539737982013
5706904,2022-01-25 02:39:12,Wheat Beer,Kegs,Electronic City,19,23.847254349153506,4.549322528399884,1.0671942503130545,5.4604138853587045,56,13,1:0.38:0.14,517,8556.620121250411,6.754184774627729,76.39292988316822,2.947406208932112,4.961187759175102,4.963497952826565
5656638,2022-01-23 21:16:24,Porter,Pints,Indiranagar,11,17.343900373373646,4.72753132366788,1.061236312623865,4.540860337255933,56,13,1:0.29:0.17,4224,5756.101266905268,6.275314472812648,84.09621010370545,4.470525134716102,3.340719464374594,4.593041273645584
3866613,2022-03-13 04:45:09,Stout,Cans,Rajajinagar,11,17.45227915436986,4.67137775505504,1.0644051212625094,5.322073841588228,23,10,1:0.44:0.15,2298,2290.3745680641296,9.04713852915578,82.69294770243867,1.8961827871383676,4.313792982142614,3.615843893708364
5936089,2022-01-09 05:43:51,Porter,Pints,Yelahanka,19,22.36564863443269,4.985360262972242,1.0589382715562363,4.9470567945978665,34,13,1:0.46:0.25,2662,13389.498883367054,6.18578408081536,80.69143716990197,2.328585907432656,3.419053403428989,3.796265343059896
8326151,2022-02-06 05:36:41,Pilsner,Pints,Electronic City,19,24.741969400351792,4.9240531198975415,1.0613317039704937,4.823325398853588,49,12,1:0.42:0.19,3690,6950.199573636574,6.752526186051783,88.79847991371187,2.6151031709021098,3.3749358398428924,3.545324956921642
1136593,2022-03-12 04:15:42,Stout,Kegs,Marathahalli,13,15.4669263750782,4.513155207631669,1.046547081867483,5.528331577288912,45,13,1:0.24:0.11,4220,14546.329453730672,8.34112280570842,73.53910933409259,2.1981222426079485,4.385329816318474,3.25027817834512
3377824,2022-01-19 08:35:39,Porter,Cans,Malleswaram,17,19.78441238368478,5.069785764624182,1.0402766217940187,5.857071593933955,33,16,1:0.34:0.12,3872,16418.39890011426,7.0029813609479845,77.04892119366106,2.338837029059999,4.25835455710694,1.4275767482066524
133084,2022-03-03 14:59:02,Wheat Beer,Bottles,Koramangala,12,24.545587783891264,4.92512385833752,1.041468246171365,4.514335231973007,54,15,1:0.44:0.23,641,3912.5923538013353,9.104197648377786,89.31592040935836,1.9014307073402457,4.900264475670742,2.581613149137743
9755634,2022-02-12 07:21:32,IPA,Pints,Whitefield,10,20.961494116202424,4.525054725235337,1.0430118028428668,5.181944167368476,49,7,1:0.40:0.24,2463,14600.065449746353,6.617591193985717,71.88102237017813,4.394976338597274,1.7043931091823,3.687077794397896
4016085,2022-01-04 01:46:07,Pilsner,Pints,Marathahalli,10,22.89543694304861,5.495820190719599,1.0397058601098872,5.337887655786764,38,11,1:0.43:0.30,4515,12322.496066721476,6.01988396848428,72.19816310666812,2.0651455343706355,2.2359559057545475,2.5678588152096338
2968125,2022-02-15 10:41:50,IPA,Kegs,Malleswaram,19,16.89984688113507,4.8225359216595685,1.0620553563996902,4.967574071452086,53,9,1:0.40:0.18,3880,3059.09345043929,6.310443649385985,73.64747092627452,2.610620092083947,4.440430966235109,4.965955658626806
8010599,2022-02-03 11:37:35,Sour,Pints,Koramangala,13,22.2323178952212,4.775401448395887,1.0717096575592682,5.9245618283820445,47,17,1:0.35:0.15,4493,15821.95765327457,9.077472982012496,71.79612327893739,2.3462057102340794,4.481086986786201,1.1663625018772232
8469183,2022-03-07 10:22:24,Sour,Cans,Electronic City,15,15.035379035073465,5.412471429738709,1.0356748258911246,5.708834041876406,35,6,1:0.44:0.12,4532,9065.942048146044,9.37388509241993,70.02275948045393,1.9102073237251247,3.833756345504762,3.003340681490714
2336867,2022-02-12 02:37:23,Sour,Pints,HSR Layout,17,24.29965875792048,5.203012710116335,1.0793514681467833,5.46780911789144,28,8,1:0.31:0.28,1872,2457.6000511394323,6.618382214344566,89.87112567523404,1.280245136168662,4.745288851721245,1.8504167052207936
414220,2022-01-03 13:42:11,Pilsner,Kegs,Rajajinagar,14,21.575520826297467,5.40796902369582,1.0372535186851484,4.95326750673603,42,12,1:0.22:0.18,4292,19584.12581443741,8.073703981968057,73.47536819796146,2.6933513132497464,4.933827491026905,2.4607130008495304
815541,2022-01-16 12:09:12,Pilsner,Bottles,Malleswaram,11,22.779380062606847,5.04765774699906,1.0713655595013545,4.690347437837539,21,7,1:0.33:0.12,852,1252.4713440342434,7.05386227927046,83.80487019990386,3.451217494447489,1.4566611322333751,2.3209609668685243
6652368,2022-02-10 08:18:24,Pilsner,Cans,Malleswaram,17,16.16766267994101,4.802415929350905,1.030002805498119,4.951425031848861,22,15,1:0.41:0.18,1270,14915.85131611245,7.368228536178644,77.79598620063972,3.1113697630638795,2.2736163208468247,3.730675207526128
194769,2022-03-02 13:00:52,IPA,Pints,Jayanagar,18,23.444254890416023,4.529514848700638,1.0634349665032772,4.5824327522424,45,7,1:0.34:0.11,4799,8275.456960548465,6.751177335017253,75.67284556497175,1.7525475577576135,4.222703091357195,2.3353014213612577
9186442,2022-01-08 06:41:31,Stout,Pints,HSR Layout,12,16.539513539287857,4.576349919162852,1.0501620948298471,4.636965392899498,44,15,1:0.35:0.28,2137,8432.066743494453,7.166930002358351,77.38099527106866,3.515492779381867,4.403005227927179,3.292662605949939
8517701,2022-02-03 14:33:57,Ale,Pints,HSR Layout,11,19.75081375248994,5.108335289238505,1.0739853958548629,4.733212580558571,45,18,1:0.46:0.17,2341,3305.0500450105906,6.3185471916171405,70.931915177478,3.80164414886178,1.5607839355559483,2.9716208667355177
5158918,2022-01-01 09:54:49,Lager,Bottles,Yelahanka,15,19.8951612278695,5.481416750731072,1.0363107852218707,5.736922037977282,50,16,1:0.21:0.27,2851,13879.441773747903,9.33270601720605,78.16381209749348,3.2653647618066417,4.209430883578342,3.887987215226122
6113285,2022-01-30 16:10:01,Porter,Kegs,Marathahalli,12,24.663128329509554,4.886976416033132,1.072942366289854,4.579089777557131,56,17,1:0.38:0.28,2886,17422.574774623277,6.208519537213613,84.50316375167998,4.019814149286628,3.413340677805613,2.0158084695934413
8433219,2022-01-25 19:38:56,Sour,Bottles,Koramangala,17,17.081946593444535,4.809765143964916,1.0307089026886749,4.7189197613174665,51,18,1:0.25:0.10,1328,9165.605746923502,8.67594501480929,84.88685003628059,2.690123411568432,3.781674652911538,2.27978813503072
3444569,2022-02-26 23:54:37,Pilsner,Bottles,Malleswaram,13,20.91340643263484,4.921750316275969,1.0714381336504462,5.262433524530868,49,10,1:0.26:0.12,3271,18831.11725730434,7.37240537856342,89.90906376007189,1.4614313312603104,4.236920695656948,4.207105878494953
2331176,2022-02-24 18:40:37,Ale,Bottles,Yelahanka,12,17.49525169270558,5.402891717114954,1.0375582440963202,5.728400247061814,24,17,1:0.31:0.17,1783,7713.009498457912,6.158567717864127,80.45058540687491,2.2458783290381223,2.2754266521141906,1.8785143927961387
7757097,2022-01-06 02:58:21,Ale,Kegs,Indiranagar,15,20.80148374295169,4.93493883607936,1.0466247117948306,5.64974865686985,24,10,1:0.33:0.25,2477,13971.95142390413,6.61835921848461,71.35823968675875,3.3421226871330747,1.2861315687510024,4.588294651743663
1663722,2022-01-19 04:37:21,Sour,Pints,Rajajinagar,16,21.142233275185685,5.358262321572232,1.0422153203702624,5.47354701778279,44,11,1:0.39:0.22,2458,4685.092917777761,6.574922295910378,79.35369950309843,1.545650190125376,3.156199217275266,1.0220366877235745
2950324,2022-03-04 00:29:38,Sour,Kegs,Yelahanka,16,23.39751181234834,5.0033721855598055,1.0367201707293563,5.075265786029482,48,12,1:0.24:0.13,2657,15490.01139310184,8.732690829596319,85.39542411924293,3.787885996130444,3.080670059430919,4.436153473236965
3518556,2022-01-03 06:16:56,IPA,Bottles,HSR Layout,14,23.927006764251445,5.478882112197647,1.073263064337029,4.838427907835939,41,5,1:0.43:0.13,1730,1914.8684965567215,9.965350746825749,85.7342370749352,3.7299791283899593,1.514737193844116,3.796850117832807
8431102,2022-02-13 00:33:31,Lager,Pints,Rajajinagar,16,21.31428249114612,4.928304186491904,1.072194951726193,5.741785368083369,31,6,1:0.41:0.22,4433,8589.336011799574,8.154267973610029,80.16419633404199,1.873306400649092,4.549925901866235,3.124963128495322
2585884,2022-01-30 09:53:11,Ale,Cans,Jayanagar,14,18.50533469178182,4.957407110180264,1.050272167132397,5.620285772206342,29,11,1:0.39:0.18,4367,8435.055745112571,7.084342300565647,85.55328002765809,2.9360211848029625,1.4621283472183788,4.651504948646708
6634172,2022-02-18 10:43:22,Ale,Kegs,Indiranagar,19,16.82890997963025,5.27854670857194,1.078616605256695,5.095181014063916,44,10,1:0.44:0.13,569,1713.6936741270374,7.335186437335403,84.37393400284041,4.675837541418016,2.178767135190795,1.7464968456857135
1600989,2022-01-29 06:23:56,Pilsner,Pints,Whitefield,19,21.42213491285861,5.269547656594325,1.0569081880928364,4.621137870798248,39,8,1:0.37:0.14,987,11900.400029495608,9.545134919934128,78.05231050018816,3.4403459151035003,4.289472216144452,3.174657149077175
1855890,2022-03-29 17:06:56,Wheat Beer,Pints,Indiranagar,12,22.94002762615609,4.622791214134091,1.0798253274882992,5.738748698997636,47,17,1:0.43:0.24,1761,14505.020857494485,7.652824836524635,82.39078099432669,4.925104596508439,4.93826418313304,1.843096372213581
5731950,2022-04-12 16:02:36,Wheat Beer,Kegs,Indiranagar,10,16.56132303391847,5.235217176731431,1.0780419300786683,4.665950737246596,29,15,1:0.41:0.18,3927,5004.085532438015,6.344211817223103,83.4011901825312,3.825720575790769,4.001507435725976,4.7231376984486575
1761265,2022-04-03 23:08:15,Pilsner,Pints,Whitefield,17,21.271689162386394,5.281747861111731,1.0755443909340003,4.739317878869187,23,13,1:0.22:0.25,4267,3471.413707112022,8.889208280533062,74.02252787314866,3.0974824243178785,4.2570821290836856,4.033611527603365
2994719,2022-04-02 21:06:23,Sour,Bottles,Electronic City,17,20.73939650476474,4.825062686111052,1.0465779813502003,5.7556898735231306,35,17,1:0.48:0.28,1632,5360.457637661875,6.7834670182430425,80.82168153827669,2.0049100065857983,4.548942687442407,4.605332092817268
8215168,2022-05-13 06:13:40,Ale,Pints,Yelahanka,11,24.6658091473248,4.820737554027029,1.0671938645111017,4.982879722522402,34,8,1:0.29:0.22,3604,9633.867684346762,7.678666113323247,81.68287075592295,1.1478364000695098,3.9300494592520505,4.4437965036852365
9757850,2022-04-07 07:25:31,Lager,Cans,Rajajinagar,10,23.58260928390664,5.337759833254761,1.0611497206512814,5.319350913305172,38,19,1:0.45:0.24,585,7350.076778847917,6.64075360369554,88.75616364466859,1.007979620238713,4.916114565794302,2.4202391640626653
3347920,2022-04-15 01:04:50,Porter,Bottles,Yelahanka,16,16.3631951573079,5.478450948367432,1.0676540307242273,5.720316634397634,59,19,1:0.43:0.26,739,2936.426813955246,7.428393904298941,71.30567708069692,3.0086396704313785,2.9771983539305493,4.142382113714629
9370572,2022-05-18 03:52:08,Lager,Pints,Koramangala,15,15.156874650426786,5.338183620740775,1.0741344175518006,5.558707357036305,56,8,1:0.47:0.12,500,13559.914227020325,7.300417419066832,75.15271851856691,4.39918862375217,1.6292121434708178,4.845223342334957
6703577,2022-03-15 12:10:26,Ale,Bottles,Electronic City,11,17.345337870758485,5.140478436704087,1.0687602159588423,5.450508623385677,42,6,1:0.36:0.24,778,15068.127478674303,6.935147874081457,77.96243890323693,2.819327255112684,2.3911824359734526,2.569528601077201
2701286,2022-05-09 10:15:40,Pilsner,Cans,Electronic City,19,15.519618144709408,5.3568481393791565,1.0333445278422295,5.630903575213251,23,8,1:0.50:0.17,4690,18668.116110764237,7.202759765425835,77.24111013790429,4.159527987145632,3.581330960581372,4.804617911772163
8149587,2022-05-22 12:25:34,Stout,Bottles,HSR Layout,12,23.21354172006572,5.254583485971529,1.0660169072949155,5.249913383308119,54,6,1:0.28:0.25,1797,17589.257855748576,9.619011650789176,85.75909987896915,1.7222046023770488,1.636296040825222,4.352171473182397
7861651,2022-04-28 17:23:15,IPA,Bottles,Indiranagar,10,15.57955647389106,5.434119613762374,1.0644540729690648,5.961416320922714,35,15,1:0.36:0.13,3554,5485.666451505952,8.124798487654068,73.16773287002282,1.4870926085929566,2.672369238747879,2.573704967691117
1190876,2022-04-17 05:35:08,Wheat Beer,Bottles,Jayanagar,11,22.930176922081248,5.476661368535233,1.057021425321968,5.469588843000521,57,6,1:0.44:0.20,4797,8065.311634140006,6.48570148255237,85.75490615526434,1.0624667442088185,3.7411886479518186,1.939682870428476
1847743,2022-04-14 01:52:41,Stout,Kegs,Electronic City,16,18.14426023282668,5.243211885307084,1.0625793776697707,4.986946853370063,52,5,1:0.44:0.19,3461,7529.948412162595,7.838833946669288,78.52901046497838,4.45328068979698,3.1214869466923925,1.45840362447264
7892098,2022-03-29 12:26:49,Wheat Beer,Kegs,Yelahanka,13,19.040953887682605,4.860822508346398,1.0698083393444444,5.046395528278712,48,5,1:0.47:0.10,1370,13052.175754495069,6.749523180692694,73.08917004866674,1.3890190611432187,2.036993890727339,3.692104058466722
2117066,2022-05-14 20:13:15,IPA,Cans,Rajajinagar,13,20.75220654573266,5.250971093880457,1.0731730268831157,5.203159666293265,54,6,1:0.28:0.17,4020,10440.218701498909,6.167622264673804,75.99188100232465,1.2055215493554328,4.642970117286746,1.6786347038218523
5221093,2022-03-26 11:06:49,Pilsner,Cans,Indiranagar,13,22.85475561111943,4.834606542776035,1.061861134823204,4.517406817736351,59,14,1:0.43:0.22,2038,6778.232135309315,9.499621691881742,77.95734975338917,4.07986005154457,2.902442738692252,4.578250900495095
2684653,2022-04-23 16:24:59,Wheat Beer,Pints,Indiranagar,10,17.545600312368833,4.825678219676861,1.0684039764673503,4.804599190814238,54,16,1:0.36:0.26,2746,13770.53306527334,7.413692653536984,78.69620254491109,2.1496962640242674,3.7187147662128783,2.729183346642941
1494619,2022-04-03 00:31:14,Lager,Pints,Marathahalli,17,23.565339337971587,4.563307923740734,1.0772096541884189,5.713492125361912,46,10,1:0.24:0.21,3327,19971.374705680813,9.117162543607591,70.48399528962332,1.8597921115707376,3.415139255651338,2.454218493295012
886347,2022-04-17 05:04:47,Porter,Bottles,Electronic City,11,16.614639416299177,4.750981679669706,1.056022346626813,4.602279880412389,55,8,1:0.23:0.12,1626,12713.918902644307,8.037340475751368,81.69467481334092,3.153757843312395,2.2704681460816563,1.2487037406052257
3387153,2022-04-28 06:05:41,Lager,Kegs,Jayanagar,13,20.423820167166085,4.658647790302567,1.069354008605892,5.730653455150103,57,10,1:0.34:0.14,2609,9710.724844886525,7.481578979756389,82.51523381702005,1.7401908753317397,2.8513496569290617,1.4314854158745436
6489332,2022-04-11 21:21:51,Sour,Bottles,Rajajinagar,15,17.906123645979136,4.683609955988785,1.0692779130776178,5.146746288908693,50,14,1:0.42:0.23,1975,1826.4798972864,6.113775273380826,77.89819753294096,3.27382163877541,1.8968658654356707,3.5421153721237184
4466133,2022-04-08 20:20:22,Stout,Kegs,Electronic City,18,21.11874323445171,4.996828237103081,1.03203900296031,4.783439930639803,32,16,1:0.29:0.19,4762,11953.676901863622,9.578751087204331,79.65147169940064,3.010759382909123,1.921360879585849,1.9512810498542448
2951011,2022-03-25 15:43:02,Wheat Beer,Cans,Whitefield,13,15.82699531699857,5.363097517769692,1.0539827351071875,4.895853776719013,58,9,1:0.39:0.27,2222,2835.84287908819,6.312694567977539,85.86881334660193,4.066033596869509,3.901321644792421,1.817899822063847
9544726,2022-05-19 16:35:33,Lager,Kegs,Electronic City,13,18.672597682143227,4.981639572757384,1.074717513695311,4.588798576874674,41,12,1:0.50:0.21,2895,10326.657733739596,8.371363742078413,85.29209573551597,1.0363212468801093,4.247453970562116,4.492860935641053
924982,2022-03-31 22:22:34,Ale,Cans,Rajajinagar,17,18.098156120945426,5.323450175315836,1.038401612708159,5.672464565891377,34,15,1:0.50:0.20,3495,10789.80832742664,9.42202897950676,82.9971785523842,3.7407914274894,1.6531619804691575,3.896876794244844
1340158,2022-03-15 01:15:31,Sour,Bottles,Malleswaram,17,20.992434197846137,4.761346619017679,1.054051200457914,5.716246817604407,26,12,1:0.45:0.20,4388,19683.224935797003,8.781926824039125,86.35792374746362,2.9868010304768333,4.064829518120588,2.8265947719758184
362014,2022-04-06 13:28:04,Wheat Beer,Pints,Yelahanka,18,24.34026183633114,5.359016923781101,1.0608997894460048,4.834101580813895,23,17,1:0.32:0.28,1719,5408.759776906172,8.474598854405667,77.96331387487771,2.4883993381646663,1.0656880319819524,3.22565275886294
1569882,2022-05-15 09:18:45,Wheat Beer,Cans,Marathahalli,19,15.161921528827246,5.140907123126401,1.0333107316431822,5.63121470153393,34,10,1:0.21:0.16,1470,3331.7283724990943,8.497558470925508,85.63332065455185,3.935086089550775,2.802172867781135,3.773221485120725
9468937,2022-04-20 21:56:30,Stout,Kegs,Koramangala,17,20.75356186572412,5.209534772645394,1.0721693495678477,4.695969322883729,48,17,1:0.33:0.11,1281,5907.794744793155,6.4733966416912665,73.79049060992251,1.242848807062451,3.800481366255671,2.2028120588363493
1816714,2022-03-26 08:44:25,Sour,Cans,Jayanagar,13,23.30313068151544,5.094111686274013,1.0683147439581278,5.735622665533785,34,13,1:0.39:0.13,1708,19389.406931038386,7.330075622905884,82.9456480756284,1.7878219191069258,4.655617621494194,2.5339620660263127
678711,2022-04-21 10:47:57,Porter,Bottles,Marathahalli,18,18.29967723994548,5.487148936535614,1.077450956026644,4.521597941550875,45,16,1:0.23:0.13,1365,3945.858926821709,6.990360203684018,87.69454761571608,2.277694953927184,1.2624428979372646,1.0279347938433312
7704900,2022-04-16 15:33:44,Stout,Bottles,Electronic City,13,16.14404760802557,4.65899759643306,1.0631975880888689,5.358650257041435,32,16,1:0.47:0.12,4316,18625.457106953232,8.758719816153517,73.10528334296271,4.739453657503934,4.192192979530171,4.509212982076537
9547417,2022-03-26 06:32:25,Wheat Beer,Cans,Koramangala,12,17.1075485607292,5.330794607395642,1.055388389077139,4.639746385340319,48,7,1:0.35:0.13,4879,13111.206178410926,7.739200576871967,81.82193296861094,1.83089266127801,4.703045041770346,1.9112813841004408
6887462,2022-04-09 15:57:49,Lager,Bottles,HSR Layout,15,19.442403713692094,5.141806831831496,1.038066008538246,5.546570917305045,44,6,1:0.42:0.17,4015,18399.46598085408,9.30038147188403,84.07836385124914,2.9974973903077564,2.1932462124568675,2.818654114589989
3317822,2022-05-16 05:59:22,Sour,Pints,Malleswaram,13,17.8896404228053,5.004335219239251,1.0319517274250496,5.0670168009325245,58,6,1:0.48:0.23,1639,13675.62078431971,7.527584872498091,87.83152159989558,3.806888631824437,2.9229262176579907,3.6892574532055074
3606586,2022-05-18 07:30:52,Lager,Pints,Whitefield,19,20.688736063194064,5.277539433538405,1.0627096397466391,4.550870036962285,56,12,1:0.38:0.17,3258,11738.28507821276,6.3274402145436,83.3686916301572,3.9538635591784033,2.448072272129933,3.5109403887895563
8794428,2022-04-03 10:31:43,Wheat Beer,Pints,Koramangala,11,18.31243372558852,4.987704073052679,1.0382738072118198,4.583856628880277,43,12,1:0.28:0.25,4325,12786.926164029475,7.47991912216869,87.03139550363633,1.9213927736506935,4.529314159134791,2.8596551562862342
8243311,2022-05-18 22:27:39,IPA,Cans,Malleswaram,19,20.988783528879004,4.689028480297472,1.0692091218554585,5.871222103426772,30,14,1:0.36:0.29,3782,13110.88425788752,8.975317169782182,72.95925077521224,4.597063227902921,3.860199794132513,3.057426408648494
9470722,2022-04-22 02:47:47,Porter,Cans,Rajajinagar,19,16.61488330308191,5.413587075318455,1.055441462655348,5.363345111506034,50,10,1:0.42:0.14,3764,5407.327620351593,7.536713345595508,74.85755638852376,2.165421116375692,4.707835495611612,2.071767468980991
9107997,2022-05-03 06:34:06,Porter,Pints,Jayanagar,15,15.158066264223033,4.599032007020733,1.0454938485804262,4.556298613496317,50,18,1:0.41:0.20,4949,13395.079315523575,7.402331852188425,86.85233319766998,1.5231282208789656,1.467075161627402,3.062660776652177
8880170,2022-03-20 20:26:15,Lager,Bottles,Jayanagar,10,16.798274083797043,4.732368604453245,1.0574126293135069,5.0469479847026015,54,19,1:0.24:0.16,2742,3366.3254368584585,8.97803609444229,81.11096524152893,4.359091289424218,4.657927540495187,4.451797119766306
5738232,2022-04-19 12:55:43,Wheat Beer,Cans,Indiranagar,15,20.499809679472957,4.831835113872081,1.0304827302522896,5.196587874011973,46,17,1:0.26:0.18,1514,1430.3034547500524,6.864737690454323,73.7198090824274,2.171490720856367,2.4141485585584475,2.449074846746481
9005341,2022-04-29 14:05:04,Wheat Beer,Pints,Jayanagar,13,24.267187754700643,5.458429539689697,1.036022918157789,4.845054440942125,20,16,1:0.26:0.16,2073,4172.990346636981,9.806278861822312,70.84083335221645,2.0561120281716043,2.397529302829855,4.884128971416546
2606576,2022-04-27 16:56:07,Sour,Bottles,Malleswaram,16,16.693532536260626,4.963781606391301,1.063090877428868,5.212135523797413,39,12,1:0.22:0.17,4909,7630.8316584879585,9.595660609421872,74.85357935660258,4.371526515852183,3.5465912626097262,2.623736485307541
4297388,2022-04-10 16:09:46,Wheat Beer,Pints,Jayanagar,12,15.7134858602384,5.027305222161647,1.0639170956448547,5.476418912974697,32,13,1:0.22:0.23,2297,7148.427317311107,7.153547089739374,85.75217830073112,2.848842521952178,1.5747399585164574,2.1327772079788403
8178237,2022-04-05 04:33:40,Pilsner,Pints,Malleswaram,16,20.417425310729893,5.364149668076248,1.0711333435778194,5.081878016912804,21,8,1:0.20:0.17,962,13298.374425718192,9.861817412375167,73.74196017550868,2.271995544417984,1.5292689883825896,1.750560789727757
7339615,2022-04-30 06:13:30,Stout,Bottles,Rajajinagar,15,16.413065056523273,4.991223308926942,1.056722877583284,5.929554187362696,40,16,1:0.47:0.15,829,3076.1957903848547,7.349942118947524,79.24909600893241,4.635473327773509,4.323735930749354,3.953703068851954
3869885,2022-03-27 02:13:22,Ale,Kegs,Malleswaram,18,24.490735461361574,5.318306177921491,1.059302119887341,5.8302362354182335,28,15,1:0.28:0.26,4902,3766.615554572472,9.509486559236176,86.85145492167608,4.237444747604071,4.470820329337869,1.7378319361334
1908054,2022-04-03 00:01:06,Pilsner,Bottles,Indiranagar,12,21.785121404807224,5.1009200280381535,1.0723126556706035,4.702542303205225,20,7,1:0.30:0.28,3323,8795.232676524687,8.779715473753088,76.90968745080178,2.687806517890705,4.737308706056954,1.62767359286413
835363,2022-04-21 10:15:44,Porter,Kegs,Jayanagar,11,21.314059045144525,5.436014855235272,1.0794410534457166,5.354709957004318,20,9,1:0.32:0.13,1021,1829.3980506463097,8.55768405876319,78.3225612497309,3.337778441308912,3.956780065276351,4.07359941782072
4419437,2022-04-17 12:09:41,IPA,Cans,Yelahanka,14,21.38018644138651,5.191684833700285,1.0506835240114885,5.058399322935484,26,14,1:0.44:0.23,3371,16099.3369561233,9.791754770840493,88.13104709543514,3.3662617168448348,3.6587221913017673,3.6572458352230655
594637,2022-04-14 21:26:25,Ale,Kegs,Yelahanka,11,17.500856076062835,5.06401036394626,1.03001242402946,5.543472418007919,41,8,1:0.46:0.25,1025,16010.874479467662,6.921076845284145,72.18365980995974,4.032237247111332,2.8131107657358774,1.4454765700031476
4519837,2022-05-11 16:39:04,IPA,Kegs,Electronic City,17,21.705509870206143,4.995371292521954,1.0465321497599265,5.049976922080004,56,18,1:0.23:0.21,2773,19074.40842284191,6.462938477656135,74.18819176996303,3.965237710657951,2.1994145753037118,4.808703706921512
72319,2022-03-29 00:15:04,Pilsner,Cans,Whitefield,11,16.912822863965143,5.135418581134602,1.0379628430251595,4.578074990454743,52,13,1:0.44:0.26,1171,15282.40988583553,7.8121949095836545,87.24363846262176,4.7659489617408735,2.111473937240264,4.159496930730732
4472609,2022-04-17 06:16:20,Stout,Cans,Yelahanka,11,16.665969173650915,4.901681096963828,1.0529734134907665,5.73963611215317,30,5,1:0.43:0.16,4673,15435.722518378794,6.137556790580218,84.26898675590601,1.3100236726522714,2.1383489312000714,4.980828618550005
3027914,2022-04-21 16:54:25,Porter,Bottles,Jayanagar,17,24.373189345695536,4.865402964918868,1.067603804590645,5.652814926682731,57,16,1:0.35:0.10,4082,12825.411258482343,6.988832992721217,80.86792400141849,1.3541275368370953,1.3733470011892583,1.6188075439206089
7199323,2022-05-23 13:31:11,Porter,Cans,Rajajinagar,16,20.009214667084983,5.3596505127734,1.0507543631003604,5.578160942084342,51,10,1:0.37:0.23,3955,7126.438565477036,8.219108568242175,88.52880832211943,3.328621045631502,2.097195997607586,4.47252984053359
1341939,2022-05-21 03:10:45,Pilsner,Pints,Whitefield,16,23.234656988880182,5.470911544047126,1.0712701548306522,5.194621796383543,40,13,1:0.46:0.30,1643,15391.29980830797,8.357568389287888,87.3342972310872,1.656314241515498,1.638817832361248,2.678405976269987
926937,2022-04-16 09:25:02,Ale,Pints,Whitefield,12,24.2409023111146,5.0299001085768,1.05311877953104,4.926891352625767,53,12,1:0.42:0.23,2389,4660.679118245987,9.868628496516903,71.59550827149396,3.54526193074814,1.5156706456423756,3.7556301618197874
6367298,2022-05-15 02:01:00,Lager,Bottles,Koramangala,13,20.57194097438821,5.304714819188526,1.0451521633229814,4.951054853568642,31,15,1:0.28:0.11,724,18241.432285274448,9.926653711882608,87.57885017481658,2.4888807255406737,1.9514945014202727,1.807508948257305
537674,2022-05-08 19:34:55,Ale,Bottles,Rajajinagar,14,24.295872109209043,5.0985313224847015,1.0599641663743458,4.884709091210386,41,13,1:0.26:0.17,2951,5536.305632274867,8.112558133838217,86.55332418697233,2.0147505070424505,2.8967670170870727,4.688530241288211
9281272,2022-04-25 01:35:00,Stout,Kegs,Koramangala,16,22.02055623705474,5.376110882375918,1.07772425922418,5.53963528895913,34,6,1:0.21:0.20,4079,12724.632473087107,6.906509449806201,70.83177011083649,2.404451190204669,3.0299359161952832,1.8257074020154844
2781600,2022-03-30 05:50:17,Sour,Pints,Koramangala,13,24.70995830269179,4.755217052775719,1.0786452947195566,5.677143044733422,24,8,1:0.26:0.13,2640,1848.3478065099216,8.865889258083618,82.27938604013733,1.5802072528171025,4.019817597204868,2.645413458024362
9894148,2022-04-03 13:10:29,Sour,Bottles,Rajajinagar,10,24.98108222249219,4.648539698077895,1.0752530766058093,5.378035098398859,35,11,1:0.49:0.24,3525,2069.959005924944,8.305689821507226,78.52819492352552,4.637860366758506,2.497533343927647,4.534155558251342
4698112,2022-03-29 02:59:03,Lager,Cans,Indiranagar,16,16.771916065433942,5.422013350229084,1.036599182357683,5.348339646689313,43,16,1:0.23:0.17,2288,8060.944564602535,7.812941607603083,72.91746051591822,3.531207104982071,4.215613688184051,1.287284504508833
3151129,2022-04-25 07:38:15,Porter,Cans,HSR Layout,11,22.27428533518976,5.131117440213336,1.0733291447493138,4.810292443923249,41,16,1:0.46:0.23,2123,13785.50007804605,9.961385001899805,79.52411593017332,3.012120371954061,2.158707390148728,1.7826455258335865
5980363,2022-04-07 23:57:25,Lager,Kegs,Marathahalli,15,20.7526776164374,4.998968589801339,1.0621087104292055,4.653708395131428,58,7,1:0.30:0.19,3583,19172.13940493522,6.780825917259227,87.62562542019752,1.259447056371345,4.0501072766273225,3.858033400687369
7746500,2022-04-06 18:44:10,Ale,Cans,Electronic City,19,17.712082258610792,4.8851261564293535,1.0329633998518757,5.8278809407958505,48,15,1:0.45:0.13,2970,15168.830481020905,7.577068535631225,83.89038486253564,3.328976019572313,1.808548550887458,3.908181251242574
8028802,2022-05-25 05:48:33,Wheat Beer,Kegs,Koramangala,17,16.132879789053113,5.31265159013968,1.0687974586091755,5.182802328084952,29,18,1:0.50:0.13,1876,4628.307059657352,7.780934453129236,77.76316038136335,3.023039693231916,2.863644001983822,1.568591684041778
2207037,2022-03-23 05:28:14,Ale,Cans,Jayanagar,15,24.4126078770167,4.707449894407507,1.0417076605952773,5.147090152801815,29,17,1:0.31:0.19,2847,9411.435204655603,8.98100557166451,70.30820404755039,4.443244967192008,3.62198233301493,4.299359010195859
2877382,2022-04-20 06:06:53,Pilsner,Cans,Malleswaram,16,17.064916479432853,4.853328298026336,1.0589645461385422,5.222207611498155,44,15,1:0.28:0.24,999,15053.601823405374,9.681078218660709,70.73305356879564,3.950352549207466,2.060512164552956,4.179747898844083
2707994,2022-05-24 05:15:12,Pilsner,Pints,Marathahalli,13,20.76258018046417,4.670761094373773,1.0317322093928991,5.729285233861768,31,12,1:0.47:0.29,1721,10354.74505158767,6.113017556000076,73.75330456902512,2.097586758272133,2.3302762666983883,4.672889225471733
2060958,2022-04-02 06:40:49,Sour,Bottles,Jayanagar,11,21.2182773788882,4.89010005751995,1.0742319021458206,5.736337111998525,28,14,1:0.34:0.25,2157,6983.827397242276,8.754611706836519,84.25428742667573,3.795786683768097,4.387996940392458,4.485043307991443
3214236,2022-05-15 16:14:01,Lager,Kegs,Marathahalli,19,17.765895723128715,5.232843209604288,1.0771420831377732,5.342328765790742,38,8,1:0.36:0.26,2118,4120.9325794255765,7.590647149077304,82.91394039749518,1.905826587981493,4.135037880915798,1.9905942238805472
2817899,2022-04-26 08:51:34,Pilsner,Bottles,Marathahalli,19,23.96031190026379,5.304274467902212,1.0492208359166575,5.442990053162832,38,9,1:0.23:0.30,2810,10650.630770643313,9.88151765258947,83.12075815974131,4.119788930478325,3.9856104794777623,4.370407230467019
9069669,2022-03-18 00:58:13,Ale,Bottles,Jayanagar,12,17.836636296282382,4.620284715018722,1.0797633782260172,4.784388958388276,28,16,1:0.34:0.26,2135,6817.971962306526,6.21529630299602,88.14576221007641,3.833073908596548,4.726763409277185,3.673890145655271
3467024,2022-04-29 11:53:12,Lager,Pints,Whitefield,17,20.201449494634943,5.447623841899798,1.042314066373233,5.758134444953723,51,14,1:0.41:0.27,4919,19438.14277081548,6.48339770144416,74.08158284725978,1.8792062479145168,4.1054228569457525,2.773255488544096
9326558,2022-04-17 11:51:58,Stout,Pints,Marathahalli,15,21.1611304457596,5.0261779678653,1.067475842926625,5.2780336500789256,43,18,1:0.24:0.17,3120,8200.574130072191,8.444417240127777,86.75170495062267,3.1315222598606627,2.92283804140181,4.524235146442477
1706929,2022-05-19 12:32:29,Ale,Pints,Whitefield,17,24.507518843958884,5.301678413064844,1.0543331515386474,5.546747003185305,20,8,1:0.33:0.13,3505,3550.9670999206487,6.13284982919077,74.73656986905404,1.1254670879041235,3.596129188600361,2.3877427361741828
5520601,2022-04-26 04:01:51,Pilsner,Bottles,Marathahalli,19,15.248267687027491,4.732373639760955,1.0670536607956476,5.241099388758127,45,19,1:0.24:0.27,2898,2218.2214324315755,6.794534909254418,70.58036562498003,4.995092887082437,4.414805698523372,3.571014314253957
3131261,2022-03-17 12:50:20,Wheat Beer,Pints,Indiranagar,19,23.98445134699349,4.80639168685275,1.0327514625819163,5.145870874395486,28,14,1:0.44:0.16,3629,17260.138343580762,9.359948984279624,76.45155154470689,3.678204308519402,2.369805600639071,4.283806352969052
4463214,2022-03-30 10:26:47,IPA,Bottles,Yelahanka,16,24.88277982887454,4.597730490008674,1.0620345569776934,4.664186817259654,40,13,1:0.27:0.26,4503,17103.81348036093,9.939195553892066,79.54790894797033,1.8057291611349524,2.6018193539018446,2.268519988547664
4953540,2022-04-24 09:44:56,Stout,Pints,Electronic City,10,22.12215477070826,4.781092921572872,1.0334709791449843,5.004519688219882,50,15,1:0.20:0.25,2892,9513.219686902115,9.30420988762411,80.91635182138462,4.329355056848299,1.7173186584240852,4.211561939801287
6068865,2022-05-14 13:58:36,Pilsner,Cans,Malleswaram,19,20.162542317353747,4.613394428209849,1.0667409523981746,5.516425779452867,32,14,1:0.40:0.21,1125,11646.829438470397,7.912261919077139,88.03533183557519,1.876736097509943,2.363022286255504,3.084647882073841
7665206,2022-03-22 06:23:12,Stout,Pints,HSR Layout,14,24.02591514958561,5.113969552676131,1.0752027057880813,5.318107323955395,51,9,1:0.41:0.14,1364,7845.273455187585,6.486430134373013,80.75315417746755,2.889713960350256,4.058402885378229,4.671595950109788
6666326,2022-04-17 14:57:18,Porter,Bottles,HSR Layout,19,17.02011081978513,5.39130608936901,1.0583914381233277,5.99243216813858,49,17,1:0.32:0.21,4260,15503.083806228384,8.633248569964621,73.96736026317029,2.1835434140013,4.419937343224923,2.081009342483254
5471950,2022-03-15 08:58:22,Stout,Bottles,Rajajinagar,12,22.929949231977357,5.391982105185933,1.0401439730553304,5.823549573132548,58,10,1:0.46:0.18,3318,14407.311484467436,8.453489987268352,72.03419513955379,2.231743943126182,2.2565941306632014,3.3803423671063526
3243879,2022-04-13 15:14:44,Sour,Cans,Rajajinagar,17,24.02149724408556,5.046585411626423,1.0541543368184372,5.259911857210415,25,7,1:0.32:0.18,1422,15809.931146264713,6.507883708988722,75.64863240584793,2.879226627889873,3.211757026563228,3.816454766488612
8588877,2022-04-08 17:30:36,Stout,Cans,Koramangala,14,24.475861239045592,5.442854350617903,1.052719595016582,5.933664313978043,57,15,1:0.46:0.27,3424,15761.86063667799,8.206393832179174,78.14667446162021,1.4708121733801305,3.1276061708810032,4.160176301259075
3112746,2022-05-11 02:18:51,Lager,Cans,Rajajinagar,14,18.062119177312912,5.478000090385558,1.0332541226636571,5.62088608598683,46,12,1:0.23:0.13,3643,11311.591216581077,7.676506885891433,82.2143720253066,4.537887012634341,1.9863787956960743,3.897151672059493
2026756,2022-05-08 20:57:11,Lager,Pints,Indiranagar,15,17.44921657993662,5.23584351774552,1.064164548139663,5.334975843834154,52,17,1:0.40:0.13,4918,1512.5817356761015,9.751393392948977,70.7306978068628,3.762982865641933,2.9162978538626336,4.35027345385082
2057527,2022-03-20 03:10:24,Stout,Cans,Koramangala,10,21.519619307517686,5.011233935705261,1.0649513689028312,5.0184785046768745,36,12,1:0.42:0.21,2270,1306.5494328845712,6.186705183303012,77.51243893541883,1.288458932398285,2.176698159618117,2.6126584449597283
1903284,2022-04-02 02:41:57,Porter,Kegs,Rajajinagar,11,18.6512307287233,5.422727666256841,1.0525027386936452,5.637225958291095,59,5,1:0.25:0.19,2824,18471.55785597003,8.945872268510229,74.97381437975987,4.7751022592095405,3.8231268486639194,4.857495315231442
7795835,2022-05-16 02:07:45,Wheat Beer,Kegs,Rajajinagar,15,16.538272208278595,5.299043681068865,1.0767252471059747,4.746140535604474,45,19,1:0.27:0.26,4941,12443.536687817805,6.335866945998008,84.48208268281537,3.9447212548793087,2.874517149527436,2.0149188925460644
6064622,2022-03-17 05:08:45,Lager,Pints,Malleswaram,10,21.054534372604937,5.322377903289898,1.0606903741931517,5.914053977922307,34,15,1:0.21:0.24,2101,9963.801387183004,9.820497696767005,77.3450072589421,3.896103355162835,4.089622412545833,1.404583717899421
1850067,2022-04-27 02:20:25,Lager,Kegs,Indiranagar,14,15.68377735173846,5.190601868613288,1.036472650768768,4.724612132151491,38,18,1:0.34:0.27,1383,4546.291619018848,8.919144286003265,79.13572330146067,4.27122016533163,3.92216344359653,1.1327731582022251
2574817,2022-04-13 08:48:41,Porter,Kegs,Jayanagar,11,23.19429633087978,4.94476898170069,1.0724318425971642,5.482207537199209,46,13,1:0.35:0.29,835,12670.079659161194,7.331708132945728,78.41716904698606,4.949244796326899,2.124986143899748,1.843194847371601
2652596,2022-05-02 12:21:24,Wheat Beer,Kegs,Whitefield,11,15.952071685815383,5.05356146082727,1.059875770428063,5.838627242844822,28,7,1:0.27:0.15,3285,12759.400267983909,7.0959714900699336,89.9354328934028,1.0787846244523616,1.7391536213297307,2.5459095704620447
7941754,2022-04-12 04:56:12,Wheat Beer,Bottles,HSR Layout,16,16.03151448826087,4.698467964795877,1.0482586877063167,5.702465698757248,28,13,1:0.43:0.20,3553,8551.275285308937,6.8069005369100735,72.92431546757098,1.2430286120575156,3.0630353252162075,1.5945928333478476
7264237,2022-06-10 20:41:56,IPA,Bottles,HSR Layout,15,24.03989519660905,4.898884116253753,1.057964684240346,5.307562631459211,51,16,1:0.31:0.11,4015,2448.8655444630285,9.568185401057953,83.75564815593705,3.577915791198491,3.470557159653473,3.6821353996112034
5467233,2022-06-24 16:54:19,Wheat Beer,Kegs,Electronic City,10,18.70729271290675,4.962598818500093,1.0370131551661226,5.4544731428292685,32,18,1:0.22:0.21,1802,7882.020172348364,6.92223065932959,84.25113384025465,3.518167098961095,4.251546059708678,4.322449960143606
5687937,2022-06-16 01:33:12,Sour,Bottles,Whitefield,12,19.916439351284676,5.306364246244923,1.0340906536094758,5.550714689184454,36,19,1:0.44:0.12,4994,3941.890102475632,7.449365518934491,83.42323522514052,3.8200184514564848,3.825289820716696,4.207075094086928
9338049,2022-06-14 23:03:00,Porter,Cans,Indiranagar,17,20.992148875772244,5.365288242802793,1.052165297221482,5.842169853998885,54,9,1:0.26:0.21,3625,4030.607668292718,7.476224772650301,71.86188709438291,3.6501705358061294,2.5549471937470485,4.806093096273861
4894535,2022-07-25 06:07:05,Stout,Bottles,Electronic City,14,22.11183803833249,4.881721850179701,1.0659631960687048,4.903219290931015,59,14,1:0.35:0.30,1837,19499.207444575448,6.935402458025935,79.82534897098813,4.132197594307314,2.2787043269191987,4.367958557088008
1398481,2022-06-19 09:13:46,Porter,Kegs,Rajajinagar,15,20.48753466545994,5.377538035027173,1.0757211710440084,5.358047955612481,27,8,1:0.46:0.14,4481,16226.282290925818,9.53131438797853,76.89448676231558,3.6977709136007,4.074675111069301,1.1384644446340038
3582056,2022-06-27 00:38:55,Wheat Beer,Kegs,HSR Layout,11,19.33616780173074,4.713847655919493,1.0629677691856505,4.706502806998732,31,14,1:0.23:0.24,4602,14309.900679002332,6.375346902752765,88.2641929585489,4.169207192918301,3.84070979279025,1.391741883370497
9447968,2022-07-30 05:03:07,IPA,Cans,Indiranagar,12,17.873651261145284,4.97254753375254,1.077213844229751,4.943207357971747,40,13,1:0.22:0.29,621,16409.22544134043,8.624307404979694,83.20748024697232,2.504195913392832,1.6861083628754705,4.37754102449407
1970177,2022-05-27 14:00:43,Lager,Kegs,Jayanagar,14,18.0865285894521,5.121181013552232,1.0569260048552442,5.4522911238882905,35,11,1:0.33:0.29,1195,15237.191739290112,6.177138703538399,79.03022133847955,2.5985407447749025,2.712741121407332,3.519439159593678
1563081,2022-07-21 08:59:21,Lager,Bottles,Indiranagar,13,22.975901574039725,5.1522060545064,1.0565570772339432,5.393141689404297,55,10,1:0.36:0.14,3841,7624.160582361566,6.325101543009182,80.30453353653476,1.3890588883423036,4.693208277414639,2.46162788462702
6556272,2022-08-03 14:45:57,Pilsner,Kegs,Whitefield,10,24.05625264861812,5.1376928459250095,1.064194109230124,5.138024602709192,23,18,1:0.47:0.12,1279,4451.730592307193,9.980205176414112,73.68703352219947,2.2488688889493287,4.931401101662901,1.183345186043955
9160930,2022-07-10 15:37:46,Stout,Bottles,Marathahalli,18,22.70173769693571,4.970634207200346,1.0552520839402435,5.239305951242077,26,17,1:0.35:0.19,1328,17583.502812213617,7.311101940460444,84.2802898911527,3.901943965498024,1.4412842714941425,3.276779881324207
3948584,2022-06-29 05:01:07,Porter,Cans,Electronic City,11,20.59706995349976,5.347520509571975,1.056041704416803,5.422481513889363,34,10,1:0.31:0.21,4675,14537.284463170648,8.816109118246299,70.31621336485627,4.997800034727092,1.7193206738940223,1.3847429887076674
8916220,2022-06-26 01:59:48,Wheat Beer,Cans,HSR Layout,13,16.933156654061687,5.227686036448877,1.0716780918133288,5.675058647939198,32,8,1:0.36:0.14,1080,16942.58383405672,7.492326526507425,72.89189005713654,2.595514225077896,1.288498221157135,1.8804671672906053
8202789,2022-06-10 16:17:24,IPA,Bottles,Yelahanka,12,20.13022565735152,5.489987751936749,1.07464983024958,5.240740032121828,57,9,1:0.27:0.27,4326,16988.012518214335,9.298685619770744,79.01008838273663,4.020823271649773,2.0829959318253466,4.469608797782917
9751761,2022-07-26 21:12:55,Lager,Kegs,Whitefield,18,21.70457554633377,5.298234829124217,1.0464788157581253,5.416555443667793,54,16,1:0.44:0.27,2937,2991.2269145468617,8.329930650356456,83.38628943906764,2.4954387550689967,4.3273754785227165,3.841579971066858
7028698,2022-06-07 13:55:32,Lager,Kegs,Rajajinagar,18,19.059606316853355,5.277614099351892,1.0482003671137017,5.560482946561304,23,10,1:0.27:0.17,1698,9782.38540306826,7.19385915048888,80.63729203614466,3.874497580384356,2.244208165854186,2.6992835104814783
3608769,2022-07-05 15:25:25,Porter,Kegs,HSR Layout,17,24.83285675814016,5.253859271280524,1.0545040320328771,4.838238901946086,25,16,1:0.36:0.23,4726,19994.68884470954,9.23082415187227,87.53671283226785,2.9871299854905984,3.532758288477864,1.2590518083723512
9319973,2022-06-15 02:26:08,Wheat Beer,Pints,Indiranagar,13,21.25251455300047,5.198313321597797,1.0500616550030035,4.797295609649047,54,5,1:0.40:0.23,3117,9753.940629890212,7.33665266715437,76.04493556132276,3.2524575637606827,2.452781467114157,1.3769424888028103
2281853,2022-06-29 04:27:15,Porter,Pints,Whitefield,16,24.97954406771627,4.917756925868881,1.0598909666427998,5.769964097939708,59,7,1:0.22:0.11,959,2824.146996612192,7.589052865808455,79.03473494558932,4.159316539725005,3.3496989428954733,4.231437353570166
9685931,2022-07-10 04:40:07,Porter,Cans,Rajajinagar,17,18.171125922079604,5.15533721328878,1.0397899858011503,5.5369779525093294,53,6,1:0.23:0.27,1536,6414.172642554868,9.826108156628257,80.9245535347836,1.3283855621988274,1.1507147578062442,1.2664239944958844
2005916,2022-06-23 22:39:01,IPA,Pints,HSR Layout,19,21.926564830659665,4.612141579968935,1.0392918591774438,4.795466539003605,21,19,1:0.45:0.29,3569,13835.714028535487,7.194802769569385,78.21489136774089,2.041283261228061,3.420148464131913,3.065127956659276
7243757,2022-06-20 21:28:09,Wheat Beer,Bottles,Indiranagar,19,21.24603251343382,5.1004470454857165,1.0488415274942184,5.382391818176535,38,9,1:0.40:0.15,1678,18569.04795037612,9.025875330626286,70.26569738835381,1.229956131294211,1.41938382603124,3.2202356337619022
1154367,2022-06-06 17:35:59,Wheat Beer,Pints,Whitefield,11,18.004864856358495,4.684680946674026,1.0330382815991648,4.94720101697418,40,7,1:0.36:0.16,4897,7866.045890107805,9.932063148457845,79.09379481176659,4.825948950940546,4.7625731669784095,1.077682164269842
8515399,2022-07-31 18:09:26,Lager,Kegs,Electronic City,10,22.403742148339365,4.8872384178063975,1.0488093921682693,5.696227526025329,42,16,1:0.23:0.11,3815,5952.859933226502,6.639808666409482,77.41122774418716,3.7104668960231,1.835408400662004,3.1929371910012345
6928650,2022-06-13 01:06:14,IPA,Kegs,Indiranagar,14,15.98958820812914,5.157680375242773,1.0320578158547535,5.652336645588445,23,14,1:0.38:0.14,3993,13340.771684364348,9.204252480683856,81.75320488404934,2.578648289813945,3.183689734540501,4.994192509673347
8481730,2022-05-27 02:46:48,Porter,Bottles,Jayanagar,15,22.26833530738486,5.306181710549006,1.0562350608706748,5.403381471955654,23,19,1:0.23:0.24,1154,5931.81010562129,8.908796630083007,78.20907377942815,3.923388769233992,4.381200449437591,2.9728380772669163
35081,2022-06-18 15:16:07,Ale,Cans,Malleswaram,12,23.507850263686976,4.793438170858189,1.0336774682868974,5.80716994926888,30,14,1:0.32:0.21,3476,18585.88291527824,8.57583332364463,83.75932107563305,1.694104595573937,3.113466328834288,3.147497237924045
9922764,2022-07-27 10:28:32,IPA,Cans,HSR Layout,13,22.828242645576893,4.733476397754653,1.036763161669772,5.834440065996134,57,19,1:0.40:0.12,1302,2697.046510494474,8.61907330614148,79.49774273176779,2.938714635099291,4.425849429345815,3.831506262357839
9676457,2022-07-02 20:18:40,Lager,Cans,Indiranagar,15,21.996861333322745,4.692356291001854,1.0526382929846585,4.984468837860563,34,8,1:0.27:0.15,3382,3712.504356411831,8.850003482029825,86.41371432349729,1.0564635213920854,3.0674765462143467,2.01857104258571
4737854,2022-06-07 11:19:41,Wheat Beer,Cans,Koramangala,14,18.06211979972858,5.18366174828535,1.0552342267052983,5.906767388705014,37,13,1:0.38:0.25,2295,18721.523047699106,8.4561591694324,88.6694361854974,2.4984779659202268,3.399470089569209,1.293889544755868
4694431,2022-07-03 09:18:18,Wheat Beer,Pints,Rajajinagar,15,18.936773784111203,5.496172096610829,1.0351051197800607,5.753887106698936,35,10,1:0.36:0.24,4398,4669.880697427495,8.750735146282034,74.56144597866525,3.594515286578651,2.699994087579886,4.514379130730352
5046699,2022-06-28 14:45:01,Porter,Pints,Rajajinagar,17,15.89981035026155,4.635742387323056,1.035835932380967,5.530399391754684,43,14,1:0.25:0.26,3085,7970.365104448796,6.087848043652783,85.31700796689533,1.0671721685335638,2.567152882191408,3.9247942430136895
4718832,2022-06-07 08:58:19,IPA,Bottles,Whitefield,10,19.737172414461103,4.59177860800304,1.0448840057717228,5.083431258801643,59,12,1:0.24:0.11,1370,7487.120148876265,6.444473010549887,72.62871264952174,2.86721354911676,4.76150050703444,3.807368634419889
8519752,2022-06-21 17:17:59,Porter,Pints,Jayanagar,17,16.130935021863348,5.37620495074365,1.0726515795208105,5.4586485863558165,27,6,1:0.22:0.20,4512,13338.955516153976,7.254891101895853,74.87561988029412,3.6690565699548143,4.880802057380975,2.456827434841162
3990839,2022-07-28 07:32:24,Porter,Pints,HSR Layout,12,18.53023680869597,4.913368447046268,1.0407174418661465,5.133304664183916,49,15,1:0.36:0.11,2502,14140.858852299736,6.264765215512357,70.42925522685374,4.882699494556643,4.923604981530919,3.21847015372309
4964431,2022-07-30 08:56:09,Pilsner,Kegs,Electronic City,16,16.50953167730872,5.008561984311834,1.039679290525152,4.7341822959676,38,6,1:0.31:0.17,3864,14200.874633010995,8.45522832594813,84.8683605913933,1.2068028802088988,2.8686922273876045,3.017481976103852
2091091,2022-06-15 12:58:38,Stout,Cans,HSR Layout,15,17.057643835410794,5.1453101671918295,1.0454194487619066,4.794875838182232,29,11,1:0.26:0.27,2353,10423.844253137731,8.470180353016993,85.78391363119862,2.9971351594723634,3.217098294586408,2.1199309667683197
2140540,2022-07-30 23:49:53,Lager,Kegs,Indiranagar,11,16.17252800713824,4.939778464004042,1.0780908857054767,5.272973416402074,41,16,1:0.42:0.11,3086,18799.97778091836,8.69358240572474,87.34815091510603,2.7958386778710187,1.3739948440494976,4.423578967371917
1734890,2022-07-04 00:55:03,Pilsner,Pints,Electronic City,12,18.459988881332077,5.464879465518069,1.0656415708222022,5.811993467639301,22,6,1:0.36:0.24,3190,18347.008225626498,7.936346383904007,75.81642267043206,1.4547710473585544,2.23263238196775,3.085745690850003
895395,2022-07-15 04:52:44,Porter,Cans,Indiranagar,12,17.96355010427439,5.281745078786535,1.040371352221367,5.830491212023222,22,7,1:0.26:0.14,748,18623.21290471086,8.847358834560051,74.6716044876411,3.484000159790501,3.4760878721662607,2.61592119314868
6139879,2022-06-01 21:59:25,Wheat Beer,Kegs,Malleswaram,18,18.453616384648228,4.590433744452664,1.0565576296315984,4.806275273495741,30,18,1:0.41:0.13,2514,7235.034691742317,8.976100547966954,73.62193191975459,3.075663172428435,1.2668562247247683,1.5339805845092065
2689945,2022-07-01 11:41:53,Porter,Kegs,Marathahalli,15,20.05276660360692,5.273161894070448,1.0491445250276954,4.93158926991091,45,17,1:0.45:0.19,1190,1374.7246912561918,9.614800722677284,83.87975037010207,2.38828359831162,3.291490503360088,3.0239071600632674
6422588,2022-07-11 12:19:05,Pilsner,Bottles,Marathahalli,15,15.39018699982224,5.151117458063215,1.0442891982427502,5.284501547339132,28,12,1:0.48:0.27,1584,16124.590997325568,9.9497991292356,80.2480509642337,2.422206154969531,1.1792689793601163,1.4704177374805951
9072702,2022-07-09 15:25:57,Pilsner,Cans,Jayanagar,17,21.293720869620174,4.65268249919071,1.066003450907813,5.327613586059776,53,11,1:0.50:0.22,4733,1491.8640512411102,8.37954497171849,73.348410305449,2.0153643836832837,3.922006167978339,4.8924918749722055
6354082,2022-06-22 17:34:33,Lager,Cans,Jayanagar,19,17.234290653226463,5.403888356344878,1.0659737804245786,4.622458271115279,26,5,1:0.48:0.23,2475,16353.715485878403,7.500650895841089,81.09955246089547,3.339817999416098,3.648191958497832,2.3101741437006806
2275868,2022-06-17 06:43:16,Pilsner,Bottles,Electronic City,19,21.16478302301116,5.3062286557510046,1.068816407780621,4.916802343540246,25,5,1:0.47:0.22,4606,4714.253963419924,6.432547314806036,88.2923896030169,3.095842857966417,4.831675216323795,3.2621535640964074
6160592,2022-07-12 04:30:59,Wheat Beer,Cans,Jayanagar,14,18.971166907314284,5.219324770868564,1.0551882591905233,4.680654599046787,47,14,1:0.27:0.19,2455,14786.683474829008,6.030525179478456,89.46994809625843,2.7865870702806355,3.6410747388364553,2.095730752442603
3166731,2022-06-08 05:08:16,Porter,Kegs,HSR Layout,13,23.45138813561774,4.942002119602582,1.0782307331639602,4.637576736067254,21,7,1:0.21:0.22,4714,1431.676422614733,6.4534442126132685,76.64938335322982,1.93369104183867,4.11387479790765,4.42045531135995
1179610,2022-06-15 01:52:20,Sour,Bottles,Malleswaram,15,20.072819575880423,5.189058135897524,1.0537779200267872,4.695643628275768,36,9,1:0.43:0.26,1478,13894.400640905793,6.492530724924183,82.02984340425166,3.444427604313483,4.428965917048499,2.391141003198108
4524661,2022-07-03 08:37:29,Stout,Pints,Yelahanka,12,16.77337089890812,4.79009327398943,1.0369840022074976,5.0666621264862295,47,19,1:0.22:0.20,4455,12088.29362377986,7.404020363198684,82.85242524836569,4.965473431043318,4.032256674251596,2.7339605720918447
9734779,2022-06-29 11:31:08,Porter,Bottles,Rajajinagar,12,17.639999045875363,4.821477353436471,1.057437342694627,4.808896549235162,20,13,1:0.39:0.12,3217,19517.4370641928,6.554255024241968,83.1709532016384,3.3801792421075216,3.4324766668714863,1.916117623266616
9727888,2022-06-26 21:17:42,Ale,Pints,HSR Layout,11,22.06929677300984,4.67792577171534,1.0367279504394145,5.943908795994584,25,15,1:0.50:0.18,3512,15674.801050463571,9.038518939087076,83.21132440075489,4.742609006416009,2.237553420560796,4.717799513896731
4847902,2022-07-23 15:53:52,Lager,Bottles,Koramangala,10,19.09073820541181,5.486007304139848,1.0773500154005389,5.8578545536624125,34,18,1:0.44:0.11,790,13443.615771459145,8.141173185410086,74.5776735077489,1.4657817135725248,2.7467082988872105,2.5558730700214247
1082564,2022-06-10 03:34:29,Sour,Kegs,Koramangala,18,23.785763822406377,4.829709045870791,1.0616202481374326,5.435059073785512,41,14,1:0.45:0.20,3335,8698.836167827765,9.082025710728228,89.4887935000037,4.211877931641239,3.5402891259734006,1.0290470504569136
726809,2022-06-29 05:43:46,Lager,Bottles,Koramangala,18,16.844322399357576,5.194058626363844,1.0368644195968726,4.755883160327802,58,15,1:0.47:0.25,1324,11805.275463424086,9.15790810412661,81.13950581755059,3.65631210805173,4.775623063543952,1.9514324839963175
5205952,2022-07-03 15:20:37,Ale,Pints,Yelahanka,12,19.66897659355784,4.511259847964754,1.0350503335606964,5.761876590030168,42,8,1:0.36:0.25,1947,13052.847169432343,6.551235091999663,73.57467215271929,4.276019831726039,3.355703321202701,2.577371073740558
702233,2022-08-04 15:38:34,Stout,Pints,HSR Layout,14,23.98205063902196,5.471496106796635,1.0458399641145182,5.438394517147602,57,18,1:0.43:0.27,4981,14719.912314724408,8.262284389859275,77.51614441993524,3.710048901437255,3.8560183727123727,4.029285120723923
4655721,2022-08-02 05:36:24,Lager,Bottles,Indiranagar,12,18.441982639140512,4.534189351538033,1.0411227395915486,5.128285757040408,58,6,1:0.48:0.16,3434,6633.456849811383,9.932192137256118,70.4835641106481,4.5718574310006455,1.4347630959941535,3.770738389138684
18575,2022-06-28 08:57:36,IPA,Kegs,Whitefield,11,21.203287206057617,5.13497950073501,1.0480197949278742,5.334572415253143,31,19,1:0.21:0.26,2490,16818.370371382865,9.965247192300705,89.61505789882217,3.1801143036964183,1.848228604322521,4.7778979245949245
2601361,2022-07-27 03:06:38,Ale,Kegs,Marathahalli,15,24.296863617317737,5.104899618581807,1.048334150129185,5.839408174060775,41,13,1:0.46:0.18,2514,1119.330188374656,9.700828757498526,73.47020057117975,4.935603042444554,3.4192294577496454,1.9477045907854675
4499335,2022-07-20 18:13:59,Wheat Beer,Cans,Jayanagar,18,18.66421676194142,4.6066188271515145,1.0592061909763573,5.034803086627451,20,10,1:0.34:0.13,4908,1286.6924353626034,7.32954362922535,85.3687678063732,3.2750667931289343,3.45717766716738,1.3651110936262931
6076388,2022-07-07 00:43:01,Porter,Cans,Jayanagar,13,18.389102177885903,5.444882378843783,1.0593323545146622,4.900743039632066,55,15,1:0.28:0.28,2729,3795.176003896293,7.653253380918936,70.15512369273138,3.9912256769713337,4.879847245671455,3.924812707701813
3953924,2022-06-11 09:07:01,Lager,Cans,Marathahalli,17,17.681479314016343,4.534928309465841,1.0756270834647372,4.87514755201886,40,14,1:0.26:0.27,2154,13757.982998420695,6.40742642905877,82.34926967397074,4.989537930261344,3.446912770752642,4.394305511862592
8446762,2022-06-15 15:40:50,Wheat Beer,Kegs,Electronic City,15,19.44927449800464,4.89855225191345,1.0752036329188452,5.266563774044824,44,12,1:0.36:0.11,2726,3345.326729419732,7.497541253614747,71.74172317176895,1.780191765829191,1.1967546829544142,3.24321100499752
4045236,2022-06-10 06:16:41,Ale,Pints,Electronic City,14,24.139721102168707,5.431865400238088,1.0365182839190463,4.960616226073218,22,8,1:0.29:0.13,1644,16321.6329771094,9.32653275897481,81.40483441764138,2.892037172016048,4.426822670199521,1.490580416896583
7621469,2022-07-07 06:23:32,Lager,Bottles,Koramangala,11,17.630078574615652,4.853361617642061,1.0709841633857884,4.752952651001136,57,10,1:0.27:0.23,943,12135.702687503186,9.61818069424996,70.19916989161123,4.528381240964064,3.907210506835512,1.8122596393487789
8757547,2022-06-20 01:54:31,Ale,Pints,Malleswaram,13,21.929228201863804,4.515291222418825,1.0304922867990296,5.389066026168649,44,10,1:0.31:0.25,2335,7288.4267658615645,9.222448631543635,85.7201891716746,3.913715551913274,2.708255756106276,3.013900110451412
733878,2022-06-18 20:24:02,IPA,Cans,Whitefield,17,20.331344322077733,4.956835972500428,1.0490350735894098,5.454007846313645,20,19,1:0.29:0.18,679,16769.015855087157,7.021717692263042,74.59308495518385,3.494211274874449,3.954236199737519,4.3846088271304975
9953664,2022-08-06 07:43:12,Lager,Pints,Jayanagar,16,16.35095906101197,5.076004076022863,1.0758553284050998,4.68428190008945,49,10,1:0.36:0.22,2625,4474.993460927285,7.213267686501508,89.83734085883007,2.9349096933931667,1.743922483734572,2.255053361386048
234924,2022-06-04 07:23:18,Pilsner,Bottles,Malleswaram,18,20.940145803649926,5.099239778114127,1.044876065685995,5.74208941922637,51,10,1:0.27:0.29,4316,17758.122759891445,8.390710765144195,84.25859276262692,3.4184234561247657,2.2950846749575278,3.026986486554632
1931830,2022-07-02 04:22:42,Lager,Kegs,Indiranagar,13,16.673793299801176,5.417902693922584,1.0482111358360664,4.843875134751212,33,10,1:0.47:0.10,4299,14455.933782711803,7.105343730651046,84.78960493542343,1.7122288971658115,1.8226082580202736,2.057969586079222
7025860,2022-08-05 07:21:18,Ale,Kegs,Jayanagar,13,19.353480165860205,4.632654690027125,1.0355958067990798,4.932797307923805,41,13,1:0.45:0.22,3627,16414.954492308527,6.443007692413527,88.47134297521113,3.9393278593593215,1.7113025254283605,4.389193251366358
7468905,2022-06-14 08:54:34,Stout,Pints,HSR Layout,15,18.762447936427883,4.740037413805273,1.037553478344008,4.667776389975276,33,8,1:0.34:0.20,657,16893.645488887145,6.919459973502606,84.46008512821568,2.8883741741554587,2.456402837591253,2.3163063152978087
7507872,2022-07-27 17:23:18,Wheat Beer,Pints,Koramangala,18,16.902801683778378,5.383249360963403,1.04658261228504,5.460866368949163,55,18,1:0.21:0.13,874,14498.748262761976,7.322093008180561,83.0252001498828,2.84935939050082,2.1695151250503995,4.518674113385989
9448952,2022-07-08 07:05:16,Pilsner,Cans,Koramangala,15,18.05534550821538,4.670426684660119,1.033237289226549,4.627213352107202,21,19,1:0.27:0.12,2618,11098.680761323,8.469134701889528,78.93558009909037,1.781859033555794,1.2552735846190997,3.428490285057728
4995102,2022-05-30 02:38:33,Ale,Bottles,Malleswaram,17,18.729650459703088,4.51379146876608,1.0529391001783397,5.095202772982788,38,11,1:0.31:0.11,781,16618.12913102398,6.337855863162539,89.40617518470225,3.2227553159481874,3.6729422959029514,2.674924417221999
233890,2022-07-11 10:08:16,Porter,Bottles,Koramangala,10,18.99704562843138,5.291594170778611,1.054726130768746,4.6267282835806665,31,17,1:0.43:0.26,3768,19727.00655367144,8.876192831375159,87.13798418378641,2.272960636506667,4.339511603885624,4.829133756024827
4604197,2022-06-29 11:12:51,Pilsner,Pints,Indiranagar,17,17.17966875125625,4.795147295774559,1.047402882606397,5.052689982245067,30,12,1:0.32:0.19,529,15400.05852498126,9.582724216010504,70.50321816727333,1.2774084016427518,1.7839620576797746,1.363166143430136
5071950,2022-07-31 14:17:28,Pilsner,Cans,Indiranagar,13,17.335528924573637,5.266013481944288,1.0731208457825596,5.318259542377745,34,13,1:0.24:0.18,2648,12780.882493146142,7.073728576223635,76.51832787321455,4.723722435472807,4.29879822812557,4.3776366528231305
3353371,2022-07-08 02:19:30,Ale,Cans,HSR Layout,14,21.531394151450662,5.377396324723741,1.0412034568454904,4.897662742189896,46,14,1:0.45:0.11,4285,18474.953886501906,6.4644270891336255,76.87546560200764,4.693063034267993,3.3605168783531947,2.763567779862772
1460552,2022-05-29 14:51:26,Wheat Beer,Pints,Yelahanka,12,22.13917915798564,4.908411086869688,1.0710051061247126,4.523007185515148,34,6,1:0.42:0.17,1683,12338.050609904236,6.850631239088319,73.64830358135411,2.534226681593407,2.700956746005165,3.947779395375417
5037354,2022-06-11 13:52:28,Pilsner,Bottles,Jayanagar,18,17.727923614787155,5.430355696093501,1.073692391434585,5.243636373188246,27,18,1:0.49:0.19,1204,17259.5770199157,9.308746481764606,79.68597532310842,3.058316063409136,2.750528331230799,1.8662310035613112
5965357,2022-07-06 08:32:12,Porter,Kegs,Whitefield,17,16.74237047477018,4.779553022006555,1.0571388054733597,4.989450230054344,30,16,1:0.43:0.17,2539,4130.50074208702,8.400121488676257,75.58391519031726,2.210489552326263,2.1256118829411745,3.4006784732854243
6997990,2022-07-26 15:14:27,Lager,Bottles,Malleswaram,10,18.336945449340128,4.582902186127398,1.0718587329913225,5.301832328262659,43,6,1:0.43:0.13,3851,3862.590952764807,7.766867587309612,77.25133281864531,4.995631408884003,4.397150361211491,1.06696942040761
473810,2022-06-03 08:52:38,Pilsner,Bottles,Whitefield,16,21.11162221230736,4.998387792945211,1.0390531451397136,5.254119936996983,35,11,1:0.21:0.18,2750,18656.32674882354,8.799152093610468,80.69639903093777,2.1641948503517128,2.1047221663963755,2.819453567823765
6291156,2022-06-29 14:14:24,IPA,Pints,Indiranagar,10,22.54557635687917,4.52381865060087,1.0710765679667218,5.734654760878019,32,14,1:0.29:0.28,3417,1598.4944405472345,7.695330791939464,80.65974784437412,2.8242168303546364,3.4805039413438275,1.8576638757163344
5595292,2022-05-27 10:32:45,Wheat Beer,Pints,Malleswaram,14,22.819992948752155,4.993194268871768,1.057610788837643,4.798685487021864,25,16,1:0.32:0.20,3135,18954.74773915492,8.029125879036872,75.73547818921914,3.990570867351488,2.5069539400128766,2.003425245440139
3887868,2022-06-25 15:24:03,IPA,Pints,Indiranagar,17,17.275346072541453,5.069028279085591,1.0566977258223185,4.620980735754005,45,19,1:0.35:0.27,4750,2556.820807104284,7.044203895772931,83.28063436199878,1.9461804767394717,4.257540731310044,1.5751890505153825
68702,2022-06-20 18:47:35,Lager,Cans,Marathahalli,13,21.437501587699984,4.655226712265413,1.0712278434472662,4.820568131357367,56,11,1:0.42:0.24,3873,9703.025456464578,9.183985149746231,78.18115303056891,2.975209883100516,4.771753557806896,4.872715361011739
9231726,2022-07-23 01:40:02,Porter,Kegs,Indiranagar,12,21.76045670909634,5.180185887379377,1.038768254346136,4.7007380950338025,42,9,1:0.48:0.21,1668,7890.790840359112,7.543922506274252,79.21916648429301,2.882667761827341,3.6692030874157,4.972593846858158
7561995,2022-07-20 19:56:14,Sour,Pints,Yelahanka,16,22.22266360392453,5.087946256147237,1.042140991960726,5.550100219415684,41,17,1:0.36:0.16,4066,13677.4230263054,8.097694097991209,80.99296964910793,1.9633179402458665,1.1602294627016767,3.615649718214363
7961871,2022-06-01 05:19:22,IPA,Bottles,Whitefield,13,23.23919407034689,5.300238066636664,1.0425375644875283,5.076084287593785,34,12,1:0.47:0.21,1878,11353.15323033002,7.814753802948677,87.68882740897996,1.6475379296853951,1.272931143073854,3.977532991144506
5134690,2022-06-14 05:08:48,Pilsner,Bottles,Koramangala,15,20.8287051019878,4.709974689469889,1.0615604588056642,5.048928433709368,30,10,1:0.37:0.18,1889,10450.738503257497,6.142596514454489,76.75538145886175,4.779016764121685,2.19594935416355,2.498999456589812
9298071,2022-07-28 03:12:47,Stout,Bottles,Electronic City,12,21.73046531394059,4.652472102257177,1.0465721731077209,5.453824625495134,42,17,1:0.27:0.23,535,8805.345847154033,8.390183829102586,77.51544219167829,2.0278354520445765,1.5870987920518136,4.892097684986104
3578888,2022-05-29 07:17:34,Ale,Bottles,Yelahanka,11,24.32800541324168,4.643170721008213,1.0623571216852623,5.960812164030283,28,11,1:0.35:0.17,4931,16487.540007203977,9.073007691407586,74.1198180592716,2.4045764224633115,3.972215603831112,3.451990872492004
7120780,2022-07-09 00:34:37,Lager,Bottles,Yelahanka,19,15.193702359631946,5.313205749449953,1.0716746794070284,4.712154867844776,26,14,1:0.32:0.21,2860,17989.20587593902,8.000292613778491,86.31955728222229,1.0443843656442025,2.418411865313842,1.3597611589191247
840744,2022-06-25 08:51:25,Wheat Beer,Cans,Indiranagar,17,15.517286311466322,5.45271973138418,1.0519909691034923,5.645149742993531,48,12,1:0.21:0.23,792,10106.617727182233,9.783253367652184,85.80575046568713,3.0574384281716376,3.2948296534126,3.565221615669904
8427003,2022-07-14 10:40:00,Wheat Beer,Cans,Malleswaram,13,17.80110918180659,5.463450022662351,1.0754464095723613,4.773591501800468,38,10,1:0.36:0.15,3691,1338.9389088515886,7.102541154519191,77.99627882770002,3.656336634342839,3.1915137021327418,1.5723382770239005
5969565,2022-06-24 06:07:30,Sour,Cans,Rajajinagar,17,19.80008838619989,5.303112523383679,1.0357617895238271,5.43342421384418,50,13,1:0.36:0.10,2500,10102.111320872256,9.090240726946414,78.9882658864248,1.1707290850168692,4.9738083989777575,3.5214502917436645
6406064,2022-08-22 22:54:38,Sour,Cans,Marathahalli,10,24.109622646047825,4.644151743087866,1.058755959927025,5.383852689475553,23,13,1:0.45:0.19,2379,7825.388396152744,8.774532213956121,79.31618465904577,2.990021570379111,1.0232009918169256,2.975495247188059
2139166,2022-09-05 21:09:45,IPA,Cans,Malleswaram,16,18.894480731531583,4.7727918896131865,1.0346122205099375,5.486141837544862,53,8,1:0.45:0.12,3876,8896.044517933604,9.847869936523686,84.772624077758,2.05676323280299,2.6031838615703844,1.3252810357357565
8808368,2022-08-28 05:15:34,Pilsner,Pints,Indiranagar,17,20.31676516658884,5.352554253629116,1.05891577813327,4.666881495670717,47,17,1:0.35:0.16,3270,18892.23560244469,8.005237622183984,85.68984649753848,2.6007249957199656,2.3196766631448025,3.8210750422785136
4485028,2022-08-27 03:08:16,Sour,Bottles,Indiranagar,13,20.96155804464963,5.320059748632424,1.0511853876646866,5.526984003263486,25,10,1:0.28:0.23,4531,1262.227038389034,7.098045002596352,76.37250841474761,1.3958210869252905,1.5211483176497094,2.326029077294921
7547815,2022-10-06 11:10:51,IPA,Pints,HSR Layout,11,15.687913348110628,4.62766268072573,1.050925886859932,4.519710790567252,32,19,1:0.35:0.24,3498,14624.856187767457,9.223084866441775,72.51970784879148,3.289153096105975,2.2428082809026293,2.9398623142390656
8340082,2022-08-31 14:09:19,IPA,Cans,Koramangala,10,21.0016713131866,5.223401931949404,1.0681486656359616,5.500893938531219,43,19,1:0.30:0.16,1787,8639.605478321639,7.969544785096344,86.43247872035215,4.862704914820808,4.5915732005895205,3.306537437847509
2007608,2022-09-08 05:08:31,IPA,Cans,Malleswaram,11,16.199724170453678,5.182588558465796,1.074211877517238,5.315541389683204,59,7,1:0.40:0.28,2928,4792.926149552641,8.419512912093744,79.62214269799685,1.2456897283184651,1.901883233566561,1.5361108373095806
7703843,2022-10-11 09:43:47,Sour,Pints,Jayanagar,12,20.33742545083621,4.795054724544938,1.034966904857492,5.636410508535913,26,16,1:0.50:0.14,2148,13789.815378694237,6.100071925835042,85.07293077658215,3.705891366273304,3.2134343763525117,4.239902269074089
1448831,2022-08-08 16:06:15,IPA,Cans,Jayanagar,13,18.64908217606485,4.964384614433391,1.0711910905269917,4.856086251037511,37,6,1:0.27:0.28,4863,3398.0017091754557,7.940894327054258,79.4636789511246,2.4046921399971777,2.951993089425727,1.5261065059809722
97693,2022-10-02 14:41:45,Sour,Pints,Electronic City,11,18.090769147816243,4.861863992262146,1.05185329623991,4.985315887588499,32,8,1:0.43:0.30,2971,11624.01793183553,8.941276600922725,81.68732918365085,4.664222228969722,3.4827595581230013,1.565141126064181
7264201,2022-10-15 19:04:13,Stout,Kegs,Yelahanka,17,15.42606437507336,5.471608949375496,1.069904577267158,5.499312197524544,35,19,1:0.26:0.27,1122,8910.053521333695,7.765662550180874,82.29507952685313,4.291004627910199,3.135197676437471,3.4069612747379376
7055046,2022-09-21 20:37:16,Pilsner,Bottles,HSR Layout,15,19.67864769588413,4.712128475806844,1.043142064730966,4.688080705909816,54,15,1:0.22:0.25,2987,6233.278541411057,8.63191602185977,80.94404044631305,3.201793268778808,2.311861359306924,4.013846434085038
3532308,2022-09-10 09:36:50,Lager,Kegs,Koramangala,13,19.70930099562752,4.650298321676179,1.0620921055203114,5.381060778130248,55,6,1:0.24:0.28,955,13607.70031937293,9.216345087427074,76.4098981491288,1.7506445476845016,2.5542729029903133,2.30491626082204
7491044,2022-09-07 06:03:01,Porter,Kegs,Yelahanka,17,23.46364577305723,4.81695221066038,1.043159015340401,5.386697610513007,24,16,1:0.45:0.12,4942,4003.2878360805,9.602569612972143,85.76359052706043,4.976488619376674,3.3028759105044125,1.152525991303876
7516858,2022-08-22 18:23:43,IPA,Kegs,Electronic City,18,24.662680032724204,5.0138004871733255,1.0776624040744291,5.58613281963542,21,10,1:0.50:0.30,2067,3256.6095896986044,8.01318332460588,86.88549611464259,4.03257646700259,1.3513789052920515,1.1609910942315715
3517876,2022-10-08 01:56:44,Pilsner,Pints,Jayanagar,13,15.855529584469084,4.79692032598596,1.063275121726459,4.847425517444739,47,15,1:0.20:0.29,1803,10892.263498331587,7.269134730153121,77.56123326808871,1.5650540957498589,3.595653661082312,1.1594015187195337
1102829,2022-08-19 15:55:25,Ale,Pints,Indiranagar,12,23.290121799589848,4.65206331490198,1.035700949735602,5.304275960486724,33,9,1:0.29:0.24,2393,14176.945381080694,6.860723988036604,73.82186601019474,2.277869036801753,2.6485566127548603,2.759349702602841
5623194,2022-09-16 19:05:10,Wheat Beer,Pints,Indiranagar,16,22.88365297521794,5.338820578280737,1.0514995858229472,5.54906300553583,54,11,1:0.22:0.19,2786,1272.0295971501328,6.470604830018262,74.20408262795179,2.2411738658967564,4.684645253698017,3.033357711384613
8641692,2022-08-27 06:28:05,Stout,Bottles,Yelahanka,12,15.360363821765173,4.593945800078788,1.0337746450372165,5.143687692450655,57,15,1:0.27:0.29,2856,10798.322162213184,9.40552257473313,72.58673351508541,3.754336761220979,2.04855254895677,3.1633844642205933
1842304,2022-09-10 09:10:12,Lager,Cans,Jayanagar,13,15.84451850560313,5.213627471311921,1.0495027198538445,5.783696952082533,23,16,1:0.50:0.18,1148,5060.965303696985,6.527267857727061,83.77432308733957,4.063964651160337,1.1185798961644724,2.091323917296383
7855398,2022-09-21 09:21:34,Sour,Pints,Electronic City,11,20.10426515717945,4.813747981130374,1.070942462336963,5.818851539269852,28,17,1:0.41:0.26,1339,12958.737180147522,6.790190750594553,72.78056937500396,2.5526141173941053,4.15878871286576,3.4946496111587115
8654987,2022-09-05 03:14:30,Stout,Pints,Malleswaram,17,22.299935385266597,5.294902665177512,1.06759061383988,5.434579461723748,27,13,1:0.40:0.13,4676,3482.02675041491,6.551647886710439,76.45879741122269,3.0062749945040625,3.847760564649618,1.622166629098449
5768626,2022-09-02 02:36:22,Wheat Beer,Bottles,Indiranagar,12,18.74312785320959,5.1378520916125066,1.038107979692344,5.503743174441935,20,16,1:0.27:0.14,1725,18568.211581211333,8.830093433744816,74.61914825128191,3.916196844149322,1.7810781216864182,3.0640941271895747
5959876,2022-08-18 19:34:04,Lager,Bottles,HSR Layout,15,16.87105474567863,4.802573872128881,1.0309358387091154,4.648798090398223,59,13,1:0.29:0.21,2438,1688.7637460432702,7.7855829985427984,78.72130345924205,3.5942560519129305,2.493823426137529,2.399622197866634
5897523,2022-10-12 23:00:55,Pilsner,Cans,Koramangala,11,21.390206319897235,5.473192655331724,1.0788866188495274,5.021654223202116,28,19,1:0.21:0.15,600,2796.348152978936,7.329987019197453,89.65758609783217,3.557379581746292,1.086468449188042,3.9797026072697568
6020445,2022-08-25 04:17:57,Lager,Pints,Koramangala,11,22.397199997076576,5.3737968527724576,1.0620629094166576,5.476743866810518,43,16,1:0.48:0.17,3743,6411.717211952957,9.618724203159026,87.121274341985,4.337712862020011,1.6608938268224804,2.695032081963128
2263285,2022-08-08 04:54:36,IPA,Kegs,Koramangala,12,22.61972940104341,5.171072669075944,1.0395883972663524,5.391284540545462,31,9,1:0.39:0.29,1769,5798.824173268024,6.840506225851699,89.44893117650406,2.4775592346274817,2.924194512266985,2.658653117847677
6755675,2022-08-30 19:44:44,Pilsner,Bottles,Rajajinagar,18,23.84770505163704,5.033235167942332,1.0470018000931471,5.9235171208432735,34,15,1:0.35:0.23,3887,7104.216840405868,9.101115426069104,84.4385423317593,2.064857453169203,1.6944091969762014,2.672658238154428
8808529,2022-10-08 14:25:27,Pilsner,Bottles,Whitefield,13,18.21346764072561,5.352621508573095,1.0443814954633397,5.196266945831437,56,14,1:0.34:0.21,2683,3658.690417983445,8.23684770580093,89.07000005728088,1.8775763382759485,1.4517187634742972,3.1922504092591706
3064922,2022-09-14 01:35:35,Sour,Kegs,Marathahalli,19,15.974029828179686,5.084965610971678,1.064994939264485,5.1598453746365225,33,10,1:0.47:0.24,1115,16618.205648884614,8.719502187819618,83.02495539590325,4.278072975654738,3.553256431294169,2.6707104826577632
4751962,2022-08-19 13:15:54,Wheat Beer,Cans,Rajajinagar,19,22.54913616140209,4.705125450440384,1.0560185906743549,5.00456899604948,39,14,1:0.26:0.18,952,3972.47070875972,9.667152004523007,75.17360818938793,4.1822503387336205,1.4246195162083066,3.4503465859548244
3005409,2022-09-14 14:31:45,Ale,Cans,Marathahalli,17,23.93910256138163,4.5525774855644485,1.0319135725846786,5.006550222543654,33,18,1:0.46:0.18,4564,15409.453012946466,8.290849554190928,79.44621844506972,4.069918973362558,4.430775095334324,4.5819429941980125
8066818,2022-09-09 19:23:30,Lager,Pints,HSR Layout,16,23.234206533378284,4.575931941743928,1.044653638684974,4.798598445128931,46,9,1:0.24:0.22,4595,14318.917137055148,8.892217753146243,86.83536855346287,1.4518422704987382,2.0802085169209965,2.980817869166924
5987111,2022-08-19 10:52:22,Lager,Pints,HSR Layout,16,23.25556371899733,4.941086250525142,1.0512125429967618,5.603828356253025,33,17,1:0.28:0.14,2719,13623.449404785342,8.857041724392595,70.25231417691086,4.767477350630259,3.5849927596638103,2.067675537092439
8506960,2022-09-02 22:01:14,Porter,Kegs,Electronic City,18,16.09456443809115,4.84256413655113,1.0474205785865802,5.56082246043403,22,14,1:0.49:0.12,4104,19383.34659048234,6.339267226029616,82.37674885480287,4.796806305996633,2.710367932087848,1.938485602534857
4926191,2022-10-09 11:11:05,Stout,Kegs,Malleswaram,19,15.95506572893831,4.843642726652834,1.0660716709584677,5.392375749160473,42,6,1:0.32:0.28,2152,9456.42081228074,7.005674423063005,82.43164438446064,4.873020027335674,1.0237509648812195,3.677581077127357
5997119,2022-10-11 13:33:10,Stout,Cans,HSR Layout,13,21.88576488373922,4.631482390373732,1.038701122846079,5.005165542317496,41,15,1:0.38:0.17,4987,10006.051166059087,7.871851345031996,86.37526101517228,4.3263060110051725,3.88453036222262,3.306157250562008
7557680,2022-08-27 16:30:52,Ale,Kegs,Indiranagar,19,17.254335621027877,5.079588201183566,1.0600554293967848,5.061202621128595,42,18,1:0.27:0.11,3712,16241.835533433865,9.100833988527826,74.73700690775331,2.609961282391027,2.4524771042037696,4.836143522968472
9037175,2022-10-12 04:29:20,Wheat Beer,Kegs,Indiranagar,13,24.73983051397117,4.868205916398395,1.056436166449409,4.596907950893628,44,7,1:0.30:0.21,2841,11757.411747783632,9.41377348997,71.05220613741781,4.638762275846203,4.149004781731627,4.725603665468414
9659817,2022-09-15 06:11:03,Porter,Kegs,Indiranagar,10,15.4938712909272,5.01167417636161,1.042211047170084,5.042423903733874,49,13,1:0.38:0.26,1605,1092.6431440625709,6.278814880263336,71.4852639726873,2.47379968373046,3.802504525136015,2.774593075724784
9449198,2022-09-26 09:48:29,Pilsner,Kegs,Whitefield,15,15.442483450244474,4.856778483990915,1.063198599402273,4.518681816120036,20,9,1:0.29:0.18,1546,16439.745044662046,9.868566782055504,80.39384797613037,1.9601648641093683,4.129640314170485,3.661097402690839
2749264,2022-08-13 23:00:54,Porter,Bottles,Jayanagar,11,15.721605613725949,4.853701405707883,1.066033720495093,5.396930101752893,45,19,1:0.44:0.28,4851,11940.766080604755,8.389707483286713,87.32268414016896,3.898293767110802,1.5088691873191835,2.153485134727076
9875436,2022-09-12 17:02:57,Ale,Cans,Jayanagar,16,18.02247655289687,5.089321171805414,1.0754156093411964,5.527789151734252,46,16,1:0.35:0.15,4573,2230.6890850497325,8.513868838353808,78.97901135599358,4.895216610688147,3.686125520381984,1.8264147680249847
8760629,2022-09-22 16:59:48,Sour,Kegs,Jayanagar,14,20.776567619665716,5.319692755560521,1.0417322317970337,4.72123859128284,37,11,1:0.46:0.29,3981,15728.860888560312,8.745627459880813,86.3043808495446,2.3866753935045684,3.2137709956931944,3.7382018900374425
7301230,2022-09-20 20:12:51,Sour,Kegs,Jayanagar,15,17.08008471055605,4.812982460935118,1.0664896386840743,5.934169021164237,59,5,1:0.42:0.24,4719,1434.201400103958,7.913645020657933,89.61031205875264,1.045537730261851,2.5307445500623977,2.7252618316012707
1029114,2022-09-03 21:36:12,Lager,Pints,Indiranagar,19,18.126763380823636,4.596326085213558,1.046008311261061,5.076807304717799,55,10,1:0.22:0.29,2241,7851.597141323206,9.69768822202915,77.54596672375952,4.82997353163338,3.754326150592356,4.935322522006977
6284566,2022-08-29 11:15:15,Lager,Bottles,Whitefield,18,15.077055003816408,5.034826958202836,1.0472936048287562,5.191410136846972,42,18,1:0.41:0.21,3528,4536.956960292008,6.707421592970081,82.92215082615989,2.541045761027739,4.9612644170777465,1.5174250146988149
839990,2022-09-23 09:05:55,IPA,Bottles,Marathahalli,17,18.80684544399793,5.10768004625366,1.033109931578816,4.941341982009248,51,9,1:0.34:0.21,4653,6476.38432176763,6.341084572068249,76.90212774291221,2.9807795798992007,2.0327310403458525,3.2885111873904216
9427805,2022-08-20 07:39:31,Stout,Bottles,Malleswaram,12,17.909593163269594,4.89032118029832,1.05010479757656,5.740107328310439,58,14,1:0.39:0.16,2817,15153.576870604333,7.207607371229633,81.66066987812044,1.6142944146281537,3.2671849531612462,2.143397680326071
4054097,2022-08-27 05:57:32,Ale,Kegs,Malleswaram,12,23.43867977808478,4.557966089795254,1.0346075192630295,5.488482707842093,32,14,1:0.31:0.11,2447,18932.39222861596,9.062661607548025,76.76734787197115,1.936702021681868,4.69904206143493,1.930623025305462
1882797,2022-09-14 13:56:42,Porter,Pints,Marathahalli,17,22.44408565370928,4.809550361117461,1.0799541991310198,5.605829900462823,46,18,1:0.41:0.29,4712,10702.862380455745,7.308292981759845,72.25687561572606,1.9693640214239572,3.787510677066477,1.9096467806467128
1124936,2022-09-10 16:12:51,Pilsner,Bottles,Yelahanka,16,16.261181174100486,5.499108581384469,1.0590735242079872,4.82432439163544,45,12,1:0.46:0.12,1428,18990.914447633648,9.305834158768777,86.03607793952449,2.9038664715681928,2.535007883381001,3.4152797634962404
3720972,2022-09-08 01:27:06,Ale,Bottles,Marathahalli,19,19.761386857282474,4.782201398258223,1.062153122034568,5.6970511605138725,41,14,1:0.35:0.19,3200,19055.038356334026,7.71600759126563,84.74387737738327,4.174591754751454,1.391883691773876,2.7110218096460605
403983,2022-10-04 21:25:21,Porter,Cans,HSR Layout,12,18.21917350521437,5.2371972109686,1.0581905853481917,5.186582736602983,55,18,1:0.34:0.14,3308,13332.167059729692,8.05854418385263,78.31477791588766,2.761969637355872,2.860969130145903,2.6831716255200235
9535115,2022-08-22 06:12:51,Pilsner,Cans,Koramangala,19,18.765583657527124,4.974811444254904,1.0721326642602087,5.966604226139745,49,8,1:0.22:0.13,1735,14851.580950029884,6.945778459940648,79.9583517210079,2.9295074005502872,1.738481038497924,1.71483300115389
5744850,2022-09-10 10:19:10,Pilsner,Pints,Rajajinagar,11,22.295027606290056,4.904140881429175,1.0751304179478425,5.51449611932609,57,9,1:0.41:0.16,1224,19955.164553168717,7.668253575688039,82.97982191230011,1.6307880497562477,4.157930145144047,4.075976906808622
3190005,2022-09-14 20:39:48,Wheat Beer,Bottles,Jayanagar,12,18.19887904841648,5.298119900241415,1.052808631296231,5.59678372951863,44,16,1:0.47:0.27,3054,2198.6056779552523,8.98130974978493,82.26812998237114,4.35498179033112,4.509750312568609,4.405739354556815
1640502,2022-10-16 20:45:19,Ale,Kegs,HSR Layout,10,16.222710489938898,5.2579433813099135,1.0310304005836235,5.30099977576408,46,16,1:0.27:0.22,4621,9092.61679122598,6.6933188126116185,80.62797517495775,4.29586644361062,3.577799459054492,4.614612577821955
5608235,2022-10-14 09:38:08,Lager,Pints,Whitefield,15,24.994382282363773,4.866316956471189,1.0458941425312105,4.546088688316791,36,19,1:0.48:0.22,1718,16086.42181826453,6.91799887651028,71.09214982001038,2.989967336092279,1.2832841070398304,3.341785673764397
8227235,2022-09-09 13:30:42,Ale,Kegs,Yelahanka,17,19.510144933443087,4.900467236382795,1.0432366998644136,5.315904332846533,24,19,1:0.48:0.16,4033,19540.01167910081,8.09407755424886,86.0547069259035,2.004390496580416,2.656554725854144,3.6280214939111
8309349,2022-10-08 07:39:10,IPA,Cans,HSR Layout,12,21.513219574333416,5.072550267983714,1.051763287830567,5.972192290169188,42,17,1:0.26:0.30,645,15167.894356233475,7.715315884016332,89.10963412677347,2.0531463679843807,4.514449843108084,2.874626927084797
9213273,2022-10-02 00:02:53,Pilsner,Cans,Indiranagar,18,19.41886433894072,4.770869513622498,1.0579799994774188,4.608106607742762,53,15,1:0.48:0.13,3075,17701.623334783606,6.149153769443269,88.07581590297072,2.549660942146572,4.336831124858122,1.2016946582413648
4239556,2022-09-18 04:53:08,Lager,Pints,Indiranagar,11,20.82674544647337,4.648875541646742,1.0673848691476877,4.607974197992032,51,14,1:0.24:0.14,865,10211.153125316105,9.164256437631431,78.6350188718194,3.748993495584362,3.165735160254185,4.573044372412854
5718788,2022-08-23 11:22:12,Lager,Pints,Malleswaram,10,20.665707090645924,5.048498700872765,1.0497401501785295,4.795099431289577,38,14,1:0.40:0.27,4987,7506.165775080625,9.698109323526229,72.63599178387311,2.079940928102945,3.9618887359741968,2.524174690664938
259019,2022-08-27 19:14:31,Ale,Kegs,Marathahalli,13,24.918234627674032,4.931151732790945,1.0712248224844545,5.158253721465138,46,15,1:0.27:0.16,1589,9535.134951348376,8.428283743956088,88.13664355223483,4.123872173354875,2.812475318369122,2.3834937911310528
9843285,2022-08-22 09:00:11,IPA,Cans,Indiranagar,11,19.99050326396408,4.729222566448206,1.0331753603149163,4.730287968299177,57,19,1:0.33:0.17,4334,19369.502072195424,7.505618278877753,71.54598579055535,3.4064211410230474,4.886557837712207,4.8006814756880445
7199227,2022-09-18 10:52:03,Sour,Cans,HSR Layout,13,20.6505387991892,5.353725814905355,1.0396169902050991,5.418346426761983,48,16,1:0.40:0.29,2550,14663.065306280389,6.068466272009673,70.92682996623239,2.344271798500529,1.8077469197462697,1.332005186068503
3038679,2022-09-01 06:45:59,Ale,Cans,Whitefield,14,17.71051941819239,5.254852117627562,1.0465690956438485,5.195029852873909,36,14,1:0.50:0.18,1048,2128.030243810752,8.740503411807698,77.36408683217522,2.481438653807209,2.205557865877767,1.3494186344888477
7818010,2022-08-31 01:00:00,Sour,Pints,Indiranagar,10,19.498857083341854,4.726457659471551,1.0685601264251725,4.623851029566698,37,15,1:0.46:0.28,3831,5963.590801290307,6.107835136349555,72.0682916902423,1.856807609316467,4.32731460347474,4.827700618918108
4819766,2022-10-18 13:36:41,Pilsner,Pints,Electronic City,18,16.507595404362625,5.3481761707724536,1.0494619448263525,5.291963908706424,27,8,1:0.37:0.16,3685,5424.281105479619,6.997906452365891,78.92901368445459,4.526966616071229,2.1599516096891374,3.6421015540374513
9549292,2022-08-16 08:46:47,Lager,Pints,Jayanagar,13,18.96437174369569,5.258154192166336,1.0612029873774744,4.692632392244984,24,6,1:0.20:0.13,4729,1510.5048599638253,7.032327159512674,73.01764335817698,4.095425526835204,1.5104673692874817,4.432262994175949
4679483,2022-09-13 10:06:47,Sour,Bottles,Yelahanka,14,16.88943973325316,4.560431006431634,1.079795822549659,5.305753535589615,24,13,1:0.38:0.22,3728,5226.835401633139,7.260572858461008,71.23233731019234,3.759506568445406,2.6029722712747,3.026020912182659
7694008,2022-10-17 12:52:13,IPA,Bottles,HSR Layout,18,24.83844031413554,5.028555904347926,1.0536556701145685,4.759120268320624,59,5,1:0.43:0.11,722,2409.0312871188767,8.274211484975417,87.93578889863869,2.055435148470544,2.6425213605610263,1.6152271831339324
5305964,2022-08-26 12:49:36,Lager,Kegs,HSR Layout,16,17.83383970523418,5.129588927833115,1.0664909346471536,5.246852889261248,23,15,1:0.38:0.30,1021,5617.435418357079,8.66516699951889,80.2864284737924,2.269223656587446,2.333171863632729,4.2432650117032455
6252490,2022-10-08 21:31:23,Porter,Cans,Malleswaram,16,17.609875894090692,5.463925588337704,1.0447016545201375,5.6704291683276,25,16,1:0.37:0.10,4043,7473.881051131002,9.527438073645834,72.7771023753355,2.0518798112630816,2.475044046256815,4.062149844220834
9306640,2022-09-19 11:38:51,Stout,Kegs,Malleswaram,18,15.103200667086965,4.59314490358787,1.0462173779518251,5.078748780052457,21,17,1:0.44:0.28,2827,10522.518454712028,7.206004280270493,83.15406699647801,1.5678375782672993,4.684488359603341,2.0191022620691474
3143713,2022-08-11 04:49:04,Porter,Bottles,Rajajinagar,17,19.258338324712764,4.975991088301523,1.072276063376827,5.698717755797887,35,11,1:0.22:0.15,1361,18539.37867254545,6.865829962392138,80.55959038734717,3.4323406897979,2.0338197790126262,4.596641214255717
2631905,2022-09-22 14:48:49,IPA,Bottles,Electronic City,14,21.31806995119023,4.517736972232545,1.0334114642352337,4.880554748489203,54,15,1:0.30:0.10,1619,9755.07927469671,7.339143320556248,88.69989013034981,2.907133734004053,1.147719296631649,3.735404524379743
2111823,2022-09-10 15:50:26,Sour,Kegs,Koramangala,16,19.39021402257444,4.962902230473961,1.065225775880866,5.562953518264371,43,17,1:0.29:0.24,2631,17095.30654820527,9.276083723695828,78.61084731716184,1.4712405549160747,4.955542995836004,4.5474033405108125
3930736,2022-10-12 19:03:16,Ale,Kegs,Whitefield,14,24.132602767751685,5.214830038584348,1.030667833640892,5.436226143603527,50,14,1:0.48:0.18,1527,7427.417427588083,8.852915033169989,88.58939970120814,4.664287326075282,4.988214764061873,4.905853983349701
1584079,2022-09-19 06:53:01,Ale,Kegs,Electronic City,14,21.443970232091097,4.690979567659599,1.0389308711876604,5.885364670078911,36,11,1:0.30:0.11,643,2821.2703611006,7.925332484444717,72.9833359658032,3.0567037202604554,4.240917371284162,4.741072590019078
9437657,2022-08-10 16:52:15,Lager,Kegs,Marathahalli,16,22.67256797797781,4.646106310643392,1.0739005506820398,4.992357773196583,48,18,1:0.23:0.22,3054,13329.891309781966,7.191773311717715,79.11534233134688,4.554100797553939,1.8742482198264057,4.894999450295457
1189237,2022-08-23 15:56:50,Ale,Kegs,Electronic City,14,18.720943190843183,4.7380906046476365,1.0550350839544724,4.961876822801277,46,18,1:0.30:0.19,4085,19231.63295638794,9.84232084267878,70.55806771739378,4.071375147003785,1.1401203877625807,4.840079306449221
2429879,2022-09-17 12:06:25,Stout,Kegs,Indiranagar,16,15.569363581505923,5.268338842899826,1.0404574194291396,5.120311027545959,48,13,1:0.42:0.26,892,8917.45718625022,6.453904276762806,75.28814713360343,2.622452741195465,1.7416377714564557,4.761392663752695
7028341,2022-10-07 19:36:35,Lager,Cans,Malleswaram,14,16.53751357994851,4.655142906280433,1.0532024258056538,5.678204708224265,30,15,1:0.21:0.14,3898,8093.99143220964,6.805268376862513,88.61925339753502,3.267457946922373,4.0310513452407,4.127817452257348
3260095,2022-08-15 09:33:27,Pilsner,Pints,Electronic City,10,19.533014399989312,5.352447569993424,1.0741650716078548,5.683439787404597,38,5,1:0.37:0.13,3302,18493.07474381336,6.787632360676158,81.97648502603612,4.481595208501711,1.7355890841544954,4.041246766389975
735934,2022-09-10 18:58:27,Lager,Bottles,Indiranagar,13,23.2658722145274,4.626723397670556,1.0581273374280584,5.910292479488428,34,9,1:0.41:0.15,2997,5149.726610299035,7.057863070044946,73.04757419824058,3.763807292254369,1.798083991117243,3.9492654449140647
2537426,2022-08-08 12:45:28,IPA,Kegs,HSR Layout,19,18.798490763175355,5.395025742257728,1.0567997342936892,5.383473958229167,55,6,1:0.32:0.25,1859,4911.916536879318,8.857689118486025,70.941830677744,4.772483868095384,1.6192728956081304,2.49900116870696
8435024,2022-09-06 19:22:09,Stout,Pints,Malleswaram,18,15.369058401900912,5.044244112373111,1.064523712830483,5.316529127308401,55,8,1:0.49:0.25,2366,14514.557833663182,8.55082019988069,84.12360606136187,1.4917863301640772,3.8730950972294513,3.5023708861480536
9814530,2022-09-01 23:50:52,Sour,Kegs,Rajajinagar,15,18.944431382055427,4.638375548075326,1.0384842752208698,5.398781506614644,41,9,1:0.21:0.14,885,6272.436119952085,6.560979736808928,79.74999445928778,3.471815161827448,3.2294002954103056,2.3644371857694195
2741277,2022-10-04 06:47:01,Lager,Pints,Koramangala,16,24.504419236958096,4.818475294909175,1.0456741959149207,5.208878429400162,58,8,1:0.23:0.23,3882,19876.517869440777,8.842855732025846,80.7215523068185,2.375493371887853,2.6707239517588555,4.687379571181953
8933112,2022-10-02 01:33:30,IPA,Bottles,Electronic City,11,19.489229260835423,5.28076971790972,1.0717635158616985,5.812474304152185,39,14,1:0.23:0.22,2615,7741.163196255802,9.829443841351452,87.80807444464351,4.973796586639108,4.380105419602231,2.610722717305124
1285513,2022-08-13 06:14:10,Ale,Bottles,Marathahalli,12,17.428271518031636,5.105735637888321,1.0581442136110164,4.772100573667242,23,19,1:0.26:0.23,622,4616.284581875235,7.7040561385046225,89.76387868465444,4.753614861024186,4.19601380184443,2.888086456522641
8955361,2022-08-26 08:52:15,Lager,Bottles,HSR Layout,13,15.875375330125983,5.430163577606578,1.0351106775187693,5.567886614723614,47,8,1:0.37:0.22,3261,2610.282992845699,8.966711560920725,79.39108749641736,3.406624388798848,2.623612830224914,1.8614804819031128
5343098,2022-10-09 07:06:37,Sour,Pints,HSR Layout,11,16.24836119937209,5.017483417488427,1.0616164246462598,4.826767738745676,38,18,1:0.41:0.23,3209,5093.3404599810165,6.654621710194226,77.46069465202538,4.8128696789163765,1.863072396176145,4.0254932187428185
3944150,2022-08-10 09:24:42,IPA,Pints,Indiranagar,19,21.362875339994385,5.334058709844777,1.0580840340687796,4.618180292326278,24,19,1:0.46:0.14,735,7926.455101453908,6.243393024898538,74.05201870998287,3.5594077239030675,3.953149819486757,1.548219951832568
1255143,2022-09-20 04:59:45,Wheat Beer,Kegs,Electronic City,12,16.96905927962757,5.183069235453885,1.0659546490282126,5.134573442643889,58,19,1:0.22:0.26,1670,18582.579994103584,6.772113978491742,77.70451205898424,2.8115032656116923,2.157529943838125,2.5178738378315924
895522,2022-09-06 13:02:01,Wheat Beer,Cans,Jayanagar,15,17.32395129398798,4.737846500045458,1.0415112384941818,5.443799736998445,33,14,1:0.41:0.27,2635,13364.395712631129,7.728427551623621,84.52383730116061,3.0226379373299173,3.1376014388053197,1.2866993580885628
2225960,2022-09-25 15:29:24,Lager,Cans,Electronic City,11,17.945216350215812,5.161267645579001,1.069889192177493,5.4850255969924655,47,13,1:0.26:0.22,3038,5011.59663142753,8.497742924600601,78.14264966517759,3.5420539794221697,3.647486759154361,3.9691976382440353
9704211,2022-09-05 10:42:29,Lager,Cans,Indiranagar,13,20.413081317153196,4.878170820984704,1.0726245916559498,5.581004375109619,39,8,1:0.37:0.17,2740,18581.5438242566,6.227769968582265,79.29139606549647,4.520669605022025,1.8754118148344785,4.128948492501583
700083,2022-11-04 01:03:19,IPA,Pints,Koramangala,12,19.068049538812808,4.851105604869447,1.0685886466509251,5.849504397623904,59,16,1:0.41:0.14,2584,16149.86071115907,9.365207457799931,70.33085299784476,3.023667232720842,4.047406095533447,2.348678461198762
93961,2022-11-17 22:46:57,IPA,Cans,Malleswaram,15,24.306999714533795,4.742838732746916,1.0320619704566272,5.563487651063255,48,12,1:0.33:0.18,502,16576.7433082972,8.105346040496844,79.36717569645432,1.5648387003857636,3.836456614538824,3.912150494034256
2932163,2022-11-09 06:19:06,Lager,Cans,Yelahanka,12,17.754888122030234,4.976370146084671,1.0696227791326174,5.838903004678676,44,11,1:0.42:0.20,4267,1318.4371237958885,8.94903238161894,87.75399168910383,2.197888180724408,2.7775801988068185,1.38406033552769
5692765,2022-11-08 04:31:04,Stout,Pints,Whitefield,18,24.38919617122873,4.838599358457525,1.0770116819619564,5.088025094771767,45,8,1:0.42:0.25,1885,13738.258006302536,8.856735299306767,85.98851568161913,2.656974364152066,2.3620085978755783,3.486185845406105
3018478,2022-12-18 12:16:40,Sour,Cans,Malleswaram,16,24.066603096663137,4.588580697722179,1.0761070020374215,5.08357996609032,37,8,1:0.22:0.27,4795,3782.822038290773,9.011121644003506,85.14998678392499,2.270930469493107,1.904877414804516,4.772559568845786
4680527,2022-11-12 14:38:11,Stout,Kegs,HSR Layout,17,15.950725337990216,5.199258498282548,1.03779058420107,5.233089202914852,48,9,1:0.41:0.20,3430,6146.994570057338,9.935650093660596,71.2722653434913,2.2778619216422227,3.255827144146403,2.633164771288329
2792972,2022-11-20 06:54:10,IPA,Bottles,Electronic City,14,17.533273846297252,4.573778585110552,1.056093496012103,4.730821861167084,20,11,1:0.42:0.13,876,10897.973893191594,7.609065070684068,74.08449408068711,1.45539844946356,1.9821163086329965,4.763218676342703
5662059,2022-12-23 11:00:25,Pilsner,Bottles,Yelahanka,14,19.293929318457398,5.085418472763884,1.06525183766084,4.9936650225211645,55,5,1:0.32:0.13,4713,1339.1995135587538,9.50070477181091,80.92554818065368,4.868839863527967,2.334960888046577,1.6234730258673604
1768343,2022-10-20 21:21:38,Sour,Kegs,Yelahanka,17,22.74199441219589,4.737766634014642,1.0304626954311755,5.248879425053634,57,12,1:0.32:0.24,3748,8019.119640518335,7.555824349758669,78.520842548899,2.509085433113803,4.369007729898071,2.5458698745759314
1543552,2022-12-14 15:28:03,Porter,Bottles,Malleswaram,16,23.14925724436031,5.32940620158556,1.0340574574507713,5.849497566616714,44,6,1:0.50:0.13,4458,4070.93920878933,7.520660089070646,78.79632175121549,4.958049373816182,2.4602710217120576,3.2926146915097543
4961510,2022-12-27 19:26:11,Stout,Bottles,Jayanagar,11,19.04879155329707,5.194057028251516,1.0565248262288662,4.796124020544348,43,11,1:0.42:0.15,983,10000.297820622302,6.354321969285245,82.50555066839773,1.6578020361804673,4.129730733697343,2.8264517055436813
3293135,2022-12-04 00:12:40,Ale,Kegs,Marathahalli,13,18.0960679608908,4.701374775339246,1.0370193258308944,5.231191370269928,31,5,1:0.50:0.21,552,18094.571561459605,7.887933544848369,85.45520819493213,3.7209906100298618,1.354804577121698,3.824207672927729
4579040,2022-11-22 11:19:06,Wheat Beer,Cans,Electronic City,18,19.33865953281366,4.9089782772867485,1.0365077524047497,4.625895289593275,20,14,1:0.40:0.29,2024,2883.0256645422232,8.30025036795605,73.71290326255146,2.6673042229315347,4.317972279908919,3.461777689639202
4632150,2022-11-19 08:26:02,Wheat Beer,Bottles,Malleswaram,12,19.06275074698833,5.215099716583929,1.0793583938482194,5.338744163435723,25,7,1:0.27:0.15,4750,3559.868147148696,8.644391637408637,76.23386326728664,3.247283756015285,4.6745172980771335,2.729255896149729
6889377,2022-11-03 20:32:00,Porter,Bottles,Electronic City,18,16.269264246397015,5.238607874177868,1.0624844009079792,5.470439083257372,49,9,1:0.32:0.16,3682,15020.317242796287,9.916973868466126,76.5550402531198,4.347433241819532,4.923406416366793,2.062534118395638
4044187,2022-12-20 02:36:48,IPA,Bottles,Electronic City,18,23.39168835172226,4.775140418723546,1.0682375575074603,4.940328330914563,52,5,1:0.32:0.24,2602,15218.613324845532,8.899593284418277,72.7302378270993,2.646430681882024,4.167984034270715,3.64877887803488
3682979,2022-10-31 18:24:36,Wheat Beer,Cans,Jayanagar,18,16.246065536094978,4.659433234805077,1.054913206788105,5.275264926633623,34,15,1:0.31:0.18,4043,17346.22528268111,6.638948550314568,86.94376996570298,1.375447706849163,4.1046526165439285,4.347702859446685
132290,2022-11-28 21:53:33,Sour,Bottles,HSR Layout,12,15.103417511792356,4.58798178955244,1.035537998551604,4.874264390553578,26,14,1:0.30:0.13,2426,7846.891277452119,6.416596130970982,74.9025756269995,1.949444234304296,2.8630262492603373,4.425128397125332
6147691,2022-11-08 07:56:18,Pilsner,Kegs,HSR Layout,19,18.94550289227397,5.43217641672528,1.0435935337444089,5.504385320304516,46,9,1:0.34:0.17,598,2991.105043251928,6.133006287470883,74.2959437222583,2.687233973314473,3.8813112964595926,1.120399761029081
3812801,2022-11-22 10:51:07,Wheat Beer,Pints,Yelahanka,13,16.155438731740272,5.374905234929574,1.0356002887603597,5.140701983719755,29,8,1:0.24:0.23,3430,8113.300795779026,9.654244706632284,82.05883319745347,2.2599389935766854,2.9243116771882907,1.5879201668736005
1941320,2022-12-03 12:36:54,Sour,Bottles,Jayanagar,15,21.51934417541133,4.72797631335431,1.0323107761694474,4.865247737362521,51,13,1:0.24:0.23,2244,3261.0140929362205,9.0112842808652,71.53963558086002,3.060693452840511,4.02006147462836,1.1725317082201083
6004099,2022-11-17 04:03:55,Stout,Bottles,Koramangala,10,24.80924279580909,5.0727813698087045,1.0619141619161867,5.647391820635234,44,15,1:0.21:0.14,2036,3572.54586987276,7.544274463258948,77.10275790509482,3.071766917281092,1.7765234539641246,3.036186489162341
5060351,2022-11-14 02:43:08,Lager,Cans,Electronic City,11,16.97548834087474,5.374565435074011,1.034559175536864,4.654719390340968,21,11,1:0.35:0.15,2603,7283.914492825907,6.460138409802419,88.26794228386552,1.594739730763949,3.3842621413156886,4.067829450838033
3077183,2022-10-30 22:58:44,IPA,Cans,Koramangala,15,22.47527972050909,5.349403055581383,1.039915684518625,4.994432524259124,57,19,1:0.32:0.27,1609,4006.2159454951634,7.0639470757933776,74.06490008410302,1.3089456556011938,2.1115720258006565,1.1311648131424028
3263186,2022-12-24 23:55:14,Pilsner,Pints,Indiranagar,15,19.218166272099964,5.013443030603309,1.069209312748569,4.502464051425683,26,5,1:0.33:0.12,592,13445.721517670234,7.6820190445894685,86.39071913516929,3.3605470877708683,4.108418436908652,4.783042414618223
7324784,2022-11-06 05:38:31,IPA,Bottles,Rajajinagar,10,17.259797266496292,4.776249422469129,1.0365005633489697,4.94352851569341,37,13,1:0.28:0.16,1479,8762.8456109365,6.986691950510004,81.27790595892643,4.461386719581601,3.032350482137389,2.209892575995003
4835713,2022-10-20 10:22:35,Stout,Pints,Indiranagar,17,16.498924370690812,5.097367393860279,1.0458588784704637,5.898425618422951,53,13,1:0.39:0.16,972,17023.923116248003,6.706973998902089,77.80355599340758,3.039644022433847,1.5370662455122337,2.992606245753672
4563969,2022-11-11 20:48:32,IPA,Bottles,Electronic City,19,17.104639444749175,5.074673377495556,1.041981671007555,5.041268543861245,47,9,1:0.35:0.25,3566,9488.034495484022,8.03228863282839,88.60845405707613,2.176578041187325,4.13517136871016,3.6729590416112807
2952933,2022-12-20 15:50:27,Pilsner,Bottles,Electronic City,15,15.94453266657836,5.449620921577058,1.071248428163012,5.180576443732425,23,12,1:0.32:0.20,1478,10496.891561358088,8.114775577115028,71.6260203178455,4.519198308390654,1.060151761550514,2.4121180767972583
7018239,2022-11-26 03:52:30,Lager,Bottles,Jayanagar,17,24.053762914774172,5.428711099894841,1.051981001814157,5.069609559147487,27,15,1:0.38:0.20,929,11023.90575691741,9.884997378722248,73.33067719489028,4.258605589694857,1.1154837555457275,3.774714838203008
3575549,2022-10-31 15:47:47,Porter,Bottles,Yelahanka,10,18.082191874881552,5.204850269749932,1.0594962235814662,4.790241568318245,52,18,1:0.45:0.12,4878,1680.1364309776004,8.332179630424662,80.31042841161718,2.3713589884728914,4.286075492417774,4.77963035582269
3408481,2022-11-26 16:41:49,Pilsner,Bottles,Indiranagar,10,18.012073225482865,5.059375866494296,1.0680208250814531,5.106561406909077,50,11,1:0.34:0.17,530,5228.701634087941,6.251295697191069,74.62916882860586,3.161328248165028,3.7001516468227855,1.7866256429981
5851204,2022-11-21 21:16:59,Stout,Kegs,Marathahalli,12,24.02774566947138,5.365915563473066,1.0693473113327692,5.346630629733866,45,12,1:0.35:0.17,4441,18341.578824869488,7.434185544343524,73.07798059022105,3.079826851610705,2.8774363322792,1.1902851687514353
2904689,2022-10-31 13:33:52,Pilsner,Pints,Marathahalli,18,15.480300272940058,5.3378255265531775,1.0503513073902098,5.831304734268518,45,11,1:0.40:0.26,1400,4491.399100461696,8.7390710196994,81.64462055533707,4.239235773973473,2.750286823371408,2.9341136709861515
5284890,2022-11-14 22:54:36,IPA,Bottles,Malleswaram,10,23.21028015880063,5.189216915761738,1.037812134935114,5.356414920467826,45,8,1:0.38:0.23,2244,11097.41299264164,8.88125834328378,76.75921132716051,2.432847504594186,1.4089810952197688,4.835812077889506
3222805,2022-12-21 13:11:58,Porter,Bottles,Yelahanka,11,19.25420736184453,4.717437992183481,1.072162630673544,5.443396122466115,36,17,1:0.39:0.14,2656,5638.137355954544,7.881157994529836,82.65164430632889,3.7352933566440103,1.957953764588684,2.262107298722351
842739,2022-12-23 14:44:50,Sour,Bottles,Yelahanka,12,20.486169178595787,5.036197264820396,1.0605768389850716,5.553767289451061,55,13,1:0.45:0.21,4285,10099.69670534835,6.997580331203416,71.61224381890148,4.57058418851169,4.438845560019994,2.9803379828979213
7575547,2022-11-08 17:54:17,IPA,Kegs,Yelahanka,13,18.545852489268498,5.410469261520291,1.0728997165089251,5.133107763118476,43,8,1:0.34:0.21,2560,7762.33589954564,6.165797650153612,84.91940286856598,2.2164610924861803,4.355982824878392,4.998722862301765
8558235,2022-12-24 05:25:36,Ale,Bottles,Whitefield,15,22.85942407281569,4.548299869876785,1.072608013378162,4.540694545034379,59,17,1:0.47:0.28,4877,11867.536590631478,8.683771484349341,71.10999861892708,3.2272147735488748,2.7085375424047258,3.859488734175056
1520213,2022-11-27 08:40:03,Ale,Kegs,Indiranagar,17,22.893622724884164,5.042946001084445,1.051160453091267,4.672373708377963,41,13,1:0.41:0.20,2150,9308.052684999584,6.036621226879433,72.69116089205174,1.510942964838926,1.448966171741819,1.751736004349302
6122885,2022-12-08 12:23:40,Porter,Bottles,Marathahalli,15,18.6245790153598,4.580724038684008,1.0631420759819228,5.9499851362672525,43,16,1:0.26:0.29,2234,16961.52172046163,7.663174372660327,74.59302064144136,3.685844604921964,1.0169861411541934,3.677087380204277
3849646,2022-10-26 04:27:20,Lager,Bottles,HSR Layout,17,18.21724476110119,4.873299590707002,1.0779670730730615,4.944237282239367,38,9,1:0.29:0.16,1607,16338.138729410182,9.329064850699908,88.21719929320852,3.3623100612852728,2.5985118608043165,1.628892275845387
1003412,2022-11-24 19:06:04,Sour,Kegs,Whitefield,10,17.64517234925069,4.6379601138449935,1.0322890710756218,5.872159450994047,38,8,1:0.41:0.25,3306,10035.66340879551,8.732685625752328,87.09025878945552,1.053754337487597,1.4107013226338423,3.0589460125737777
8341492,2022-12-04 20:17:14,Lager,Cans,Jayanagar,12,19.410345075965807,5.078206707513092,1.0741340036438538,5.934950986787017,45,16,1:0.48:0.13,3893,13815.692350103767,7.099933398284795,70.65710098587334,4.27864973061576,3.3445722443946555,3.077420177110873
5292377,2022-12-02 23:28:04,Lager,Kegs,Koramangala,12,21.74515178966,5.112431203893162,1.0661825114766417,5.046734553167823,41,8,1:0.39:0.29,3494,14177.396873844124,9.577908117812797,75.58712998249885,4.276231093916753,2.2040854195572277,3.7807743938935703
7877188,2022-11-15 22:37:55,Lager,Pints,Jayanagar,14,18.25770551615217,4.78190165198233,1.0702494303175785,4.996986227917782,48,19,1:0.32:0.11,2494,18928.123935690208,6.852381630026485,84.81280095969767,1.6716868848662023,3.90641409253773,2.0256154812971383
9380206,2022-11-10 12:01:07,IPA,Cans,Koramangala,12,18.06931558430917,4.709931705921532,1.0762836076278188,5.387484812488337,42,8,1:0.28:0.21,1822,9754.64600297381,8.233984325763018,84.00185843918833,2.9389859904210067,1.946858853795996,4.438882074491815
4588618,2022-12-05 12:21:51,Porter,Kegs,Yelahanka,18,17.020487077830904,4.9768650271234645,1.040786030551936,5.712769080032062,40,14,1:0.33:0.17,4531,13054.228046360626,9.712300517699996,83.61765861792333,3.2141482406848603,4.113370657535604,2.6341729458055148
2154415,2022-11-01 10:00:41,IPA,Pints,Indiranagar,17,20.48834676825436,5.418283030755975,1.0420553742678331,5.981950190666147,21,17,1:0.43:0.19,3932,4074.26667855608,9.903208961855928,75.86785312295804,2.710290407605127,1.791662620524313,3.4836329192428064
5733686,2022-11-08 07:25:20,IPA,Kegs,HSR Layout,17,19.57787654491486,5.00586814503669,1.0450238069078646,5.783487710815514,25,16,1:0.20:0.12,3653,15138.246948116015,7.718169959313415,83.3917851629474,4.047782222321851,3.588246062830628,3.467012630515524
524275,2022-11-26 16:07:34,Ale,Kegs,Koramangala,17,23.58899666851967,4.585471109785218,1.0773462705870622,4.978869739832601,22,16,1:0.27:0.20,635,6938.823591076582,7.419144111719026,85.78613205573839,1.6019256305546543,3.866596916036559,1.177282678089525
9341946,2022-11-22 18:22:07,Stout,Pints,Jayanagar,19,19.811039616297627,4.590473212302452,1.0686427329534092,5.752090717986163,28,5,1:0.42:0.16,4365,18764.500516504908,9.35639874212103,75.12897588753991,3.0344138500684,2.9792125841631605,2.0158772719374816
5689789,2022-11-20 03:20:49,Ale,Kegs,Rajajinagar,16,19.903034659907497,4.925412613312853,1.0564618751360253,5.168962082143836,54,10,1:0.21:0.13,877,10033.043132957742,6.352176972329657,75.44696123412076,3.266764625977716,3.839942416281609,3.7713929517570848
2982325,2022-12-16 22:18:45,Wheat Beer,Kegs,Malleswaram,10,18.48718979087,5.326111452488869,1.0771081756630587,4.656488008734145,32,6,1:0.32:0.28,735,4603.74753142277,8.259932629713528,86.15849541874738,2.890112587099248,2.6505420451465898,3.897827203972611
3568940,2022-11-03 07:54:16,Ale,Cans,HSR Layout,19,21.89059076804797,5.0413956138384455,1.051033495351373,4.898787984349773,51,13,1:0.39:0.22,2156,17873.84028114885,9.49114701358325,85.65879206251417,1.7535764251589216,4.2136259886292695,3.063127404581547
7180917,2022-11-22 12:09:54,IPA,Cans,Jayanagar,16,22.842574613418652,4.911700956311378,1.074962214981296,4.914586859539792,40,9,1:0.32:0.30,4958,3973.8677325887247,7.917149435458051,83.97777047630913,1.789020006616893,2.323619983020513,4.291321476302009
5654478,2022-11-26 22:45:33,Porter,Pints,Koramangala,13,15.41804882034305,5.279170400763746,1.0472008404596531,5.464299510975075,21,17,1:0.24:0.11,2402,12980.746924528536,6.6960779277564,87.36656542375935,3.728813075536329,3.03859201502842,4.989939346925924
6320303,2022-12-28 20:49:09,Sour,Pints,Jayanagar,19,23.56102438405188,4.960786842050665,1.0320887983504294,5.768682388144316,44,12,1:0.21:0.14,4033,6471.492949537585,9.498549976110542,77.39289332594832,3.49040375006196,1.3224727875536328,3.995063651235701
8302239,2022-12-26 10:35:04,Ale,Kegs,Whitefield,11,24.76360818412739,4.703387166100724,1.0507906736487216,5.170298067026209,26,7,1:0.26:0.29,3914,1659.2679639934572,8.461699536423039,87.58959320194205,2.0585571921509054,3.239395131837478,4.954191650618995
9990185,2022-11-21 15:14:43,Wheat Beer,Kegs,Electronic City,11,18.57704286812522,4.838592804172062,1.07865551908468,4.6537380345290895,54,7,1:0.47:0.24,1359,19538.473615206105,8.248155479853734,83.05056456421957,4.008279901232324,1.182061475495462,2.0344891348917504
764479,2022-12-20 08:44:38,Ale,Kegs,Marathahalli,18,19.3763059657891,4.910145122488201,1.0482711564581373,4.863797034087564,57,15,1:0.27:0.12,4519,1597.3427929510365,7.102979177532566,85.02033843268069,4.423940668282415,1.50437741799435,1.581048216120696
9757557,2022-12-14 00:33:37,IPA,Cans,Koramangala,14,17.585475373925263,5.492147906608475,1.079202915379761,5.761699925663829,30,13,1:0.24:0.25,2650,19146.63204320729,8.527090030165013,85.78577508922805,4.898269863320672,3.3114402969481005,1.6080424380160374
3156656,2022-11-30 07:07:45,Stout,Kegs,Malleswaram,14,18.08130541051874,5.170872012762176,1.0500305689862897,5.823806091731145,41,19,1:0.20:0.23,3241,5264.834993939517,6.605487828466568,74.98211891712921,1.217113166576484,3.0252249575341112,3.5875562991501666
6151762,2022-11-04 13:27:53,Lager,Pints,HSR Layout,15,21.45424839759272,5.112518908082309,1.0757261959404107,5.239483169793054,40,14,1:0.49:0.23,3342,13087.948960953025,9.503102056984895,77.90105032463504,2.458084710251168,1.9424852017616157,2.306610693483432
9304966,2022-11-08 20:32:30,Wheat Beer,Cans,Whitefield,15,22.310017333962435,5.114067946888479,1.0430894689706385,5.889369140639101,57,5,1:0.26:0.14,2136,13859.75799157192,8.563488146353766,83.79159912950387,2.5687678658972324,2.3414995288458065,1.1611629778692123
8444041,2022-11-03 10:40:07,Pilsner,Cans,Marathahalli,14,20.485753395641037,4.557064362020634,1.0665562798419594,4.788196376304425,59,11,1:0.46:0.20,3293,6911.698084154773,7.179344373747382,83.69971597845007,4.721796970817337,3.5118387731688285,3.802135930548325
9286230,2022-11-30 13:22:51,Lager,Bottles,Whitefield,10,24.78935583082625,5.23768092754467,1.0383930161642028,4.728794044564883,29,13,1:0.43:0.14,3753,14820.677842327466,6.941876336769873,75.02450730425069,4.190470614177495,3.697704571635831,3.743807708256383
6989053,2022-11-13 07:16:07,Wheat Beer,Kegs,Rajajinagar,17,20.01800827801292,4.906844927961602,1.0611002157327405,5.39831731066738,40,8,1:0.28:0.25,2922,3907.695466995557,6.633809258774844,89.89752952072845,3.002192733787346,2.01742309565802,2.5253067825575064
6878146,2022-11-12 02:05:39,Ale,Bottles,Yelahanka,13,15.972163131779386,4.929097975495514,1.0579180230256626,5.02967818531133,39,13,1:0.21:0.17,3986,8018.657808069515,8.114863357378013,84.68457560950462,3.3502122019426914,4.829531512026311,3.1783399581267577
8910155,2022-12-30 12:42:51,Porter,Bottles,Whitefield,11,23.206158249001973,4.7574568875813785,1.035124860096428,5.429288791586899,22,15,1:0.49:0.24,1281,11207.005426128126,8.669960560764679,84.41690833121126,3.3953770805410435,1.464482598396398,3.673497673109468
6191314,2022-10-28 13:04:54,Lager,Bottles,Rajajinagar,18,16.545619145806675,5.206138358813151,1.0532681031870164,5.025156484640931,57,6,1:0.44:0.27,1485,18991.881246362744,8.13965388925132,73.47075991400047,1.171382875479129,1.1659439286673678,1.4290900064118612
1044199,2022-11-25 11:57:46,Ale,Pints,Rajajinagar,14,24.708441764915968,5.300784449562045,1.032403367849552,5.334228130609527,33,12,1:0.50:0.26,4396,13089.748359014451,9.020477864164924,85.12569711668863,1.6811165534283177,3.526141921987344,1.2256687607718852
9963514,2022-12-29 12:30:16,Stout,Cans,Yelahanka,19,21.689360605059164,5.156810673911715,1.070037683860177,5.349939074612963,49,11,1:0.49:0.13,1732,7775.926408657763,8.899739175167396,82.55044496765143,2.275021535192749,1.2144852183444923,1.700978664337101
5189165,2022-11-07 13:42:50,Sour,Cans,Whitefield,10,24.32368856245291,5.377025320068114,1.0716518207101768,5.665457193643663,59,12,1:0.33:0.15,2715,15375.574339482631,9.350090945120044,81.24440280379784,2.063443216925663,4.6374778344713805,4.74989532399742
9159965,2022-12-20 23:01:41,Porter,Cans,HSR Layout,11,18.25494555619605,5.428274445934556,1.0451315915255668,5.675568160649062,51,5,1:0.44:0.21,1006,12088.30927052446,8.712028775485525,78.02569133725005,4.315187826340102,1.9682923909728165,2.0985123793209954
8718482,2022-12-01 14:28:01,Sour,Bottles,Whitefield,19,16.406103229609432,4.755701784223029,1.035914741074751,5.103448754360715,49,16,1:0.25:0.13,4788,11078.509592428843,9.702046523272198,74.31325557736336,2.2263290188877494,2.095815899008146,1.828829745305263
1360867,2022-10-23 10:28:26,Sour,Kegs,Whitefield,14,16.399719317830893,4.793516122905876,1.0319274779107244,5.999967059987117,54,16,1:0.33:0.20,4341,16397.110711734167,8.806153018762842,89.86266293190623,2.8348313949029817,4.32084920067212,2.774072310493438
6915515,2022-12-04 18:10:33,Ale,Bottles,Marathahalli,17,21.009737434896696,4.9792107803762455,1.0546727590114315,5.797143240536304,56,12,1:0.38:0.16,661,17135.593482688448,8.037398254904643,79.73367790396057,2.7519523888786077,4.2500111243335486,4.688127893182708
1756567,2022-11-22 18:04:11,Pilsner,Cans,Koramangala,15,20.866663609937795,4.516832316268646,1.0721237767479377,5.213887283122144,48,8,1:0.25:0.22,2855,9843.527452863604,7.235794563146452,84.9745157315006,3.8034904755453702,1.3261924524148032,1.3616694996201946
7994122,2022-12-24 19:50:21,IPA,Pints,HSR Layout,18,24.35631392328049,4.7947424637809934,1.0430317615566187,5.747141676060808,54,18,1:0.40:0.20,1358,17695.899485014685,8.55318918365494,80.95962423980856,1.1434235362174068,4.910412541665869,4.36866497885839
8181789,2022-12-01 09:35:27,Wheat Beer,Cans,Electronic City,12,17.17526793880361,5.290689912333052,1.070797488875482,4.85995788459114,37,6,1:0.49:0.30,1048,19789.28176504173,8.567138521156172,76.43051979642446,1.0008074670796554,4.417985571856903,1.8512077443862016
5741775,2022-10-22 22:29:25,Sour,Bottles,Rajajinagar,18,23.928569006283844,4.956866285453837,1.0674319195407187,5.117326617407469,28,17,1:0.22:0.28,893,2439.34515199622,6.248185696003612,71.22605918271252,4.1313633829382255,4.17095502374896,4.59814824770601
8868103,2022-11-04 18:07:54,Ale,Cans,Electronic City,18,15.038766864243684,5.037191964464235,1.07667555869782,5.269228803592739,47,14,1:0.23:0.26,3337,5135.52631366202,9.279105215099648,73.8421469720616,3.479017146743917,1.6420218761993546,4.217678706381489
7782255,2022-11-29 14:41:04,Pilsner,Pints,Malleswaram,13,15.918580111434412,4.638757282550238,1.0476391159528622,4.694586736484551,25,6,1:0.34:0.18,2597,5457.998545570982,6.571707253233882,80.43761896707197,2.348406757902047,3.422633207414501,2.809003801656698
8141750,2022-12-19 20:36:30,Porter,Cans,Yelahanka,15,22.724943723482927,5.416138966526884,1.0660265232439672,4.539919928037824,35,9,1:0.37:0.21,1858,2979.151666373528,8.61202354004956,75.13000994046061,1.7429854354460792,4.068034689525627,1.598668910368816
4107178,2022-10-27 14:45:48,Stout,Pints,Rajajinagar,10,15.979030336541005,5.130299677123086,1.0362920390693684,4.802944332742479,45,13,1:0.27:0.29,2009,19846.631446136453,8.278449508085163,79.96268636671128,4.80084460037978,3.094448262205129,2.8632346726286158
2533128,2022-11-22 21:05:31,Porter,Cans,Whitefield,14,15.546678758509092,4.5020411057882574,1.043115060074794,5.83310345157165,27,19,1:0.29:0.10,3149,16450.091719917542,8.400404140192064,71.37809137375591,3.21502531138772,4.526406905537292,2.4248460498921025
5896086,2022-10-20 17:59:08,Stout,Cans,Koramangala,16,18.74951551034516,4.731451392490858,1.0576300677891362,5.823849850934199,58,16,1:0.43:0.28,3858,14037.00678587048,6.531972321839814,81.28349980327714,1.4521381578052943,1.9789979366496449,1.046561239642528
9017286,2022-11-18 22:04:08,Stout,Cans,Rajajinagar,15,19.29259428398607,5.330864667350583,1.0784607318591302,5.090531359432131,58,16,1:0.26:0.15,2762,9089.843881961957,6.208048808542507,86.77086132140363,2.311531497565035,1.1270999866040472,1.7002748696558654
3520467,2022-11-14 00:11:17,Stout,Bottles,Rajajinagar,14,19.530088045588947,5.277856362542842,1.0444164429060454,5.417838858336248,33,7,1:0.48:0.18,3994,6898.880241512744,8.566487905572664,87.15939606492384,4.036553904336957,2.228248717258932,3.432990187064508
8248385,2022-12-16 07:58:06,Lager,Bottles,Electronic City,11,24.598681336675035,5.324612385142213,1.0549132531682772,4.550213578922993,43,16,1:0.44:0.21,2378,6970.632309190974,8.854258786896608,76.80811667380435,1.9173639904370077,1.5320591651898885,2.329493658254024
2952042,2022-12-14 02:03:44,Pilsner,Kegs,Rajajinagar,14,17.28651274262081,4.715960800532689,1.0373980628653412,5.906868401917208,33,6,1:0.31:0.28,3195,6350.725680828185,6.293421496610797,78.36592401775651,2.4240947220544773,3.825208660562291,3.139860181299357
8031322,2022-10-25 11:43:01,Lager,Kegs,Electronic City,10,16.873009494473628,4.959552663270461,1.074114722351498,5.352342636247929,54,13,1:0.21:0.13,1385,10564.29967160686,8.748174171731202,87.9212949103801,4.929635969092388,2.982496721411458,2.4450591466540508
3214488,2022-11-07 09:44:06,Pilsner,Kegs,Malleswaram,17,20.068782082276773,5.164945041600699,1.045346009639301,4.845169808103026,55,17,1:0.30:0.25,1076,17804.72830612503,8.68715595711728,83.09458240297614,3.581088902228922,1.6867082707192966,2.808548110229971
1807603,2022-12-21 09:09:10,Porter,Kegs,Koramangala,13,18.582770200969176,5.11018695117925,1.0665314419490373,5.465954333362558,23,17,1:0.29:0.17,3142,14038.274678082636,8.2739203786776,71.51665155144643,3.667333460255265,2.770413521815032,3.441574562329641
8737387,2022-10-22 14:58:34,Porter,Cans,Rajajinagar,18,22.32518046293325,5.104693350453872,1.0468244700745384,5.446782918497964,51,8,1:0.29:0.11,2399,17620.514806122264,6.054117156456739,72.37171445694082,3.703914171359062,3.236884678882669,2.296221585609544
9153292,2022-12-02 08:11:59,Stout,Bottles,Yelahanka,19,22.83840461714921,4.865930894521906,1.0357728532765662,5.621799824334737,42,13,1:0.28:0.29,4587,9777.848915472712,8.823748004079903,89.35327552467852,4.190776872375703,3.7311757929722185,1.747129120330778
6758621,2022-11-18 15:36:49,Wheat Beer,Pints,Malleswaram,19,20.411118653826428,4.852768132414785,1.0719589655621178,5.378036481588197,59,13,1:0.21:0.19,1843,2655.380068106776,9.43904210180182,87.47641589833678,1.7368662272393407,2.269743655155496,1.8900538303181265
7470220,2022-12-07 18:27:16,Pilsner,Cans,Whitefield,17,23.2639986115052,5.3387609938058,1.0650304559956527,5.770040649125227,47,12,1:0.41:0.11,4729,7906.941612644509,7.112740723727791,72.23539386573461,3.362967860824745,1.8296079413593744,3.1911325947527374
6179992,2022-11-17 11:46:04,Stout,Bottles,Whitefield,13,16.307845714058395,5.054244373989966,1.0744087020258566,4.60175249476404,48,7,1:0.23:0.19,4521,5418.357873773715,9.20186765456314,84.51877222562132,3.953919624693056,4.004193879984824,4.904697252531081
7684415,2023-01-16 00:49:05,IPA,Cans,Koramangala,16,24.304368181176116,4.90176843839987,1.039193984790966,4.790734205533453,35,13,1:0.32:0.19,2496,1972.7979946835253,9.803017828540924,84.40224962352872,1.1260958466820297,4.745615537352095,2.8643380448444327
4466390,2023-01-29 21:40:05,Sour,Bottles,Marathahalli,14,21.352000402007825,4.801175188319134,1.052202571132681,5.05323162493369,31,7,1:0.42:0.16,1777,7734.054127727015,9.46979649976749,70.51419896008525,2.2221010528665994,3.0679138742981253,2.7292033423284985
6503951,2023-01-21 06:20:41,Sour,Kegs,Koramangala,15,19.80904808068024,5.3193368145544895,1.0733434926826364,4.7412703483615966,51,11,1:0.34:0.19,3010,13734.986515988026,7.885363846759613,73.86272694660336,2.6566496580444063,4.641334201336433,4.361223272260591
1546095,2023-01-20 04:23:05,Pilsner,Kegs,Malleswaram,11,22.749534321113156,4.652462837480782,1.067226428544907,5.758085643508322,20,10,1:0.30:0.14,3963,8665.957848215696,6.592545473519984,80.26767422298273,3.275067898141052,3.3300483031830166,1.9885666770844197
1761767,2023-03-01 11:38:07,Stout,Cans,Indiranagar,19,18.000124655721415,4.910055393210987,1.052568879515468,5.220553015391907,26,15,1:0.31:0.27,919,17553.220803238484,8.610671712241414,78.28820055336847,3.548783852832952,1.3984474202372148,4.242821931389379
4886232,2023-01-24 15:12:21,Stout,Cans,Jayanagar,17,16.05067372735699,5.308733139876462,1.032972791135729,5.190831245893142,37,12,1:0.27:0.11,689,16105.761601321774,9.883939831755727,70.44716561057487,2.3266995171561224,3.35491663419406,4.925169980144794
1313023,2023-02-01 05:53:21,Porter,Bottles,Indiranagar,15,22.83088079094131,5.155042783906466,1.038193236150169,5.719253690137787,38,16,1:0.28:0.14,4293,13466.544247394631,8.367348441162568,73.30095235872578,3.57934429954141,1.694945637932959,2.741404637862847
2371879,2023-03-06 09:50:46,Pilsner,Cans,Malleswaram,16,17.58562487668885,5.154213018802564,1.0313440774952818,5.443666880265575,54,7,1:0.29:0.14,2289,19507.043386525245,8.430538433800752,81.4615364013269,3.267760404332248,2.967801337534719,2.2858696316656806
2161450,2023-01-01 20:30:44,IPA,Kegs,HSR Layout,13,20.663587310442686,5.2568579063941065,1.0382188612718055,5.128359848725104,46,7,1:0.20:0.21,3997,16914.37182587774,8.461431111192203,86.95053449170892,1.283614584323578,3.7655158013190007,4.817824619249933
2599826,2023-02-25 14:49:40,Wheat Beer,Kegs,Rajajinagar,19,19.71398350236364,4.674291242208668,1.0418065398376477,5.20637414087075,50,9,1:0.23:0.14,980,4850.414763238661,9.07281898328432,78.06094919390864,1.290920741570555,1.0444984783610218,2.83485753313016
8533032,2023-03-10 19:01:14,Wheat Beer,Cans,Koramangala,18,15.290409377045238,5.027856833547915,1.038462132639424,4.686648320250935,59,16,1:0.36:0.24,4575,12497.586627891258,6.792199672524004,89.32974068762199,1.7147258828533096,2.819185879588705,3.282748115028244
1861414,2023-02-14 21:09:34,Ale,Bottles,Jayanagar,13,15.019063999594264,4.737873026876455,1.0730930285008695,5.161946845358592,25,9,1:0.43:0.29,874,2617.518705526623,7.480090303866621,72.45202789997059,4.219189787784753,2.7391307670392075,1.889531841450582
2395097,2023-02-03 09:51:06,Lager,Kegs,Yelahanka,16,23.605015474423837,5.430898721843239,1.0375918624364031,4.736857872999001,45,8,1:0.45:0.21,3834,7891.093983683756,9.462082294533028,80.19475270373255,3.194683200468935,2.286052373414205,1.6423356081559506
5774926,2023-01-31 07:27:17,Sour,Kegs,Marathahalli,17,17.76887575351034,4.985604249083284,1.0511486466733757,5.94631661192398,25,7,1:0.21:0.15,802,13132.402304779253,8.390163526013087,73.15491489802727,3.8081514173681694,1.861858624409452,1.5105740011593087
1163717,2023-01-15 20:24:31,Wheat Beer,Kegs,Jayanagar,12,21.06812676328272,5.451430393275006,1.0461965154534856,5.690662873050581,41,8,1:0.46:0.15,1800,10561.068014248687,8.369555100244382,72.70764245820267,3.984348757071431,3.894159177841421,1.449642566310867
7910660,2023-03-03 02:10:46,Porter,Pints,Indiranagar,17,20.18200060957381,4.993668636103516,1.0749495591892708,4.535302261758157,32,11,1:0.39:0.23,4974,5484.764802471507,7.216357276614639,75.91547408224943,1.2557110597600831,4.125943355007491,1.8502556190093884
7740581,2023-01-12 18:21:10,Ale,Bottles,Rajajinagar,19,23.238911650317203,4.847505074415108,1.0681390027101685,4.601344369502376,30,6,1:0.41:0.26,3102,10630.37360198526,7.427973516943718,84.83292370372317,4.209807549539408,1.5842766361935632,3.813662876208621
8057271,2023-02-09 19:28:41,IPA,Pints,Koramangala,12,17.40289699921994,5.318975962404938,1.0756113222747825,5.564917243619597,39,6,1:0.47:0.25,1808,19959.26854571012,8.17733753347827,86.85798088333718,3.844132795518515,4.46673050547572,3.762493730373584
9183049,2023-01-20 07:48:34,IPA,Bottles,Whitefield,19,22.949378904573425,4.973166468680873,1.0390440868253754,5.747684987287855,52,13,1:0.27:0.19,4041,7718.259696358223,6.369357636910589,83.66407747641315,4.631973477936298,4.698142520219959,4.784162738726527
1540699,2023-02-03 09:16:56,Porter,Kegs,Whitefield,12,23.14928262533505,4.836163100216529,1.0778526935438109,5.330426693573215,21,15,1:0.47:0.26,4577,4171.93378345615,7.446158653346457,81.53938014354424,1.11387201797801,3.333671259788034,3.231675419773869
8318113,2023-02-14 09:49:39,Pilsner,Kegs,Koramangala,18,16.506573529506635,4.791677740293785,1.0537052023323894,5.236631404051914,36,5,1:0.22:0.22,2689,7151.546494664407,9.319827348608433,84.4310366187002,2.101079118736495,4.651917749389634,2.974196213362546
1594571,2023-01-29 03:27:10,Ale,Cans,Marathahalli,10,24.87354608424972,4.91630869251144,1.058600149315971,4.956079689410609,26,10,1:0.41:0.17,2944,6232.949183250872,8.572286051335702,84.31639381307977,4.325863474709186,2.899305168105803,3.351858102714942
8678001,2023-01-26 03:30:11,Stout,Kegs,Yelahanka,16,23.02903058547551,4.689267677784724,1.0646495296541276,5.703819649158667,45,17,1:0.32:0.16,2929,6115.94831061362,9.455470610777985,70.87473970801132,1.637848066874279,1.779678414719033,1.036418094116195
1801384,2023-01-11 22:33:34,Ale,Pints,Whitefield,12,15.423359244354188,4.5148014240324095,1.0417716830626098,5.970546391914015,39,15,1:0.41:0.16,2806,11522.562159658415,9.154499494921351,87.98169033137074,2.965037151722396,4.443501957260953,2.8945274006990065
9093872,2023-03-07 22:19:14,Lager,Pints,Rajajinagar,19,19.555559551782856,4.617228071310291,1.034847797692768,5.960246088654346,23,19,1:0.28:0.17,3812,8172.086924876435,9.887077333565806,70.81182474746126,3.994095955615462,2.3044190123109884,1.062382242318404
3449431,2023-01-18 06:07:27,Wheat Beer,Bottles,Indiranagar,12,21.65147261896947,4.541581154997638,1.052406927493083,5.320658932805923,51,13,1:0.32:0.19,3998,9374.330181582996,8.885851925917187,88.7062114764526,2.106977967929989,2.9049551304913344,3.0440664322147795
9496171,2023-01-01 09:09:32,Sour,Cans,Rajajinagar,12,16.4187671481128,5.207345982432546,1.0367583284549509,5.871541854032774,32,10,1:0.24:0.29,2061,1535.8677328805309,8.426874756665672,89.18915169865153,2.362275983891193,3.3122189435640337,4.456644415006944
7420884,2023-01-23 20:38:45,Ale,Cans,Marathahalli,19,23.220930789787268,5.2618100978306455,1.046972460192284,4.960240478497509,42,9,1:0.35:0.16,1560,19557.73041742828,8.478933786437127,72.73531054975906,4.659394561079946,4.447125617285749,4.845090740640895
5542434,2023-03-03 15:12:13,Pilsner,Cans,HSR Layout,17,24.07827059516385,5.018160148013049,1.0736341628105974,4.808969201747561,57,16,1:0.50:0.21,4510,11916.180488986049,8.336249627331881,82.53724141400829,1.4044493674520906,2.7019299105219674,2.766485400306222
7621277,2023-02-07 01:20:40,Stout,Pints,Malleswaram,16,22.972420946252026,5.171240742612836,1.074280107756244,5.326688320999628,58,16,1:0.26:0.22,2542,17484.115076411465,9.343140435722788,84.57885945520185,2.716947775775097,1.1445341513968534,1.4870314953342034
5572834,2023-01-12 15:44:16,IPA,Pints,Yelahanka,13,21.98164087575492,5.358139681482924,1.0528132885608996,5.013946119400214,36,11,1:0.24:0.16,3235,9246.711887248886,6.048421941485087,76.50594553240951,1.4679756932082069,4.8522755348859805,3.4026672174056114
2320020,2023-02-07 14:50:32,Stout,Pints,Marathahalli,15,19.742905346321265,5.324458978672947,1.0456596435040617,5.512043286420958,46,16,1:0.41:0.27,3088,16671.187284223022,6.909861151437769,86.48135709862721,4.01096367334359,3.474985500412292,2.604566776072979
3331598,2023-02-02 19:54:16,IPA,Kegs,Whitefield,12,19.941412005036625,5.383427232789424,1.0589406496920477,5.915468488630143,47,10,1:0.28:0.17,4059,11283.472229978752,9.936109822078166,73.81955435929103,2.5717254480164207,4.18414371710197,2.278585593643609
5778162,2023-01-12 13:28:14,Pilsner,Bottles,Marathahalli,12,17.720328299817226,4.638399708307018,1.0672268695561025,5.116447319484779,52,10,1:0.26:0.22,4075,19497.079248621743,9.56901160780762,78.45558424781284,4.507078685076318,1.6395107178471269,3.781879947114184
3001236,2023-01-26 23:02:47,Stout,Cans,Indiranagar,10,23.461498101181583,4.7695924881344105,1.049088380162967,5.631310381566731,41,9,1:0.49:0.29,729,15768.573294476397,8.192835161460945,71.93885272130117,4.018375854323987,2.3434996771210552,4.132743921406016
605243,2023-03-04 12:10:21,Lager,Kegs,HSR Layout,17,16.72360914813227,5.450229756935231,1.0713542590561025,5.96736043435836,59,15,1:0.33:0.11,1710,18165.257809098926,9.304853248891083,87.0233752512176,4.221835189653012,1.6419733927698783,4.344447078307967
7890622,2023-03-06 13:32:52,Ale,Bottles,Jayanagar,10,22.08766858362911,4.731964454949326,1.0515811079289907,5.198669555208149,38,13,1:0.32:0.24,3762,12327.578519025375,6.4262651934943165,72.60779076831511,1.108831604916943,4.812359489770333,3.759063375857608
8774256,2023-01-20 17:49:54,Pilsner,Kegs,Koramangala,11,19.35773641693462,5.292578309804995,1.0441816246764013,4.786267327290566,21,14,1:0.48:0.29,2269,3501.367961488253,9.300052627821698,71.07797909555619,4.164778907955686,2.723364846919193,4.384740896217761
9128405,2023-03-07 04:31:45,Porter,Kegs,Whitefield,11,20.486961250110205,4.808531253425878,1.0688537169093555,5.487422542293686,43,6,1:0.41:0.28,2536,16065.442147541851,6.303344740557561,83.78520423219462,3.2633860922233247,2.0500477072085728,4.713910555611127
464060,2023-02-08 06:19:29,Sour,Cans,Koramangala,13,16.74775557283011,4.871748879151922,1.0755138036893173,4.826047879348042,40,15,1:0.38:0.19,3725,9094.46430081323,8.464948209138907,87.80395644727275,3.824325499982406,3.144805035391474,2.4537285862415854
1117028,2023-02-19 10:12:43,Porter,Cans,Malleswaram,12,19.834078535359776,5.062522702426334,1.0463911652198687,5.69885367037125,28,6,1:0.47:0.29,1053,1658.3950681066872,6.045755840917156,75.98015063191542,1.0659441779018235,3.048258958338219,4.816205042438403
6128749,2023-01-07 03:46:58,Wheat Beer,Kegs,HSR Layout,15,19.884596230611795,4.792344426362167,1.046058132695741,4.887483749599632,55,19,1:0.48:0.23,1997,17498.399876146254,9.89776589836099,76.93125132026628,1.700282110891747,4.5170007522249005,1.543148055911708
8347626,2023-02-05 16:50:33,Porter,Cans,Electronic City,14,17.06574419518096,5.342323359328368,1.0628678452700644,5.845459696522091,40,8,1:0.29:0.19,3308,3065.3693914264613,7.763038361967823,85.87634114035401,1.3826372647902598,2.924493910806606,4.70917550472763
1420799,2023-02-15 17:39:44,Porter,Kegs,Jayanagar,10,15.246601145289944,5.431450556015445,1.0745853197522723,5.481554605214684,44,11,1:0.42:0.19,4170,17794.87380150741,7.20855977812273,71.71864728455523,4.1314208813891256,3.2772287601586294,2.5719601085781743
9907590,2023-02-13 20:29:01,Ale,Pints,Electronic City,13,21.532245104000403,4.731867717656153,1.0728662849613722,5.958555957805767,52,19,1:0.41:0.26,2050,10066.156977639092,8.66603616008231,89.85244115781406,3.670473855013312,1.1024133216126797,1.592200714606009
8298793,2023-01-27 22:59:15,Sour,Pints,Whitefield,18,22.62732922466553,5.188556657213742,1.0794919197681525,4.73251037742311,35,18,1:0.21:0.23,829,8894.950990627434,8.56420124437174,78.66361396291465,3.824547182584389,3.939010151045458,3.996689746516082
2888643,2023-01-22 11:52:33,Pilsner,Kegs,Rajajinagar,18,18.263428245293078,4.571831379293831,1.0590358775256103,5.678722306476828,53,7,1:0.46:0.14,1667,11993.37327442035,7.430041679084364,77.62229583410267,3.889433195315064,3.0719060922883257,1.4600167620740785
2745701,2023-02-16 09:31:01,Stout,Kegs,Electronic City,16,20.5415781851188,5.342014867887505,1.0647441309018986,4.743679341652906,51,9,1:0.28:0.11,3128,13960.255293028627,8.804666704594425,89.95144461848476,4.799407866933303,4.5133211113373495,1.707789633087302
7624512,2023-01-13 09:47:48,Pilsner,Kegs,HSR Layout,10,15.9331088428479,4.9898514481493645,1.0695151257232638,5.0866540319438345,56,12,1:0.42:0.17,1482,5444.404818890641,9.258311271597304,89.29706156323925,1.748521577979281,2.746669065592533,1.48336415109619
7980209,2023-01-20 07:15:35,Ale,Pints,HSR Layout,19,18.096098274023063,4.603743166123009,1.04656843581037,5.07412690206677,31,8,1:0.35:0.23,839,11308.713957741442,9.688597026519563,86.80599985547754,2.041542181411467,3.398851669098614,3.9815851195030367
3804738,2023-02-07 14:11:09,Lager,Cans,Whitefield,11,17.841241519058492,5.19713664941288,1.0613272489258705,4.719300379102178,32,19,1:0.26:0.26,1308,5259.111477594686,8.168849852286446,72.4445830089594,1.068336480579073,3.7684682616216567,4.5734300418848175
1315766,2023-02-03 16:27:58,IPA,Pints,Yelahanka,16,16.858491815406737,5.323975253684472,1.0510083080005868,5.835059164354266,26,7,1:0.24:0.28,2530,9318.754719372324,6.270735710750739,79.33260661750317,1.1572085659731597,4.596611113103992,4.706875155464939
96218,2023-02-01 02:17:19,Stout,Pints,Whitefield,18,24.442829748668583,5.388243879200452,1.0577208615353193,5.984150811721645,23,16,1:0.41:0.20,2168,17493.534306688445,7.817674405150333,71.07075447668785,1.0119667166396642,3.605801117730501,1.9352892756329931
5272621,2023-02-27 22:05:20,Pilsner,Cans,Yelahanka,14,16.635319348825806,4.74665236231669,1.0578877479553088,5.400551513404398,59,12,1:0.32:0.24,1728,17851.278004206757,7.0101359891244455,71.02992430859196,1.945962244618357,4.904997135515215,4.583907086115163
1565489,2023-01-15 07:57:45,Porter,Cans,Jayanagar,18,17.544935737788222,4.729700823919209,1.078179835808594,4.69693640990335,43,5,1:0.27:0.16,3416,18396.63403725247,7.894564212788612,79.20856220137674,1.1977221834622953,4.1555303558832914,2.2911809427392056
6062295,2023-02-03 10:37:33,Pilsner,Cans,Rajajinagar,17,21.8585148498644,5.46715253562922,1.0430123906563613,5.688426602218032,42,8,1:0.33:0.21,3520,4120.354462504785,7.1322455558364055,78.58988064103247,3.6553324733226864,4.355439746007371,3.91880126817006
1233902,2023-02-07 20:56:15,Pilsner,Cans,Indiranagar,12,18.64928351193209,5.035980769521347,1.0377114175551874,5.968286181262865,33,19,1:0.46:0.25,1933,15237.09629800351,7.945280067513881,80.666826473115,1.998399719136512,2.4418040911863343,2.970353274686539
174175,2023-03-11 20:12:59,IPA,Cans,Electronic City,12,18.51945637433353,4.768829428126564,1.0348122908958095,5.519821713525516,39,9,1:0.47:0.28,4657,3154.5922087642066,6.382158990918504,74.93716819721473,1.7607620388568987,1.9600711862372997,1.0256072641207274
1040936,2023-03-09 09:25:34,Lager,Kegs,HSR Layout,14,24.86084326608796,5.439189638393536,1.0623491089437331,4.635313824883127,26,7,1:0.33:0.14,1372,7693.919612631342,7.961316619110056,80.23413116202234,4.139702339781898,3.375504456665875,1.7294847747095123
7870123,2023-02-02 13:56:52,Ale,Cans,Koramangala,19,19.211811187039046,4.838680075753706,1.0749148324758602,4.832255410227226,57,17,1:0.29:0.16,3973,11900.539194330544,6.829688049410572,83.27588684145779,2.660246087653021,3.035698192492041,4.3423302317640005
1433401,2023-03-03 08:03:10,Ale,Pints,Indiranagar,15,17.420006725520054,4.869523548860726,1.0392699095133304,4.731544610814948,42,18,1:0.35:0.22,957,16893.24772079721,8.821037183436761,72.23353914693868,4.223333693755032,1.5179636562441012,1.7133256505895842
5361644,2023-02-24 23:37:06,Pilsner,Pints,Electronic City,18,20.49617683020764,4.916793783375128,1.0414135999330878,4.534637885275259,54,6,1:0.43:0.24,3991,18235.157796711774,8.417286820936825,78.62458721132774,4.385281772101196,3.8659386460645546,1.924109295146946
2501672,2023-02-11 04:49:22,Porter,Cans,Marathahalli,18,17.94058509092141,5.4501274190471545,1.062723964326167,5.564318765359943,54,15,1:0.49:0.13,3550,1412.699436663222,6.605348534284898,87.81858588074073,2.2905834451702805,4.56406948350111,3.033617783168291
376576,2023-01-16 13:34:31,Porter,Bottles,Marathahalli,14,21.09838119596384,5.16167933685597,1.0363097890658677,5.479014991678241,49,6,1:0.36:0.16,2484,3591.0575421407734,7.299201725258895,75.27980923440194,1.5298527596352125,1.792985185387706,3.6697352277508015
7343102,2023-01-20 20:30:12,Porter,Pints,Indiranagar,16,24.7815735520025,4.9885238371179454,1.033569716506386,5.38011661436988,31,5,1:0.37:0.12,751,19230.087639063964,6.602963766019766,89.6593840452331,4.145538816873788,1.834787653132409,1.222761584083678
2848511,2023-01-15 10:42:36,Lager,Pints,HSR Layout,17,23.971217686141674,4.573303139750227,1.0727017361093978,5.018912052986635,55,12,1:0.33:0.21,3299,12737.77794060085,6.637269996744003,79.2609159227867,2.5191496258776973,3.57040640998132,4.602967033247019
1005879,2023-02-11 10:50:01,IPA,Pints,Marathahalli,19,15.76242447783682,4.640962498952401,1.0721518595058672,4.644012782459271,38,11,1:0.49:0.16,2566,5578.005663268841,7.033543728480566,86.61536253385908,2.012822751686542,4.111968591741152,3.669025749985936
8694731,2023-01-25 07:48:29,IPA,Cans,Whitefield,13,18.92010137051321,4.946069435025483,1.070804215255894,5.051730299055686,24,5,1:0.26:0.27,4917,9893.334137531583,8.250983050987713,83.2931049700638,2.1733333330350155,4.282024839996076,2.3088303530583496
6140441,2023-01-24 02:01:58,Porter,Bottles,Yelahanka,10,18.130086819770035,4.804569063307261,1.0777460437227404,5.2432930236678565,51,10,1:0.38:0.22,2075,9215.346472809815,9.632279005066248,78.07462493723786,1.031020199811686,1.398726184520677,1.3219763484666256
8245864,2023-03-13 12:34:51,IPA,Kegs,Jayanagar,15,15.180501955856776,5.197003895220399,1.050511657695283,5.617774081554588,31,13,1:0.21:0.13,3989,7208.377737873422,8.884051572108191,75.4876007570174,2.305554441010191,1.195102765033354,1.597028884906277
8707654,2023-01-09 12:14:57,Porter,Cans,HSR Layout,12,17.781426003284185,5.418045467924673,1.0440014870436252,5.399290585772787,44,17,1:0.39:0.25,534,14348.91757901688,8.884190102742705,86.2548060940081,2.2033815947108426,3.242923906117712,1.2419340509811816
1173973,2023-02-06 09:38:53,Pilsner,Pints,Koramangala,16,21.78558954993047,4.735066362245609,1.077720322432287,5.397125322344324,27,18,1:0.49:0.21,2203,1004.2138588452588,8.789986619775851,80.45314946899848,3.3612229335838486,1.071852847809847,1.9928654207132328
2449398,2023-03-12 12:17:22,Pilsner,Cans,Yelahanka,15,24.623100300285756,5.414174644361993,1.0585915249630211,5.077345065046041,48,8,1:0.36:0.11,3154,19126.916718177545,8.700602591765875,84.75093882433073,3.367295634985977,3.748332974449161,3.315509957513998
5039611,2023-01-19 14:11:41,Sour,Pints,Rajajinagar,15,19.870658003104204,4.531249571323847,1.039600650115296,5.883806876729406,45,12,1:0.25:0.20,2333,8274.695270553018,8.971311244352037,73.53269047553327,3.33165450477524,4.237682619741547,1.8502183748569003
621377,2023-03-03 22:20:17,Sour,Pints,Rajajinagar,16,15.1841530168302,4.85665988356679,1.0664794694417736,5.589098406201613,29,17,1:0.23:0.13,3999,4694.943178385914,8.590876652240699,82.23076893798088,2.919540152069907,1.0330364732186834,2.273407759738725
1398780,2023-02-12 11:51:44,Lager,Bottles,Rajajinagar,19,24.815481501401088,5.19188408340789,1.0610307731905149,4.765666922551443,50,15,1:0.45:0.16,3924,16604.49325137242,6.876390008484324,71.51741444008941,1.7490692194180315,1.3930856239300446,4.659801620430102
6759061,2023-01-04 09:20:40,Pilsner,Pints,Marathahalli,17,16.02874799958338,5.056346859038905,1.057585107785766,5.170953605790588,29,14,1:0.36:0.14,1510,7484.385199272909,6.420341790368498,73.06657544242546,2.520152338088677,4.573917288884132,1.843332910997281
9722230,2023-02-15 15:28:10,Ale,Cans,Malleswaram,15,16.071172734884783,4.844567183712631,1.0344180685965456,5.4396904355135325,25,13,1:0.32:0.20,3521,9762.361328259873,6.382270831175266,70.64871267717572,2.9527163288569858,4.312488406688052,2.2788196033084747
5593718,2023-02-03 16:08:43,Sour,Cans,HSR Layout,19,21.11193004498352,4.627043091537386,1.0519050873734548,5.727973116265736,45,10,1:0.41:0.23,2679,6182.35338430113,7.040936773828246,78.72739994858102,2.6423575984231653,3.025323459634456,1.1562636216115671
9018276,2023-03-07 18:22:50,IPA,Cans,Rajajinagar,11,20.89985864931492,5.039471847880203,1.056910279796279,4.979600820557786,56,5,1:0.32:0.23,3762,3897.6207113146856,7.303126314064703,83.16572081227488,4.177107422848419,3.771052818612154,1.0250907936050488
4205442,2023-02-12 07:00:39,Ale,Kegs,Indiranagar,15,22.798487519768287,4.704727977682575,1.0480090233267942,5.232765749406571,26,15,1:0.26:0.24,2674,2046.9424337801256,6.75507668574544,81.89737869777993,3.579772453581827,3.672144892692548,4.352072668962402
8555783,2023-01-03 21:30:49,Ale,Kegs,Indiranagar,16,18.9209357600382,5.012434615791751,1.0629667819113051,5.004456003467985,51,6,1:0.29:0.23,4825,15819.253919527968,8.652138181722105,80.50110382779565,4.195928819459777,4.936851917271854,2.295481903227212
720267,2023-01-16 18:18:56,Wheat Beer,Bottles,HSR Layout,11,22.461725636874235,4.591473852276769,1.038421271500504,4.92983149318339,51,8,1:0.23:0.20,4533,6935.849310341643,6.866517375165236,74.0333555361253,4.709621057787242,3.851785657535236,1.6471057403925735
1850436,2023-02-10 12:40:45,Stout,Cans,Marathahalli,12,16.416454205918413,5.168350895273484,1.0457530837508706,5.122879937354147,33,15,1:0.23:0.21,2720,9392.081107985126,7.302177683170752,75.19058530544658,2.114654556183289,3.16502348540848,4.5162652196458986
4071510,2023-03-02 19:58:57,Lager,Cans,Koramangala,19,16.62960925719387,5.388749812993924,1.0518356426425006,5.66156201664889,53,16,1:0.36:0.24,1924,16354.433874123197,6.302480583954003,78.97844495809119,3.1005303307722896,4.5151319227722775,1.473609440573683
6965148,2023-01-08 13:49:53,Wheat Beer,Pints,Jayanagar,16,17.604690013046103,4.760669777376687,1.0440841766705118,5.992825781528444,31,18,1:0.45:0.20,4973,13983.347729037148,9.600409784319949,73.10974694613748,2.4111642126823427,1.769706354793391,2.6054720994389453
7240617,2023-02-03 19:05:57,Ale,Pints,HSR Layout,14,15.256538020835452,4.993466341790789,1.0469155731720223,5.08338826384821,33,11,1:0.44:0.11,627,18525.610556257183,9.878706836906597,70.28131070793881,1.2118399481594282,3.0199549416121134,4.231766271007777
1849455,2023-01-01 17:13:23,Porter,Pints,HSR Layout,15,22.882085560569475,5.065901328064413,1.0485631927354089,5.118380809430063,34,12,1:0.45:0.17,4052,19792.199967809305,9.737932478215129,88.4360574691578,1.790690974579764,4.441202608093702,1.2724626918174282
9912910,2023-01-30 20:44:13,Stout,Kegs,Rajajinagar,12,19.765538252105664,4.65987025774865,1.0447282422862638,4.945326386990682,46,12,1:0.21:0.12,3837,6598.825891740299,8.108645404484196,73.93462870973413,3.934479783149055,3.9154667267048495,1.367019326732089
7597916,2023-01-26 00:46:38,Sour,Pints,Malleswaram,15,16.32900879530586,5.257173771944227,1.054494055699682,5.920510471843707,49,19,1:0.45:0.26,4849,8682.750242541319,9.66961264525724,88.78055587840917,1.9110075314861923,4.756513742382498,1.8963788346642725
484860,2023-02-27 07:37:59,Sour,Kegs,Jayanagar,10,22.862434670449403,4.845235236230078,1.0476457997529518,5.112647852387286,25,5,1:0.37:0.16,2999,18366.024714431387,8.59988896643467,76.51328318982556,2.401251183321938,1.8209381725503149,2.72573727651458
8699026,2023-02-25 01:21:54,Stout,Pints,Koramangala,18,18.78928862968592,5.061176989752514,1.0652165646512428,4.69669267007249,28,5,1:0.31:0.23,638,15321.010022514642,9.726095234688245,75.21367802834706,2.939875135804765,4.785143191497266,1.834322192994069
8037133,2023-01-06 11:20:34,Sour,Bottles,Marathahalli,11,17.385431971643758,5.406230678647378,1.0446988557366867,5.896717544785608,58,16,1:0.26:0.14,1418,13786.073518535168,6.663590626278664,75.54950564754212,1.2722340985962737,3.729045774858669,4.342674940306451
2922430,2023-01-19 10:16:10,Wheat Beer,Kegs,Jayanagar,13,20.811125895214897,5.248192002992151,1.0538013332915823,5.629288179882316,32,9,1:0.22:0.11,3168,19882.50190195739,9.416466121938775,79.69407240946171,4.267683475364648,1.2919926270040023,1.742720463883816
2219195,2023-03-04 07:58:39,Lager,Kegs,Koramangala,10,17.076003128286416,5.1062863122915925,1.076833641748961,4.837507990335949,54,10,1:0.20:0.16,4296,9648.979904548049,7.190997559611977,74.65392478077845,1.1051086873680256,3.3263421494865257,3.789602150864064
8312141,2023-01-03 14:17:23,IPA,Bottles,Electronic City,10,19.327483062586733,4.580502380394746,1.0409190856795865,4.636910824316853,41,16,1:0.43:0.18,3299,6464.43707100059,8.476861368448473,72.6597792586514,3.467678180259293,2.2807674411562155,1.3893424948352004
4005199,2023-02-13 05:22:39,Wheat Beer,Cans,Marathahalli,18,16.830825412924806,5.380649385827684,1.0558677393877574,5.543533526026063,23,17,1:0.30:0.14,871,6451.77424305867,8.244824940833299,73.78610128262446,2.480165207821993,3.8488660171465447,3.6651998035916096
9500257,2023-01-30 14:00:28,Porter,Bottles,Jayanagar,13,20.74295013657862,4.750317693841677,1.0796602198040612,5.79469734622852,26,12,1:0.35:0.11,3217,10206.647165080398,8.643552183577697,72.49039527544764,3.0076917181033065,1.7646213235844916,2.190382556588761
94099,2023-02-18 15:48:50,Lager,Cans,Whitefield,12,23.836108099214574,4.542160986454771,1.06126664460696,5.5135903868428855,35,6,1:0.22:0.14,1288,9312.100597144836,7.036689507838952,78.6753182138163,3.613824936685876,3.954046571434953,2.6699974897172027
9167193,2023-01-29 10:39:42,Lager,Kegs,Electronic City,13,22.92035486338149,5.305059897939074,1.065465825965942,5.640196113072918,54,17,1:0.37:0.17,3098,2299.905587146027,8.916888306676777,72.71981883287746,3.802727764979186,2.5400902163110795,1.4858982003153138
7602960,2023-03-30 01:20:28,Pilsner,Pints,Indiranagar,16,23.712603042087444,4.903963897532757,1.065180278967941,4.677510288622757,39,16,1:0.47:0.29,3838,19644.96666886247,7.092017055105506,81.49071210993367,1.5323843749781845,3.668894786241594,4.820187607810546
7095466,2023-04-13 01:51:45,Lager,Bottles,HSR Layout,18,22.801699011746837,5.429669344400205,1.071244490408618,5.658142420891663,56,15,1:0.28:0.12,3286,7845.183873590898,6.770987646641121,87.49983692526023,1.679761897193977,2.5408240000827997,1.6440640280263978
4022628,2023-04-04 07:07:08,Stout,Pints,Yelahanka,16,19.267944406815037,5.338739620541201,1.048255839735981,4.829059749888659,20,6,1:0.35:0.26,799,4971.545113620483,8.809614786147574,78.92456813005107,4.399690898069871,2.73646823601126,4.126131408421247
5863748,2023-04-03 05:33:05,Pilsner,Kegs,Marathahalli,12,20.19626112480703,5.446714691045699,1.0647202955150443,5.440492654245007,42,13,1:0.47:0.12,2894,6798.09633415492,7.4076099006683105,87.15332837995138,3.814646724568946,4.699994634154393,4.578108280610541
6161702,2023-05-13 15:37:27,Sour,Kegs,Yelahanka,13,18.035370345370715,5.338243304188225,1.0495645513591862,4.809692632488298,47,6,1:0.33:0.30,757,15335.61136415582,7.060655148869213,77.60145849776889,2.8862127051112423,4.795198655529248,4.023535498879884
1542240,2023-04-07 16:53:34,Pilsner,Bottles,Malleswaram,14,24.986536509947264,5.410615815286901,1.0577130606828982,5.270517651228256,58,11,1:0.31:0.12,1898,7972.804687396662,6.793560611619377,85.623383720993,2.641138375868536,4.771718173313328,2.2922875977935355
1641625,2023-04-15 10:20:20,Ale,Cans,Marathahalli,17,20.679320975856907,5.357064614995449,1.0320713917888786,4.802069904405896,41,5,1:0.41:0.19,3489,17251.13870786188,7.668473029645254,76.74922232442461,2.090352833437078,4.805186963326079,4.26767314647433
3288579,2023-05-18 12:14:43,Porter,Kegs,Koramangala,13,17.68940068814462,4.960119513546991,1.0360753241856873,5.003708497705331,25,10,1:0.21:0.28,4679,18479.01087095228,7.55271433946967,78.4691448604943,4.155904803698999,1.857808433379987,2.2492240910734806
3124869,2023-03-15 20:34:30,Stout,Kegs,Koramangala,19,19.67372873472837,4.528124445868563,1.0390149793099086,5.888748028786571,22,18,1:0.26:0.17,912,4097.212400807837,7.950158295502958,82.20293352990355,4.001347370317783,4.228288726101232,2.749542653227265
8678054,2023-05-09 19:24:33,Porter,Cans,Marathahalli,14,24.463862267101096,4.717285970202228,1.0375290891069162,5.52516473853762,46,13,1:0.42:0.19,3564,8129.592657947879,6.688964957249603,70.83216446246225,2.246515066597312,4.444753222938841,3.873236877876878
230449,2023-05-22 20:41:06,Lager,Pints,Whitefield,11,23.497723984061743,4.940312967885255,1.0679211552340748,5.2161166125142895,36,6,1:0.30:0.14,1391,13169.135459984798,7.534470048148468,79.19385255593521,4.096773927496852,1.6252340803241774,3.5849934703607618
7808808,2023-04-29 03:28:16,Lager,Cans,Koramangala,16,18.8805995352661,4.580150187066857,1.0419210165010395,5.72816590126558,42,19,1:0.28:0.24,3660,1852.3614059260244,9.758364977144796,75.6182275491241,3.71466296610688,4.199595492224052,1.3820449049870431
1725595,2023-04-17 15:12:42,Lager,Bottles,Electronic City,18,24.572689154322997,4.660431541970336,1.0784235337170462,5.730695811138278,37,15,1:0.21:0.24,3401,16124.44372596159,8.389037467848624,74.40344839330781,2.315638305669187,1.6344123649344549,2.305752257608677
6854546,2023-04-14 11:50:42,Pilsner,Bottles,Electronic City,16,18.54560264484109,4.7783317621105175,1.0492207764829744,5.564231126052524,50,16,1:0.23:0.28,3219,3110.994942226377,7.854436351027963,84.71469316434292,2.439586238874798,1.5742548153956153,3.1320079377474785
2172657,2023-03-29 20:45:54,Wheat Beer,Cans,Electronic City,18,19.789930514326397,5.404746130342161,1.064108790029104,5.023296764573884,40,15,1:0.32:0.23,2264,19152.376638481863,7.089292347875347,86.40404187543191,4.260158828453584,1.4413976427694073,1.1515553013432078
1968655,2023-05-15 05:56:59,Wheat Beer,Bottles,Rajajinagar,18,22.192578211198253,5.238034868317849,1.0583773427354215,4.806399951918209,31,18,1:0.49:0.13,3876,1747.055431472595,8.304767887786923,73.96997343759632,2.786166772546247,2.470912380837904,4.285094724222747
2317626,2023-03-26 18:12:39,Wheat Beer,Pints,Rajajinagar,12,18.23296399859381,5.030017000600582,1.0578214233358307,5.634644893672046,47,5,1:0.38:0.15,3074,14938.223799921563,6.556109207834131,81.74960090877829,4.743520291453406,2.936543121265696,1.805516106610604
3059042,2023-04-24 01:44:03,Stout,Kegs,Whitefield,14,23.49705651339661,4.741701447046092,1.0717112515911753,4.910451171719373,22,19,1:0.42:0.25,2489,17036.10078761159,8.102582012892887,72.25959894018771,1.6996941842215434,2.6521367595631222,4.911453740077336
7999315,2023-04-03 09:01:15,Sour,Cans,Indiranagar,18,23.665309382065622,5.180980719143864,1.0374745432085055,5.242128070595971,43,12,1:0.45:0.13,2439,6888.747534113667,9.663151623138704,86.26862438216762,1.708404343579049,2.459503200350267,4.861208591707135
339305,2023-04-17 14:43:51,Stout,Kegs,Indiranagar,15,21.337319129149293,5.3361649526218216,1.0501652895596374,5.614097133318512,51,15,1:0.37:0.16,1937,10595.67840627329,6.528369908843626,89.38281980613938,2.194711432796275,2.976923461128789,3.2328421312187143
607698,2023-04-28 16:12:17,Stout,Pints,Indiranagar,14,17.50778002765991,4.671865303117734,1.0580729764993009,4.567429360670047,36,8,1:0.27:0.25,2972,16555.25194187471,8.412203242507857,83.55874260667439,4.996276014648285,1.906755343038976,2.8081453539908425
4588933,2023-04-12 06:47:13,Lager,Kegs,Jayanagar,17,17.10325035756396,4.763467352669276,1.0638917949107225,5.503960435595847,20,13,1:0.39:0.14,4997,9777.772921102443,8.136541798274852,72.67344743202159,1.8671296025971864,3.115199594757037,3.369035902065116
6895931,2023-04-09 05:23:14,Wheat Beer,Bottles,Rajajinagar,16,20.571912542159737,5.157246707571926,1.0799866934315148,5.011983364672681,30,15,1:0.46:0.17,3034,11437.632880277451,6.206229302063984,87.64292770335209,2.67098246681832,2.649072011088646,4.925257584747911
5738203,2023-03-25 22:25:40,Pilsner,Cans,Marathahalli,17,20.081967269368327,4.678469649390523,1.0607562215845472,5.319151401382271,58,11,1:0.49:0.29,3818,8289.349268614202,7.737387420335024,88.83933965759417,4.330499979782349,1.752158857209336,2.855506675165413
4954150,2023-05-20 00:58:37,Stout,Kegs,HSR Layout,18,20.537445019231946,5.274333682822675,1.0721174544059788,5.886569952111502,47,9,1:0.37:0.28,2390,18657.391610192157,8.426484581214208,82.03524728032434,2.045752402574724,4.5493605952165925,3.574898967163076
5848361,2023-04-01 07:11:53,Porter,Cans,Jayanagar,14,17.05610617709305,5.32898105839891,1.034357412285254,4.543276679963843,55,5,1:0.29:0.20,1260,14735.816384873924,6.7735460491188215,80.34907948707038,4.391743624596726,1.3406811543122037,2.3565380786342702
5876662,2023-03-15 09:15:48,Porter,Bottles,Marathahalli,18,20.655664668543853,5.238658267555827,1.0750181287139666,5.761460179453796,52,10,1:0.43:0.19,1185,11434.91689023128,9.477075348490118,70.65029463999907,1.4429431483520885,2.2456811819342364,3.008064940043109
3073497,2023-04-06 22:28:40,Ale,Pints,Rajajinagar,13,21.658703438727308,5.152356944190705,1.0356491810991482,4.503335732628978,54,12,1:0.37:0.26,566,19671.316085274982,7.450265865895028,72.61771378114122,1.34639665872766,2.939365482999318,4.007184544162713
6344307,2023-05-15 18:59:39,Stout,Kegs,Rajajinagar,16,17.04619994392786,4.900664644163863,1.0709918560367315,5.567526268602813,30,9,1:0.41:0.13,2906,19159.74337917633,8.505132631837268,80.4472616889412,4.0281283181607215,4.5232134304508245,1.636277969214342
7378492,2023-04-21 07:03:13,Stout,Kegs,Marathahalli,18,24.045803804492085,4.748846387229383,1.0365284704232498,4.687460623538868,30,15,1:0.24:0.23,1815,4944.389481470544,8.775239736738445,71.22671821532975,1.207200147924801,2.419408203401797,3.3847759770587
3336805,2023-03-26 15:41:59,Ale,Cans,HSR Layout,18,16.090803862233106,5.123650950719399,1.054888399164491,5.010769140500693,24,5,1:0.39:0.20,1626,5573.7748598550725,9.08320402269164,71.2447851692801,3.580036639705539,1.4398178139227396,3.3273693000029274
4250071,2023-04-21 19:53:17,Wheat Beer,Bottles,Whitefield,13,18.734101993205464,4.6815801034019024,1.0504397822958338,4.956021286905546,42,17,1:0.41:0.21,4470,13975.565238181767,9.87333998291268,87.35804784146417,2.027254051622942,4.744199323007214,3.5321450877414096
913427,2023-04-17 00:58:20,Stout,Bottles,Whitefield,11,18.93657962999281,5.17234507640525,1.0764025820194842,5.774453847385423,54,10,1:0.30:0.17,4508,9070.005102792944,7.930898474633413,87.79556765579098,4.469156797241107,1.6985782173966344,3.681410948783781
1525666,2023-03-26 13:24:42,Pilsner,Kegs,Koramangala,10,23.3351908760827,5.062378188290166,1.0376867746250171,4.676656267687974,57,14,1:0.22:0.17,1005,14654.530699826086,7.397125291201305,82.74018889014329,4.024483000152143,4.237103993393543,2.696870704780875
5444729,2023-04-10 01:32:53,Pilsner,Kegs,Jayanagar,10,22.62357955701421,4.771321844814231,1.0361862804914068,5.03812939581336,56,7,1:0.44:0.20,2474,11792.067463453384,8.526069728900865,83.22424716520933,2.831356928245791,3.4027366565168338,4.985838567171255
9667229,2023-05-16 15:00:04,Stout,Bottles,Rajajinagar,16,17.408793299003747,5.1309839342462125,1.073508788195973,4.627546743626357,45,5,1:0.37:0.21,3701,9500.335663097076,8.635553622962279,82.33920450376482,3.8884566297129055,3.923271468904329,4.092146256566237
5693327,2023-05-18 15:55:33,Pilsner,Bottles,Indiranagar,13,23.83036521491877,4.874033845673528,1.0582888723543469,5.204939269097952,40,5,1:0.28:0.22,534,2778.880329126302,7.166195358323043,89.42681553783304,2.457241055030209,1.319189124164582,4.352754567324362
3919288,2023-04-03 18:51:16,IPA,Kegs,Malleswaram,13,23.92242648377978,4.7736596627695045,1.0746452583436046,5.890039731111591,44,18,1:0.22:0.19,3459,5320.398318549977,8.323846277383268,73.50397695862452,2.654565935521055,1.086156246116726,1.972191785338877
5735677,2023-05-19 06:41:20,Lager,Kegs,Malleswaram,14,19.358708631864157,4.993472613214157,1.0335536309363358,5.510470906354941,57,15,1:0.26:0.26,3897,9152.063567463812,7.803930792035787,72.82016785982579,2.4577823122505205,2.780252536960953,2.8631673707202765
7774986,2023-04-22 11:35:31,Ale,Bottles,Indiranagar,15,16.704536568944988,5.45534375903395,1.0320923944542977,5.182921004338665,21,5,1:0.37:0.27,2645,11857.372876571106,8.032102536285848,74.39212189422186,2.468245130269945,4.191021516169172,2.462834324393857
2162605,2023-05-03 15:41:27,Ale,Pints,Whitefield,18,23.52578150211445,4.9255991652126685,1.0512531593253331,4.870993364964704,43,16,1:0.21:0.19,4455,11200.17468894423,7.496314746406268,71.2531848263128,4.95337227639798,1.7690362831263609,1.7502464456958218
3696244,2023-03-21 03:19:13,Stout,Pints,Rajajinagar,10,21.10699857395816,5.222861013571071,1.070121270880557,5.683880476978773,35,7,1:0.28:0.18,3546,9679.851241183853,7.197033540736607,89.56584757924428,4.912895717623947,1.631212624146134,3.136493834032508
2607771,2023-04-19 22:02:43,Pilsner,Pints,Jayanagar,13,21.247848678250374,4.94844532373311,1.0780730026740184,5.276467265101829,42,12,1:0.35:0.20,4168,10347.666904262336,8.564571826740247,70.56438881383929,3.568867823167781,1.245627186446725,3.836486299068985
207713,2023-04-29 23:23:24,Stout,Bottles,Jayanagar,15,24.15151384979957,5.196868537958805,1.0406629728178851,4.792713948115549,49,12,1:0.25:0.17,4997,14266.373940545918,6.553004565544015,88.15138592112908,3.499873657118487,3.640029948201286,3.602813023962228
8023928,2023-04-28 03:03:51,Porter,Kegs,Koramangala,12,17.22913645296575,4.891495496390559,1.056358520811412,5.808201337588301,32,12,1:0.21:0.26,692,2047.4197609736027,6.733310624863126,79.18450602457702,3.4709354944905426,1.3414548339822223,1.6243499002731865
2285702,2023-04-11 01:37:41,IPA,Kegs,Jayanagar,19,21.23371787064374,5.279153924233306,1.0304332640614668,5.02992411229259,23,17,1:0.31:0.21,2935,2562.180752296272,8.13815226380337,87.06157368431892,4.142316427199745,2.5408062945883065,3.140414208828024
1162528,2023-04-05 13:21:17,Porter,Kegs,Electronic City,13,20.98329233530451,5.055227858021715,1.0439851866122254,5.007014491758519,56,9,1:0.39:0.18,878,7624.90851249855,9.017237245270634,76.16555668918338,2.713871760612438,4.41018696133553,4.709623724566976
1716136,2023-04-30 15:41:11,Porter,Cans,Indiranagar,14,23.574646076935487,5.2478813695223865,1.0661188277093363,5.432582122424429,32,5,1:0.47:0.17,2092,2753.5337041606954,7.498819773195067,78.05545614391269,4.922459807385438,2.421844854567879,2.169623498081387
5093314,2023-03-27 09:15:30,Porter,Bottles,Whitefield,14,17.42072742499011,4.8777512313602,1.0428292426312051,5.610726254650375,58,9,1:0.44:0.19,1662,19632.51068609702,9.774932622404943,76.43323711421051,2.5963269940715694,1.911011151970461,4.800720183621394
9826940,2023-04-03 08:27:33,IPA,Kegs,Rajajinagar,10,16.883832050680954,4.550284238548342,1.038208703237199,5.891461660390373,32,9,1:0.32:0.15,939,16601.461025268003,7.272340038297928,84.55296158360417,3.497393851260099,2.7717203680962745,1.893729012859
3443651,2023-04-21 19:15:47,Pilsner,Pints,Electronic City,15,23.27992185414408,4.572231784122093,1.0713055207744149,5.469025128542908,22,6,1:0.20:0.23,2145,4909.340764339877,7.811056508974721,79.23805578506163,1.829705558611442,2.770063800997878,3.229077448303919
9398181,2023-04-17 21:59:18,Sour,Cans,Koramangala,11,21.961165545138527,5.064765695428797,1.0763406501631525,4.601001164079323,29,16,1:0.26:0.27,750,17042.547895336,9.354917334464552,80.27059991090745,3.46606550414818,4.346468667973786,3.689318398761721
8726224,2023-04-15 06:56:03,Ale,Pints,Yelahanka,15,16.06680480784517,4.602898377533769,1.0388767415980866,5.622760347491177,24,11,1:0.45:0.17,4356,5665.668252319011,8.991486910623728,81.94371188280637,4.584186463818235,4.807267275094153,3.506190753468081
3868364,2023-05-12 02:41:23,Lager,Bottles,Whitefield,15,22.41543398490317,4.6923328370436375,1.044500534961198,4.88793193548123,37,16,1:0.41:0.14,2401,7998.247271044409,7.009564378985568,72.07443326043305,2.0401773690625014,4.233313444702953,4.788908306914222
6996149,2023-03-29 08:23:49,Wheat Beer,Kegs,Indiranagar,12,23.52839511420592,5.136619612113,1.031510937501546,5.32431448151769,31,8,1:0.20:0.21,3349,5519.596022988816,6.730072720543086,83.48566267033478,3.407714584441192,3.4175897743023658,4.490928427356649
7276329,2023-04-17 15:49:38,Wheat Beer,Bottles,Jayanagar,16,18.61953442344745,5.145129376172246,1.0540183824980187,5.972117506678398,38,6,1:0.25:0.25,2230,12055.163032401437,7.8411141899643955,85.98615420567376,3.39967329298351,2.0886903248403805,4.090551667027951
9228972,2023-04-22 01:56:36,Ale,Cans,Malleswaram,16,24.81857299742842,5.293321268014121,1.0597287987288202,5.4972413368245086,29,16,1:0.48:0.22,3078,19770.79929609334,9.366219443469843,84.37056240891418,3.255109672441834,3.1260634153306905,3.4794204992806828
9938038,2023-05-23 22:02:41,Stout,Cans,Electronic City,10,23.405551560586986,5.352938518602564,1.0686863968408358,5.850852573034636,40,17,1:0.24:0.11,4270,4702.076901214645,7.074249457207818,81.63122762325538,4.044466236331644,1.5305466197983089,2.4929131688160364
7721090,2023-05-21 11:39:30,Lager,Bottles,Koramangala,11,21.77144274203532,5.0032879420686,1.07258811359601,4.9791260351651525,39,17,1:0.21:0.20,1381,4668.153224408432,9.217176967302926,88.46527282338837,3.6493302151975056,1.0765645654724874,3.2141086202568854
6362169,2023-04-16 19:02:57,Ale,Kegs,Rajajinagar,16,18.068157620739967,4.686149736844848,1.0761191782549644,4.661860730361044,43,13,1:0.40:0.15,1105,9973.112884059106,6.767225331817285,89.47451887608713,1.788800801586869,2.802551835853904,3.144156613000179
757033,2023-05-15 11:57:19,Lager,Cans,Electronic City,12,16.98327261338913,4.642726637301598,1.0556554468926405,5.989737652209624,32,6,1:0.35:0.19,1897,10994.44756302846,6.731692552268809,70.23516502726848,2.5443594262441134,1.2635520697735547,2.851494899396336
8981728,2023-05-09 04:30:15,Pilsner,Cans,Whitefield,18,19.080092671648316,4.693754870532892,1.0308913637943045,5.011225963381215,46,5,1:0.25:0.21,3641,12136.594994861154,6.36373374876059,84.60821142517132,1.7265654725153303,4.222576358566291,1.2324402667100594
9565501,2023-04-25 11:23:07,Wheat Beer,Bottles,Marathahalli,17,19.07069548371105,5.2400757385365,1.035253323210943,5.744355067262965,58,18,1:0.42:0.19,1544,10813.79241625252,7.138496666258711,87.54221579357421,1.6219033484979906,1.5974055082420011,4.74454945330411
8734008,2023-03-30 13:54:03,Lager,Pints,Marathahalli,16,24.96266902994177,4.669981095607239,1.059293717562947,4.5568098007532924,58,8,1:0.49:0.15,3880,1162.734882167312,7.340674714250859,74.1048504173666,4.102803109211466,1.9448726038317248,2.224235861319536
3009255,2023-04-03 21:26:18,Wheat Beer,Bottles,Indiranagar,14,15.21011624837756,5.231820893862457,1.0402265067696863,5.1592822934553535,34,13,1:0.32:0.25,924,3312.55636472309,9.411350582552272,74.52276392325346,3.4546143650536383,2.398274641597394,4.616067134305679
1066541,2023-03-29 11:02:11,Lager,Bottles,Rajajinagar,18,17.83672322849987,4.510975890881452,1.0641161202530915,5.402483376339096,47,16,1:0.47:0.18,3465,12211.80744622063,9.66845260125907,79.70150576900608,2.3372345859725945,4.658772600210566,2.036735238423798
5452712,2023-04-25 16:59:37,Stout,Cans,HSR Layout,12,21.19770997927813,4.736036527982988,1.0667345270486517,4.85402380158127,46,11,1:0.33:0.16,4155,18078.683760715,9.86885265489821,74.36623436936942,4.615212128185599,4.0380968891319,1.3972911856048555
253197,2023-04-08 09:17:13,Stout,Pints,Yelahanka,17,18.709313052449183,4.786339792715359,1.0374201955667537,5.533555317900465,21,14,1:0.41:0.25,1376,6399.899668653743,6.099327599549978,75.87692337652297,4.753308929968691,1.8416385567274856,4.6181680443401145
8918939,2023-04-07 03:40:16,Ale,Pints,Electronic City,11,19.52138345617345,5.085612955593118,1.0530674629959738,5.879961277529452,55,10,1:0.27:0.14,3022,1832.3197635958977,6.669606816153019,81.61774461466194,4.78449589167938,1.756638957301543,1.2581520207041348
9799626,2023-05-25 13:56:07,Sour,Kegs,Koramangala,10,24.330504949879668,5.360788139339737,1.0382582867127934,5.646943048601034,25,12,1:0.30:0.13,3015,17866.600219915257,7.348359860408763,79.40227064556416,1.5910846233847589,4.13601039330081,3.754012948111943
419680,2023-03-23 11:46:48,Lager,Bottles,Koramangala,18,21.93315540644613,4.747709931890626,1.0316131141879157,5.163743092445767,28,5,1:0.25:0.18,1316,1260.5292911865622,9.369982569492498,83.66840558311681,2.6273373851700828,4.372736320122431,1.1420992835250297
5318361,2023-04-20 15:06:40,Lager,Pints,Jayanagar,13,16.15310970794723,4.878396627891911,1.0349151682494475,5.788785908646374,42,16,1:0.33:0.24,863,7104.864660556141,6.71693226541875,80.14373570813056,1.0870529273202725,3.6245693728835127,2.6317115243050035
9752599,2023-05-24 13:35:19,Lager,Bottles,Electronic City,18,20.958153169681943,4.515684953748545,1.0742119272094273,5.833555519112062,38,6,1:0.42:0.15,3660,6585.366754225869,7.0225610885903045,82.54725395841095,2.9611973423143594,2.264778762504491,3.728383079869781
4966916,2023-04-02 15:16:48,Sour,Kegs,Marathahalli,12,24.009071152199443,5.331171711739793,1.065769465291193,5.665605268124391,39,14,1:0.21:0.13,4959,10842.649915774113,7.929136452941737,81.01854807547898,2.0929709125019524,1.1392288358557874,4.40462376500174
5538837,2023-05-16 01:30:14,Pilsner,Pints,Koramangala,12,20.153696009949392,4.764282823514217,1.0755355840345662,5.185690172482619,54,11,1:0.40:0.24,2904,17607.28031317169,6.617634399345079,77.17848623002311,3.4360909171892824,1.5493055699246954,3.1693589094965517
4126809,2023-04-26 18:09:54,Stout,Pints,Marathahalli,12,22.95593070468553,4.759364255080795,1.0547504375985297,5.4187234844182885,54,11,1:0.22:0.18,2725,9065.745290783088,9.38207111176686,80.86834906387784,2.448642831195817,1.5415162240948246,3.653994754481372
4514704,2023-03-18 09:03:59,Porter,Cans,Indiranagar,16,18.730687734305757,4.866954541816724,1.078873150557868,5.5307703382626885,50,14,1:0.36:0.10,3357,1648.5637569690984,8.120538405343224,85.32297944992732,4.046004013488428,4.735669505151106,3.620620723328547
9436277,2023-04-29 21:18:00,Sour,Bottles,HSR Layout,14,17.087963663509235,5.328639372052474,1.058986000532289,5.793225111708137,56,17,1:0.22:0.24,4277,6230.278842635348,7.500040858155125,73.78158715504625,4.2971471405108925,3.009982457130177,3.114412510856737
1692183,2023-04-17 21:39:40,Sour,Bottles,Koramangala,12,23.368602950774694,4.635075911633889,1.0721488816763205,4.912236040129566,56,19,1:0.43:0.20,4316,8067.723805219819,7.431660621040127,73.15393579780961,1.6189407540380998,2.1968922375283944,4.36651912321948
8183901,2023-05-19 20:47:55,Ale,Bottles,Rajajinagar,18,24.3186455123547,5.485351573431695,1.0585258093020058,4.912563407305807,23,8,1:0.39:0.10,1978,18002.81547891651,8.15635518332421,70.6587430899025,4.843164325047789,4.472807008033293,4.319944345033068
3330095,2023-04-26 13:22:34,Porter,Cans,Indiranagar,11,24.64731747255949,4.50529394997197,1.073041638509777,4.945136874839737,26,17,1:0.36:0.17,4465,18972.29533991629,6.418082890577877,86.72211781006789,2.3073773869153067,4.014930996044389,3.7240424387971247
2505163,2023-03-17 20:57:17,Porter,Bottles,HSR Layout,16,15.264857285588386,5.125854429960641,1.0430626432107746,4.582076160282927,36,5,1:0.31:0.30,1691,9110.3066359434,6.899248795089285,89.06256293750184,1.94018888590634,1.4071673101141586,1.5984841395874447
3848360,2023-03-30 18:49:08,Lager,Pints,Indiranagar,12,19.339086706639108,4.588909941442353,1.068272942061474,4.822775267879896,34,11,1:0.21:0.28,3213,16529.957571779727,7.41967767211494,78.66258961683667,3.818288341378236,3.267825607063505,1.985283828192383
41700,2023-04-24 19:01:14,Lager,Bottles,Marathahalli,13,20.666946803072,5.032009619572857,1.042081609647621,5.584186806653378,48,9,1:0.31:0.12,3203,4830.992107024169,7.749142238236461,89.60361933885308,2.053203548026854,3.625549453108407,3.627579830330254
8264046,2023-05-14 23:40:24,Stout,Pints,Marathahalli,19,22.869512202716656,4.533690764473479,1.079669332003564,5.628849579614927,21,17,1:0.43:0.30,3390,3347.732779621166,7.69833934722373,79.35080261569468,2.6652876940043178,2.553616140200388,4.917420168981312
8594174,2023-03-22 13:18:56,Stout,Cans,Yelahanka,14,22.477992099427688,5.044282388274785,1.049409275395872,5.3411658718751935,41,13,1:0.23:0.29,4833,3548.7387068930566,7.346267186751047,73.77678621670522,2.17798426989109,2.425552643974185,1.7470907084710214
9069067,2023-04-18 00:37:32,Sour,Pints,Indiranagar,19,23.994232382851248,4.783022861856259,1.0481011155623905,4.6912694928227925,51,8,1:0.27:0.19,2078,1351.044832898329,9.52535027318394,84.64402272374653,1.816550301052709,1.9398308177771584,4.514237086909676
4086816,2023-03-15 17:05:55,Lager,Cans,Marathahalli,12,22.44519761613869,4.928595044524987,1.0457782333152257,5.61038494220146,46,13,1:0.43:0.11,3334,14804.103859307734,9.003901792215064,71.0673398249893,2.3037104757492863,3.5655327842293225,2.4692991096064505
6879263,2023-04-14 00:52:56,Ale,Bottles,HSR Layout,11,20.64101086245607,4.875058153755221,1.060249441566559,4.645629775909816,56,12,1:0.27:0.18,4652,14247.454256312638,6.765814196729325,79.79661653412022,1.5448929042895356,3.746734938461061,4.454869487354969
4433129,2023-04-09 02:45:06,IPA,Cans,Jayanagar,16,18.12637391183666,4.887164593127857,1.0784682768293548,5.329734296328364,28,11,1:0.38:0.23,3407,15910.844511890922,8.510467091425088,72.90161927354045,2.7354910111329342,4.815758510627834,3.8987121125415634
6811669,2023-05-11 12:12:15,Porter,Cans,Marathahalli,12,20.983595224635916,5.086866157236659,1.065297370934759,4.905166122623642,54,9,1:0.26:0.11,846,16846.746126801176,8.041729069126315,85.86825361755842,2.0084851659295766,3.574258506074412,3.3680269991585345
3100188,2023-05-09 06:06:07,Stout,Cans,Yelahanka,19,20.31980456422063,4.895548841007989,1.0683384345632905,5.639093891764954,55,6,1:0.25:0.22,912,16863.336017235062,7.556889080416081,88.89464967728937,4.21815192914355,4.727329001235315,3.5946138947254087
4706029,2023-03-20 10:32:28,Wheat Beer,Cans,Marathahalli,16,17.362762134901978,5.005236668373001,1.0562262627143757,4.606446915425894,27,11,1:0.28:0.25,4340,9961.468753232242,7.86141420020002,76.59291821671447,4.93186883088817,4.104718792784964,2.545210324030966
7163375,2023-04-02 11:23:15,Porter,Bottles,Koramangala,15,24.748521046639752,5.476503045830067,1.0370638914203385,4.642104409526686,51,14,1:0.27:0.21,2227,2851.11724767944,6.233536550034111,88.76414473896699,2.792784878376804,2.1783100069585504,1.7876542484184692
3971545,2023-05-16 11:02:13,Stout,Kegs,Electronic City,17,17.567060673813327,5.292774987236057,1.0598322476196669,5.986643055866175,28,17,1:0.33:0.23,2182,14734.396613181174,6.9648369631178015,83.50034288544896,2.054814061279068,1.7885994159345575,2.0307371084817096
1182252,2023-03-17 13:17:07,Sour,Pints,Rajajinagar,16,23.887503828347327,4.874570562451944,1.0304719293587643,5.710407792804109,33,13,1:0.49:0.21,4335,7221.274345397682,8.880651768786405,71.93901252811999,2.908600638706592,4.762493580023364,1.1316618921398711
8485165,2023-04-27 12:07:57,Sour,Cans,Electronic City,10,24.968314917282328,4.627321285277761,1.0512295886434286,5.776894141410709,59,7,1:0.26:0.23,2789,15997.48826097754,6.388754715557777,72.71384673085821,3.8328477663864073,3.090628738060884,4.689915680564415
2864966,2023-04-13 18:05:57,IPA,Cans,Electronic City,13,21.873390649778223,5.062258649228994,1.0410716554227295,5.695684704346954,48,11,1:0.45:0.28,3789,10979.700129967565,6.828435222520946,76.90509388216938,3.4941682304832837,1.0449285107859838,1.7890107017566068
8756186,2023-05-02 21:45:14,Porter,Pints,Marathahalli,19,20.812689550999888,4.745473002588689,1.0378441909413012,5.260164550364379,35,7,1:0.20:0.13,3424,6631.375770120266,7.70560409666645,77.0285954287504,1.0543074056690864,4.303503903328155,2.023834135416959
5320596,2023-04-12 14:28:43,IPA,Bottles,HSR Layout,11,15.038321240892106,5.435308292164782,1.0514712513836832,5.494243950279439,46,16,1:0.29:0.14,4804,19672.090107712866,6.825369143049501,74.68657178362744,2.7000358170139203,1.252420594826798,2.7684161448713835
3085965,2023-06-11 02:58:14,Porter,Kegs,HSR Layout,11,17.519340048824333,5.466153513563537,1.0407850260747402,5.371902831052501,35,9,1:0.37:0.16,2220,6642.410932070187,8.472741272325345,70.81062321024642,4.300011976538089,4.935103585310747,1.497854748693689
9968078,2023-06-25 02:13:50,Wheat Beer,Kegs,Indiranagar,17,18.48319967024763,4.500919139034349,1.0797842142568592,5.913514066778453,46,15,1:0.41:0.16,2242,3923.773843942692,9.610291807063746,76.84122027066658,4.78672835924871,1.3511925111109622,4.708820252432217
4278036,2023-06-16 09:42:56,Lager,Kegs,Koramangala,18,15.848348619587926,5.199225461537463,1.0747071601150318,5.336413137192968,25,7,1:0.21:0.23,3627,3781.407165580599,9.949443747475428,85.53139143824035,4.448621212173105,2.819421091674996,3.897852664166429
6447675,2023-06-15 07:32:32,Stout,Kegs,Rajajinagar,15,15.073466249545492,4.711343520276798,1.047954290113937,4.725476969842924,30,14,1:0.34:0.26,1246,4711.292673161968,7.911124967621914,79.974248575223,1.9129153634710496,2.471314745103872,4.945732369779398
5306945,2023-07-25 15:49:11,Lager,Bottles,Jayanagar,14,19.081478128083425,5.383929580554971,1.05630566598202,4.940076568876227,51,15,1:0.35:0.12,3213,17922.289386976146,9.64964617702493,75.98435189123201,1.58459558360153,1.686213664287263,4.192729900599273
4843872,2023-06-19 18:56:28,Porter,Kegs,Malleswaram,12,18.411002194680037,4.638727296370071,1.077589667949083,5.615671054528795,26,17,1:0.39:0.17,4824,16614.35416129337,9.17161590970778,73.87789983868151,3.040975863416269,3.733437048165517,4.50422367918741
3454829,2023-06-27 11:00:55,Lager,Kegs,Yelahanka,16,17.467147732520417,5.377929466579738,1.0516761211453212,4.778604691875082,22,16,1:0.36:0.25,2429,5041.317079519404,6.424410642092176,72.40882198813463,1.8039279445683087,1.8313165695983176,1.6047836880820796
3495839,2023-07-30 13:43:55,Sour,Pints,Malleswaram,18,17.030920168466753,5.019961967643558,1.047243199286307,4.701919143400553,27,5,1:0.44:0.28,4374,13741.61186670388,8.697752399072467,77.61709118792604,3.525363016003026,2.2380921404824097,2.7203438977758063
1941813,2023-05-27 22:07:48,Porter,Kegs,Electronic City,14,19.798669750471323,5.301693305372872,1.0679562728683376,4.65363514077894,34,7,1:0.28:0.20,4984,1597.356890726408,6.824606140244301,89.90814501639353,3.623594800635698,4.983612813428765,4.523955933254443
1772909,2023-07-21 19:36:15,Stout,Bottles,Koramangala,18,15.029182390098413,5.131927272217423,1.0559749294452383,5.096999268733165,34,5,1:0.43:0.26,4685,8020.558909341992,9.180573262760204,71.05172255363458,4.548235333544762,4.456167744706381,3.0407157999742336
9434110,2023-08-03 23:02:50,Wheat Beer,Pints,Malleswaram,13,15.454397648599802,5.483365200285081,1.0425384567220797,4.896868294799231,40,17,1:0.48:0.15,1443,1821.6221000251192,6.817802561179193,88.60483740038623,4.597124664097121,4.832098508879508,4.942577601253298
7388004,2023-07-11 02:23:12,Ale,Cans,Whitefield,16,21.4475723968796,5.043642022246235,1.048624687787234,5.307346663134541,34,5,1:0.48:0.19,4716,4718.114289068453,9.888308949600496,88.20203880161048,4.612095679009439,1.6325339115536055,4.424958617848048
5182864,2023-06-29 15:02:50,Wheat Beer,Pints,Koramangala,17,16.250848911909294,5.09280302013517,1.0717915421096262,5.770720802102614,50,16,1:0.45:0.12,560,12046.373722177605,9.31060456523058,74.02858124658698,3.2311007586726066,2.7440127691282084,3.592381808954515
393878,2023-06-26 12:15:38,Sour,Bottles,Electronic City,15,15.027068391685996,4.501340459919392,1.0526882999643878,5.548978934269425,38,18,1:0.35:0.28,3988,5959.313967072677,6.021213165184651,71.47168981872191,1.2778347682498366,2.671522257338169,4.866414965544116
7817042,2023-06-10 22:24:13,Sour,Cans,Rajajinagar,11,19.76270960485013,4.626960444193336,1.0689142621864716,4.94928024756023,44,16,1:0.29:0.15,2627,4789.638231741603,6.305632993508004,80.30559349553661,2.623079317793804,2.809136628183896,4.019258552505871
3820401,2023-07-27 06:19:25,Sour,Bottles,Electronic City,15,19.61148249789225,5.459835124895133,1.067320923526469,5.358117967403315,45,9,1:0.24:0.10,777,11040.137858785884,6.947462661202903,76.61112572838277,2.098142031545533,2.3099033975813392,2.6632380380712464
9848125,2023-06-07 20:11:15,Wheat Beer,Bottles,Whitefield,17,16.66292429628438,4.868133117813849,1.0437168319559291,5.203634792588034,22,8,1:0.47:0.19,913,13572.042446510077,7.682728574374058,72.86877779644767,4.964936053480379,3.29888112361753,4.790567470190493
4579642,2023-07-06 01:39:11,IPA,Kegs,Marathahalli,16,21.131440061930665,5.099821605049849,1.0416759935669175,5.114128293711015,52,5,1:0.30:0.19,1859,13616.490379995506,8.717337285791555,71.07896492644947,2.870570026294999,2.4266722577631694,4.478954822688907
8559498,2023-06-15 11:04:01,Porter,Pints,Indiranagar,19,17.3762898545902,5.3479982653226,1.0350831313939128,5.227907208754106,20,13,1:0.46:0.29,1474,3155.3195155165013,7.6828095715633715,71.64977504147303,4.069443222096737,1.1788013318383936,1.9193465701475447
6778242,2023-06-29 14:30:55,Wheat Beer,Cans,Rajajinagar,10,17.057713838412518,5.162415927230104,1.0730074609908518,5.079138982280094,39,18,1:0.44:0.20,1360,7695.99202517803,9.052781394352188,88.56884594899341,2.280428148095449,2.317678136237506,1.482516249332403
6382001,2023-07-10 14:56:03,Pilsner,Bottles,Whitefield,16,24.40031377996242,4.641416557936359,1.0589774538505206,4.62897266058273,36,16,1:0.29:0.27,3387,1802.05263974553,6.928245731194715,86.64107069593192,4.461811975030425,3.176162619765324,3.204443821244843
2955257,2023-06-24 07:47:51,Porter,Bottles,Jayanagar,14,18.191954103488413,4.540635431627136,1.0560389453506005,5.084818328498183,58,17,1:0.35:0.27,2210,3451.8108412432525,7.468605103888262,84.91157923280775,3.644675972974229,1.145831524028233,1.790046296279074
6960929,2023-06-21 07:04:19,Wheat Beer,Pints,Jayanagar,16,17.947805595705333,5.134213007120743,1.073026844747719,5.504521795755165,57,6,1:0.24:0.25,3193,7684.321660595331,9.226864310536914,74.8877836834348,3.151107904737494,3.58888834058151,3.658286072786608
2249039,2023-06-07 00:39:13,Pilsner,Pints,Malleswaram,11,17.097685327645536,4.86800475237163,1.0676099195522912,5.10456939469316,53,7,1:0.24:0.12,2626,9451.209678652634,7.527166484092609,89.95371757440176,1.5310397673865972,1.273329760212958,4.995538161066154
9623382,2023-08-01 02:03:49,Ale,Kegs,Koramangala,14,23.528298949050992,4.63392593698956,1.0512199166652647,5.061290639349693,25,9,1:0.28:0.18,1604,19239.05537137957,9.24402816014785,84.86209266063398,2.788900822165685,1.735384529006116,2.463262719784019
2035961,2023-06-13 08:18:57,Stout,Pints,Indiranagar,13,23.27121545591756,4.68759604506312,1.073117220427877,5.647357995533286,50,9,1:0.40:0.29,1567,14797.36316928348,7.134543324196216,89.99169606061683,3.8654169838090136,3.069032523403831,1.2454084383325903
71814,2023-05-27 10:45:16,Wheat Beer,Kegs,Indiranagar,19,20.83893368853373,5.4458972105638175,1.0398469223025424,4.50523061907421,40,19,1:0.38:0.19,1907,15296.248186696415,6.321134070169949,84.90253746436625,4.622906977937768,4.864740190756868,4.521207684076009
2215013,2023-06-19 00:53:16,Lager,Cans,Yelahanka,10,15.204645560047767,5.445925693670237,1.0417322447684587,5.498853732215679,28,19,1:0.50:0.27,4439,3015.545055750892,7.743248004744032,82.10005027396619,2.4712946559939453,2.863358857785628,1.8111651365465893
9824416,2023-07-27 19:27:39,Stout,Pints,Jayanagar,17,20.216276333146748,4.787256892982431,1.0398212364137158,5.93783585186267,41,12,1:0.26:0.11,3846,15311.706792397852,9.65404202882316,76.45235754519078,3.81139978240798,1.82441118393043,4.567860654357929
2687872,2023-07-03 06:46:41,Sour,Cans,Whitefield,17,22.80239591342372,5.060901183054132,1.033661111571483,5.033951258613116,31,13,1:0.49:0.11,1292,3888.049373112751,9.63910290850088,71.33836147762835,3.3907989080366594,4.126956885227352,4.4063839458704654
3917752,2023-06-07 17:40:42,Pilsner,Kegs,Koramangala,13,15.29943644936673,5.211500331493552,1.037567232574231,4.890525137269695,49,13,1:0.37:0.18,3268,3921.647896517925,9.114288285807527,82.38298542127356,3.089865019718147,1.524568294865051,2.7175781149911704
9599712,2023-07-03 20:05:45,Stout,Cans,Electronic City,13,20.26451105336572,4.71400664597751,1.0720653358340273,5.768080672158289,21,8,1:0.32:0.23,3444,15800.282827449995,9.98590951697957,83.61144581578685,1.9194547054856312,2.8761374796639805,1.2009821536458318
4666471,2023-06-29 00:47:45,Pilsner,Cans,Marathahalli,12,22.77194417259992,4.883589231891337,1.03902622591099,5.651234802557466,32,10,1:0.45:0.13,2515,15692.362394456355,9.222084797412776,81.19189926979942,2.7256705089819686,2.609732371561083,3.3685835112019205
7581471,2023-06-07 15:32:29,Porter,Bottles,Jayanagar,17,18.77417178856671,4.501263859322628,1.0430544088396934,5.160041530277633,47,16,1:0.39:0.23,1120,5729.652032692952,6.621721707056827,85.19052231116225,4.3074965048630265,2.697935267544842,3.3151122784893725
3188264,2023-06-22 02:54:30,Stout,Cans,Jayanagar,15,23.893884003947637,4.671845712645963,1.0521423878425638,5.881732209397931,21,18,1:0.37:0.10,1123,17596.044759914243,9.60019398388869,82.77750288905351,1.977598396314052,3.021163237350233,1.4524046966648672
3634205,2023-07-28 16:27:00,Sour,Pints,Electronic City,17,23.33289304383075,5.261196282419363,1.049789096472815,5.342434081344648,46,5,1:0.33:0.11,3551,19121.928566646147,6.701879068619471,78.61653198373679,3.711359175251187,3.8332655229531145,2.7439744326296696
2680263,2023-07-30 17:29:50,Sour,Kegs,Jayanagar,19,18.970553838256148,4.901304243048597,1.0465730797868067,4.593756476620283,42,8,1:0.33:0.20,1280,16299.194295494215,9.860519866864363,76.69002722805128,4.380780039483848,4.953574417349807,2.8935612930082804
4678830,2023-06-15 21:04:41,Ale,Kegs,Jayanagar,13,16.823138108844148,5.384277640631487,1.0605656497558935,5.517894655133436,25,5,1:0.49:0.18,3110,1760.7058793246408,9.328387277883303,72.93280390264782,3.05561965289822,2.248974770328774,1.063717573464245
6681938,2023-07-31 08:00:17,Lager,Cans,Malleswaram,10,18.47675104192323,5.447183030031167,1.0686447266529078,5.863794606982727,52,7,1:0.29:0.22,1077,14274.081560096629,7.522891453303703,72.13761410139459,4.530415364884153,3.572759851992023,1.3620435254119143
5807325,2023-07-04 11:26:21,IPA,Cans,HSR Layout,18,23.082320718523285,5.235659374481386,1.031287393945762,5.767172405315742,40,8,1:0.26:0.28,3322,17536.956766905827,7.232140629016895,80.53311015585267,1.2228634630326298,2.528304153159392,1.5519399490045718
2155025,2023-07-15 14:58:06,Ale,Cans,Electronic City,14,15.19855621082981,4.58987399314919,1.0636817209382865,5.89039603632741,36,7,1:0.45:0.11,4727,13752.379041153446,9.895567244617084,76.53172720806089,4.516355706996347,4.494435421842015,3.668796049103293
3096048,2023-06-02 04:54:35,Pilsner,Kegs,Marathahalli,17,15.994837326801829,4.756812682248036,1.0388928984477552,5.271709406777076,59,11,1:0.32:0.14,1621,4745.892453398979,6.2364394836868815,83.61217258230786,1.7025188356776004,1.4818642073121184,2.194190480528358
5379917,2023-07-01 22:04:27,Stout,Bottles,HSR Layout,19,16.14628098624367,5.418250875286435,1.0590268810718686,5.882854028672191,34,14,1:0.34:0.11,1573,18471.655360717414,6.2597773256716245,78.69150984750475,4.858258190940054,4.912413229759132,3.1056050435883065
9044126,2023-07-11 22:43:42,Porter,Kegs,Indiranagar,12,19.97134712484364,4.973962237127474,1.0444528776442508,5.81019167856835,25,7,1:0.43:0.10,3653,12531.124036153478,9.740435197697472,78.62668367615686,2.963797608922973,1.3008001835504728,4.897222616513407
2812136,2023-07-10 01:48:02,IPA,Pints,Yelahanka,17,20.81807607422301,4.909607370588022,1.079402148428373,4.550826055705808,38,10,1:0.33:0.29,3608,2342.979368026483,8.185850611675184,84.94730400740418,1.792160024231729,3.2587674660644965,1.7291495174379472
9819571,2023-06-23 03:05:33,Ale,Kegs,Malleswaram,15,19.63383540715281,4.673372813217989,1.0345223619348909,4.682530297092213,58,19,1:0.32:0.12,3808,16430.70086871531,8.36492166464954,70.21651701845309,2.976502196187067,3.012977528276532,3.23507072328798
9976366,2023-06-17 15:52:09,Ale,Bottles,Koramangala,15,15.039732174645351,5.38737704513756,1.0725187040067703,5.673691579262469,31,17,1:0.22:0.13,2181,18809.464240526297,6.524037711619036,75.49537893182814,4.2777664749047695,4.541678384892659,1.504111344402339
2657147,2023-07-12 14:27:32,Ale,Kegs,Rajajinagar,10,24.303115824396325,4.805329922281058,1.075934694455002,4.5486465147938,37,17,1:0.26:0.14,4658,7931.980671301222,9.093930414879514,85.04972974660612,4.465527643287409,3.273834441094289,1.7258269474951755
701674,2023-06-08 11:57:46,Pilsner,Cans,HSR Layout,19,22.08658756230337,5.3284375791536345,1.057700383299785,5.7941795761474815,20,10,1:0.23:0.26,1065,3061.6691665908565,6.931913405564515,80.65567334107381,4.725837142583871,3.5485864024000486,1.3995750743410231
4577236,2023-06-15 10:36:00,Porter,Bottles,Malleswaram,12,21.74415405268409,5.211243014128296,1.048309328589099,5.837976510471639,42,7,1:0.29:0.25,4309,4154.952618943222,7.967478916532319,74.73867196330256,2.9716671438221245,4.793192797858172,4.415048935330379
5942021,2023-07-03 19:30:24,Wheat Beer,Kegs,Koramangala,18,20.70442397848265,5.041002437834835,1.0622261887793207,5.788091702255065,46,19,1:0.22:0.14,1475,14359.449354259,9.961539831466672,83.17475448850337,1.6226769880478824,4.716081357638584,2.291659603386455
3209539,2023-06-29 21:54:51,IPA,Kegs,Koramangala,11,24.11572728236604,5.32923351423816,1.0380040664894532,5.670305113099788,55,6,1:0.26:0.27,4398,11838.141325733295,8.35552200056014,85.29728329331974,1.2823222933577916,3.424133248774392,1.0822146597932
7649122,2023-06-27 07:18:45,Ale,Bottles,Jayanagar,17,21.56640830477579,4.859976791347096,1.0725846633361646,5.508353526254422,47,12,1:0.46:0.28,3341,18210.80234176004,8.924659151149154,76.91220809928453,3.747607735853466,4.610074122327212,1.7006986248332383
9960624,2023-07-24 01:53:42,Lager,Kegs,Electronic City,15,22.7978464601424,4.750582126548434,1.075920160247792,5.545817938609057,42,16,1:0.36:0.29,2872,11934.558385418755,9.054488743709824,73.07675715489009,1.5481235058765814,3.952818551190572,1.1330089879520355
797312,2023-06-10 09:54:41,Ale,Cans,Rajajinagar,13,17.88943674010862,4.650321603352532,1.0479725542021183,5.773393984477731,51,19,1:0.28:0.26,2240,10733.297952881296,9.429134228800631,74.90000351194132,2.9380526981748325,2.334513340363596,3.8722158370054207
530100,2023-06-29 15:47:54,Lager,Kegs,Indiranagar,16,19.21231725172765,5.485863617971392,1.051263733395178,4.971572162895155,24,15,1:0.27:0.19,1545,15118.705321310032,6.960693325852253,88.75439526805532,3.2295779906573183,3.0045750050025104,2.911583988998582
1019115,2023-07-04 01:58:49,Pilsner,Kegs,HSR Layout,12,23.5615260383812,5.3700312163111015,1.0333708113703497,5.793464846277627,36,12,1:0.31:0.20,4759,15790.157595528475,7.4158007454801,89.65223533114369,4.730901361891911,3.9148330085533978,2.7240804925351663
3024578,2023-08-05 00:31:19,Sour,Cans,Marathahalli,17,15.720678647017628,5.198768856323818,1.0581935774732465,4.8000255762152415,57,11,1:0.48:0.25,2084,5429.070025016485,7.691794371553952,74.41142078423748,2.652805263372888,4.011239456212978,2.9204215373137705
9247258,2023-08-02 13:15:52,Ale,Bottles,Rajajinagar,18,24.45846760665481,5.252324838700903,1.0689514947468934,5.544362120300882,39,8,1:0.31:0.15,2055,15290.870535637248,7.17357329611448,73.66316275995892,3.3686181223525278,1.0711453419176142,3.0477016990659647
974022,2023-06-28 19:10:07,Sour,Cans,Yelahanka,18,21.055928883350774,4.718822356994174,1.0486847900697969,4.857425309210082,41,14,1:0.23:0.21,3048,13380.504056841057,8.13953842018584,81.39239047125645,1.46925337987234,3.723787165095741,3.655105481684395
776527,2023-07-27 12:06:50,Pilsner,Cans,Electronic City,13,19.25569696333725,5.302974690128115,1.0541350215392138,5.892333282932939,51,6,1:0.49:0.15,2184,9519.152545800647,8.608419071245333,82.36487070142401,1.674770688656083,3.6124293225439095,4.457799607554675
1689966,2023-07-21 04:55:47,Porter,Pints,Marathahalli,11,24.48161999055405,5.349285621867115,1.0628787999563736,4.926438876230377,27,18,1:0.32:0.18,1059,5644.491945212942,7.988878461296245,82.00799936036782,4.365552647679452,3.886737228697092,4.931672195922621
4794828,2023-07-07 10:59:16,IPA,Bottles,Koramangala,19,24.877666031185363,5.001112237215136,1.056034774629842,4.5567680149419605,25,15,1:0.27:0.14,3240,8332.461254458867,9.75503955147128,82.8219489610162,4.5685632320108684,1.4320221122838903,3.4043366628952034
3371961,2023-06-11 15:48:07,Pilsner,Bottles,Rajajinagar,11,23.356696758310434,4.938238124794057,1.0582572955451837,4.574773840804972,54,17,1:0.35:0.15,4848,5360.505434016283,6.619568011748398,79.3211243294668,1.1522373412346552,1.6007788470511035,2.207377413629408
9502084,2023-06-15 23:45:20,Sour,Cans,Electronic City,12,16.010011552506565,4.512022523635259,1.0731761997229028,5.698328450624786,31,8,1:0.22:0.11,521,14348.551123099822,6.019725773460209,73.11287427926709,3.805028546173131,2.889272240386421,2.067270997179348
5769587,2023-06-10 12:38:34,Porter,Cans,Koramangala,19,23.98296226608856,4.782731685361058,1.0558859900807545,4.585057052161003,22,11,1:0.47:0.22,4064,2470.659204820683,8.587690849040888,78.85172872132904,3.5331165892481926,1.9815479885399467,4.6978294011058335
9439096,2023-07-07 16:45:54,Stout,Pints,Malleswaram,15,15.631519759719309,4.84535389345348,1.0601588443669083,4.757219562580989,37,14,1:0.43:0.27,2663,6758.617263313657,6.214934624317294,87.78398701734541,4.713301672411748,3.764720808086456,2.543698103860876
8798862,2023-06-20 11:40:05,IPA,Bottles,Indiranagar,19,21.574920420057463,5.277797272305678,1.073675925357228,4.614853899602309,44,16,1:0.43:0.19,4015,12570.580390543715,7.5956520660627955,81.21804114060853,3.251482267492351,3.4694829661197586,1.7587190603007188
1979181,2023-06-19 06:02:31,Stout,Bottles,Electronic City,13,23.543374484899395,4.56041933822258,1.0612057403971262,5.461436701616071,41,7,1:0.39:0.19,2729,11269.146813425255,8.338611704388473,83.43294174177429,2.1544908539633862,2.527984437301417,2.925517104529003
2893950,2023-08-06 17:04:30,Ale,Cans,Electronic City,19,17.159327739215325,4.648049932032684,1.0373472529256564,5.132798796187219,30,8,1:0.33:0.15,3873,17237.89150943832,6.487211428126413,86.83415064844122,3.921350300467804,2.374043926346669,2.931193272439488
45258,2023-06-04 14:12:37,Wheat Beer,Kegs,Yelahanka,15,23.64487147022155,5.312481323750279,1.062719105035549,4.667550657094409,59,13,1:0.45:0.18,593,10557.630345885716,7.059779864915466,87.95354871219286,1.9937480237709977,3.2279984922190845,3.043506967099266
9258129,2023-07-02 14:59:17,IPA,Cans,Whitefield,15,16.290186223965172,5.096549474611277,1.0653849467133958,4.542214190293415,32,19,1:0.49:0.20,4774,4049.88909053159,6.690253392732354,80.98169788084299,2.10176896102555,1.7449972607772644,1.2606985656184024
1245664,2023-08-05 16:30:36,Wheat Beer,Pints,Rajajinagar,17,20.17795448630706,5.094134120391868,1.0603043129399512,5.219866410654536,38,15,1:0.47:0.29,2508,19855.146131381025,9.811544963985911,76.43295479091856,3.721241545359567,3.633767978123299,2.994996549873591
56666,2023-06-14 17:09:59,Lager,Pints,Electronic City,12,20.1413086871771,4.905952144242057,1.0627914829400311,4.672860849568758,40,9,1:0.47:0.29,3927,18582.260681092564,8.567127345714447,87.14391587216326,4.438907814797078,4.336976540091472,4.899758464661637
5032040,2023-07-28 02:25:04,Ale,Pints,Koramangala,13,17.92108297811771,5.333141155667236,1.0792659260543775,5.443645040791081,40,8,1:0.47:0.23,3967,4005.705471141053,7.035122104474048,79.2554013726218,4.49234670544828,2.466403459550061,2.269270985643526
4376800,2023-07-08 17:18:59,IPA,Pints,Jayanagar,10,17.487705361662435,4.720623008768342,1.0381911822582748,5.8789892282748095,58,9,1:0.41:0.18,1887,18876.24979880236,7.251607915497107,72.24812325250412,3.3372164078911,2.2739298020554606,1.5080937268509542
4994619,2023-05-30 09:59:48,Ale,Bottles,HSR Layout,18,22.92671114801141,5.343422208631504,1.0552033643393388,5.035794464690111,40,15,1:0.23:0.21,599,8587.094551388676,7.745382870966991,82.01614335004757,2.1036742101172816,3.5945411471212174,3.984981411813013
222019,2023-07-11 20:35:36,Ale,Bottles,Jayanagar,19,17.361509930474803,4.942110548572163,1.0770291324672387,5.951000945984136,57,19,1:0.38:0.29,1171,5045.144249139435,6.612069617410927,78.61623690777265,2.664825057005619,2.1718793124511917,1.9373965108122888
1200973,2023-06-29 21:32:53,Stout,Kegs,Malleswaram,11,17.53237072101545,5.045842760676225,1.0654317612733597,4.875681138570522,21,15,1:0.20:0.24,1893,13282.315326130942,9.401969923868128,70.64702093927461,1.6895719220816674,4.807033662322564,3.238622804056383
3012931,2023-07-31 22:06:41,Porter,Bottles,HSR Layout,11,24.61964995608048,5.4205242204925765,1.0388703015298273,5.468952573050953,28,14,1:0.34:0.24,4028,7835.756335934544,7.38855875345001,75.51257143969578,1.384396764888108,1.990221551318208,3.747418295615201
6956086,2023-07-08 12:30:25,Porter,Cans,Electronic City,16,23.000967582749592,5.035620244234807,1.0537695607116364,5.278193945219876,40,11,1:0.33:0.26,1714,13055.104206686776,8.859118684080604,74.86009192005616,1.751559488409801,2.372480446336517,3.3248612796932986
9793879,2023-05-29 22:06:08,Wheat Beer,Cans,Whitefield,12,20.34855635610525,5.174134232945402,1.0713034618864927,4.769698624066891,52,18,1:0.26:0.26,1744,1064.506936705087,8.889390201024419,81.57592426382182,4.281858789708666,4.172901920562177,2.585115116919227
8748663,2023-06-11 20:24:46,Sour,Kegs,Yelahanka,17,16.289836497004934,4.989347436578404,1.0610676261452614,5.120483446131762,45,19,1:0.33:0.17,1811,15479.979347127295,8.045660151825091,74.98940337776956,4.517688997764389,1.673218362932304,2.6303977958833555
9698345,2023-07-06 18:13:33,IPA,Cans,Whitefield,14,16.51229155202899,4.770447974250709,1.0672745591539667,4.625751945001161,48,18,1:0.38:0.16,1717,8310.609179282552,9.159550314990144,77.82919502871965,4.623730121529178,3.841961621935879,4.353854908735362
119348,2023-07-26 23:56:25,Sour,Cans,Rajajinagar,16,17.899719450943817,5.44364557035946,1.0348116497704671,5.251927771934313,23,5,1:0.49:0.15,1548,9445.529875887963,8.001514360421476,77.41312861180505,3.250277240204309,3.3713995761787627,2.0756604233576765
6765529,2023-06-03 15:05:22,Wheat Beer,Pints,Koramangala,15,21.465949679470132,4.733340786445233,1.079461301898515,5.382576182861731,47,13,1:0.29:0.10,1371,10101.43544595996,6.3788198066362565,73.44385899457063,4.953413133987853,3.738178944068266,4.105018462256854
170418,2023-06-30 00:35:08,Sour,Pints,Electronic City,18,24.8066038411161,4.77360551716938,1.0355847092599249,5.7802752707033465,25,17,1:0.23:0.29,4612,8411.2368292637,7.902989354453648,77.32026282553552,4.198221640644238,3.312289410151496,1.4493221091798598
1243026,2023-05-27 18:42:15,Ale,Kegs,Electronic City,17,17.671222260298105,4.877865036459088,1.0435640126058765,5.65561915921581,40,7,1:0.44:0.25,2290,15399.132133601986,7.087067054323335,75.02403957067585,2.8932151618476825,3.492833832147278,4.0910290413042585
5935363,2023-06-26 01:10:14,Pilsner,Pints,Malleswaram,12,15.35881362725291,5.350345079586515,1.0503604599975238,5.768304773955522,55,14,1:0.38:0.24,2514,17869.376276467858,6.360952677351345,78.01136478422154,1.608921870715101,2.687510405301719,3.360798576064562
9532600,2023-06-21 04:20:53,Wheat Beer,Kegs,Electronic City,15,24.08950199627258,5.343248699647638,1.064022307494264,5.867447191139588,44,7,1:0.32:0.18,3009,14954.144820982054,9.438955836929471,85.75175064113039,4.541923927032023,2.5738323346922964,2.9800842616798
1841164,2023-07-23 11:14:18,Pilsner,Bottles,Yelahanka,14,21.166693107942063,4.844339183602998,1.068936016588047,5.810409136659369,37,12,1:0.35:0.30,3356,18318.479254568083,8.414023135043927,78.73810035055473,1.495650879401059,4.652007623846913,3.3428340767901665
1333763,2023-07-21 06:25:08,Pilsner,Cans,Yelahanka,17,23.399307280900288,5.342034948188545,1.0712882195142734,4.939512323659834,26,18,1:0.24:0.16,746,8978.234555583032,6.613616309321937,79.97384810736682,2.3661787194929174,2.019109981055438,2.228115162933757
8041800,2023-06-01 12:21:59,Porter,Pints,Indiranagar,11,20.909546862092668,5.499430098258777,1.0325173749583318,4.542817906519964,35,9,1:0.25:0.15,673,15193.688937879988,6.863205815958684,74.50108590813014,4.959787262735925,4.9860104616723575,1.4995829720388936
608040,2023-06-14 13:20:08,Pilsner,Bottles,Malleswaram,13,21.356024483041733,4.878061498301862,1.031249432026456,5.811050481504598,59,14,1:0.30:0.30,4118,16542.23968988019,8.387227000254107,86.36182559877,3.726850597544765,4.651549710337948,1.4712308246300516
7873884,2023-07-28 12:15:26,Wheat Beer,Pints,HSR Layout,10,15.135869288790811,5.354444687113856,1.0735046848288945,5.06936655804031,25,18,1:0.40:0.11,2319,19802.559457991996,7.737989834172946,83.89954758214982,3.284530545094493,1.7188759107173293,3.175281516362967
8951986,2023-05-29 14:38:13,Sour,Kegs,Whitefield,13,17.295053274266984,4.554481981253236,1.0493418473320375,5.736451011672912,33,5,1:0.28:0.14,3905,6014.796959553394,7.746844918867566,89.63087474178442,1.2170909181768317,1.953369967354441,4.620564275172709
6645197,2023-07-09 10:36:46,Wheat Beer,Pints,Yelahanka,12,23.046822483305355,5.072507526198639,1.0517631992647267,5.482948577863306,42,13,1:0.46:0.26,643,19621.796091603654,7.259310131738771,89.47784534687042,2.491499734741661,4.293470761713507,3.0909694304588777
2008756,2023-06-25 18:40:39,Wheat Beer,Pints,Jayanagar,12,20.23435745453828,4.827806628146905,1.0779306291130566,5.016487909066032,31,11,1:0.34:0.20,3789,15798.639118467298,6.299094817500924,78.79768225101779,1.2921724084057788,1.8484288234623287,3.041320904587207
2667805,2023-07-14 20:19:22,IPA,Cans,Malleswaram,14,15.03570652732062,4.721260245446422,1.0411846354058456,5.917917068467277,46,7,1:0.29:0.20,653,17413.2785878106,9.194779986969372,87.5299744367595,1.2473467862915726,1.092993281132168,1.295882958025122
856672,2023-06-24 15:23:06,Stout,Kegs,Malleswaram,13,15.165274191036213,5.492665418878405,1.0704090193390758,5.006592689306855,49,16,1:0.34:0.12,4964,13987.374790472615,7.737707599980352,70.21903511777845,3.951818229280083,2.3140899121039697,4.895426764174784
3649389,2023-08-23 06:28:44,Sour,Cans,Rajajinagar,12,21.70493913974256,4.947607263117471,1.0312453387000522,5.953909716176236,36,15,1:0.26:0.20,4278,1619.2795368891648,9.51999066408333,88.13571344695343,1.1579506219324536,3.050895610800289,4.521342671196518
9157930,2023-09-06 06:38:13,Wheat Beer,Kegs,Yelahanka,10,24.078025844373844,4.898105112956149,1.0522259898966813,5.83687647024569,34,17,1:0.47:0.10,4230,16781.99545341143,8.039403732727136,74.4032198354012,2.052933998134207,4.14983161211492,3.613498362934771
889620,2023-08-28 12:51:50,Stout,Bottles,Koramangala,11,20.06397726431318,4.592531526420137,1.0446385992236251,5.666609954583151,52,18,1:0.32:0.16,4452,6522.408465784141,8.251309882757875,84.22032510207848,4.5262164018022,3.418541006771003,1.6571845332793185
6214032,2023-08-27 10:39:58,IPA,Pints,HSR Layout,10,17.079076119428102,5.350641720741307,1.0598978092532878,5.053795149307809,57,19,1:0.31:0.20,3085,17919.102491388254,6.201935514812762,86.12365274176278,1.1874362981780773,1.589054288997484,2.1829706179183264
7587968,2023-10-06 16:54:38,Wheat Beer,Cans,Yelahanka,14,24.447451492251947,4.827492772311313,1.0786894558579183,5.540151952297052,25,15,1:0.41:0.25,2785,4871.797334670038,7.546767960130341,76.81787156765975,3.424692698475711,3.6919622454593184,4.636044879930429
9357575,2023-08-31 21:55:29,Wheat Beer,Cans,Rajajinagar,18,23.13980963061813,5.098651730378969,1.0337361879633198,4.539426956052703,41,19,1:0.22:0.16,1494,17363.493208788124,6.038835532440471,87.68906245468453,2.9942782348987707,4.850196039979291,4.581563401233186
4684197,2023-09-08 14:04:15,Stout,Bottles,Electronic City,17,17.807347342402565,5.096162332119932,1.0681383115292675,5.331996410067509,47,8,1:0.48:0.23,2828,2856.2470706978784,6.29657454999113,84.88433367588584,4.815976283721867,1.428646258435478,3.386601381226223
1357076,2023-10-11 13:40:00,IPA,Kegs,Indiranagar,19,18.03360270462624,5.025856733764271,1.0356254869522026,4.777599013421689,56,18,1:0.21:0.23,3055,2918.8428109933293,6.077430321985927,77.66256243303356,3.8932204492972033,4.303931028579315,3.539637421182611
4545728,2023-08-09 01:53:07,Wheat Beer,Pints,Whitefield,18,20.24184250075817,5.4699821811619,1.0369087866626066,5.811212197612906,22,15,1:0.38:0.29,4675,3407.4557186143425,6.259262134864352,82.42449534491699,2.252868274169688,4.876529181029694,3.0970965982565875
2447101,2023-10-02 20:31:05,Porter,Kegs,Electronic City,17,21.432454967125302,4.7737035336264855,1.0628089005455414,5.479760421401073,42,9,1:0.21:0.28,1961,9069.377946305967,8.602724857065834,73.25150588705911,3.2555643575434257,3.7143807488006098,2.202488134230612
3874059,2023-10-15 22:06:38,IPA,Cans,Yelahanka,15,15.465518398542905,5.35599391054124,1.075892834762105,5.246968546198826,35,9,1:0.44:0.19,2858,7142.114436549755,6.825819445861333,80.46901906998032,1.046677574936112,3.0863043262083623,4.356592906693396
227828,2023-09-22 05:16:05,Sour,Bottles,Yelahanka,12,21.41337570213805,4.927121597444772,1.0370460773108556,4.91598573033848,31,5,1:0.47:0.17,4186,9674.64082589289,7.094733033581051,81.38408040256759,1.836623546978112,4.455966950397247,1.5832522266042393
7289431,2023-09-10 18:30:43,Porter,Cans,Whitefield,17,18.732550465054334,5.268061359198759,1.0570964242715295,5.671696194638464,56,15,1:0.48:0.11,2617,19815.228022102645,9.895905550767155,80.62752964726018,3.505374590663938,2.593752975634976,4.829594567350603
1429436,2023-09-07 15:37:11,IPA,Kegs,Indiranagar,11,15.292991105365363,5.244518490470837,1.0329842570056915,5.328153482702984,36,7,1:0.32:0.28,2213,5787.186688312623,6.3156900976365495,79.5574875354383,4.79307639591296,4.063718140427778,4.480241164722035
6616633,2023-08-23 01:56:45,Porter,Bottles,Whitefield,16,20.442877032119814,4.576765299192954,1.065711535377018,4.854904255543058,47,7,1:0.46:0.29,1496,11717.591527123972,8.917505490573127,73.4431250075454,3.273956191956549,4.244193889806904,3.4724068066260387
3202199,2023-10-08 07:05:32,Pilsner,Kegs,HSR Layout,10,20.738023856828708,4.927515986190164,1.049923616894901,5.095135976749514,41,5,1:0.34:0.20,3731,12056.998707227927,7.523079028570234,71.46752501184096,3.6645378142304192,2.078950104709811,4.877107327201366
374285,2023-08-19 22:42:46,Porter,Bottles,Whitefield,18,24.79270281161645,5.290959197577655,1.071812050299648,5.320742424107728,51,6,1:0.23:0.17,4390,12711.572782327645,9.891588180577326,83.66066017784087,2.039017382166,3.228685008297196,1.3901262299160266
7113552,2023-09-17 04:41:33,Stout,Pints,HSR Layout,15,20.04020492917438,4.502360888062126,1.0385931808752653,4.826369475605769,20,14,1:0.41:0.27,3176,15090.396374906357,6.86393573672418,70.03111120507532,4.831155607232869,3.2178203825685454,3.2102380168980518
5901467,2023-08-27 13:56:54,Wheat Beer,Bottles,HSR Layout,17,16.333219336482077,4.667885820175079,1.0339984094206842,5.999514350830864,26,6,1:0.23:0.14,4500,6295.836055715613,7.635564880608877,73.73545958118827,2.9028377217341284,1.658621517691789,3.069339796696817
6168436,2023-09-10 18:03:05,Sour,Bottles,Yelahanka,16,23.665131406731494,5.369304776816012,1.0626734650016847,4.748595491073449,48,9,1:0.26:0.12,1247,5520.050304297031,8.10859763037628,84.97338071218172,2.308499428095648,2.6960119942229057,4.519524762142442
9652739,2023-09-21 18:03:33,Lager,Cans,Koramangala,17,23.610396441915118,5.0896576099389454,1.0560997765517686,4.527187881516677,32,15,1:0.48:0.22,4786,15628.905982664292,6.608308785308486,70.17680281692346,4.089912621984947,4.278574277093039,4.068635070976461
863091,2023-09-05 12:02:58,Lager,Kegs,Yelahanka,19,19.38124261848316,5.12689059676221,1.0672669715394043,5.847391298942803,47,10,1:0.39:0.13,608,18653.08616918448,7.6227150957162255,82.89029694444217,3.355332926972606,4.378057364851025,3.2054798512117584
6937084,2023-09-02 11:03:54,Ale,Bottles,Koramangala,10,15.74684441704242,5.015897589306772,1.033965962156742,5.62216284589115,33,14,1:0.35:0.14,2081,11915.517876835527,7.939267887499518,83.66762925102881,4.514001632037954,1.1520469497162673,1.9041356566033405
8099543,2023-08-19 03:08:24,Wheat Beer,Cans,HSR Layout,13,23.991674996607024,4.691918784973634,1.039846637715951,5.101410530013279,34,12,1:0.40:0.29,3574,17389.422928072643,7.408038290273883,74.53620030678363,3.061692998385983,3.935143457684624,4.791050898206182
8899773,2023-10-13 01:29:54,Ale,Kegs,Marathahalli,18,23.37348585367152,5.247161155741273,1.0773419030339064,5.536767017282136,32,15,1:0.21:0.20,3266,14854.728720284467,9.932901861089578,89.26543370740788,2.859482663711585,4.5345158574029325,1.8866783440215256
5230413,2023-08-25 11:50:20,Stout,Bottles,Malleswaram,13,24.502109841129887,5.279894943150865,1.0503091501583284,5.099118268227574,59,5,1:0.49:0.30,624,1487.2500154212453,6.57156364705568,88.34135930601357,4.807697823117963,3.998316300355565,1.2967674275200485
2497770,2023-08-08 14:27:09,Lager,Cans,HSR Layout,15,23.165231145898428,5.424445295069155,1.057262522929274,5.386416012971886,49,13,1:0.26:0.18,1036,19268.63914344951,9.915747332049056,73.78687096736243,2.804457102874633,4.780787335252308,2.049975159638818
7186089,2023-08-31 03:24:21,Ale,Bottles,Yelahanka,11,23.97812329603228,5.230885285586892,1.0678161321753123,4.884989891207347,31,12,1:0.50:0.19,2481,12494.239743240618,6.94844195005822,76.3767080731608,4.10247700705811,1.8735898399026665,3.68888750526148
4307416,2023-10-08 20:20:36,IPA,Pints,Whitefield,16,22.804226229838665,5.29754664871671,1.064814680294227,4.620400967281367,23,17,1:0.43:0.25,2059,18943.946588274208,6.771919586091482,80.53640944356547,1.392026573479697,2.2296159722214286,1.1132016606221518
3622941,2023-09-14 10:08:47,Sour,Bottles,Rajajinagar,13,17.01717166723715,4.789605437657968,1.0595131924775754,4.635701095346713,35,13,1:0.23:0.19,1041,8603.981740504769,6.809737070437073,75.41724568655667,1.4374436942972788,3.796118371174511,2.726173381812194
2232080,2023-08-19 20:00:24,IPA,Kegs,Electronic City,11,23.65587230673061,4.910374533425569,1.0385076075633457,4.66522168060192,46,15,1:0.46:0.28,1782,7981.022665797498,9.807664581114036,74.7101472892417,1.6218154647397487,3.73601633509147,1.518093650452498
6028354,2023-09-14 23:33:51,Porter,Bottles,Malleswaram,16,18.245455740465022,4.6187312839468415,1.0751402815944913,5.375762226895271,21,7,1:0.38:0.18,4841,2227.622279762204,6.493818002146568,79.9382465793361,3.235713612472496,2.483189765456077,2.895197890328081
768075,2023-09-10 04:01:24,Pilsner,Pints,Yelahanka,19,21.34086700010115,5.38056274752809,1.0484785959597616,5.141264333780027,48,14,1:0.37:0.28,843,5960.759759466099,9.80754417480117,88.62540705799698,2.413403389174314,3.847321431149607,1.6054185894985973
6510015,2023-08-19 17:47:48,Wheat Beer,Cans,Yelahanka,10,22.65317818436345,4.546318030386573,1.0464523048834682,5.254208318226279,42,9,1:0.40:0.29,3783,2112.219361450423,8.905143257001058,76.97375466627255,4.70183488179101,1.3820318663623254,1.5839533760780098
1525230,2023-09-03 06:37:35,Porter,Bottles,Malleswaram,13,17.396915231034512,4.845478895762756,1.0679820651735932,5.728340298519343,21,10,1:0.40:0.28,3065,3420.228587944696,6.563784695228426,76.44732753311497,4.629505983695706,3.754142835998864,3.266438939019238
5518501,2023-10-09 16:57:13,Sour,Kegs,Whitefield,10,22.635298418061836,5.1381009391151045,1.0778677358591815,5.938992982306241,29,9,1:0.24:0.26,4457,15100.380854368725,7.162103358535081,75.4800760877918,2.11999762624484,1.327153980692275,2.5774835041915174
5342572,2023-10-11 17:04:55,Wheat Beer,Cans,Electronic City,18,22.97056151299902,4.675782233927381,1.0574189682798465,5.539598119128258,58,12,1:0.44:0.19,3609,4016.390469813172,9.19869720309098,72.83547530021275,3.098320438309308,3.7988986167632968,1.4906259006182605
1146565,2023-08-28 00:05:42,Lager,Cans,Marathahalli,12,18.06024317019845,4.934932482815202,1.04379403368011,4.501590746765234,42,6,1:0.34:0.15,4050,2273.424591446228,9.561576284342635,72.66891116082459,4.368451301976556,3.469941157803039,2.97869503699847
4097258,2023-10-12 07:29:49,Lager,Cans,Jayanagar,19,20.789104890681543,5.200230048625147,1.0647866715372247,5.807291870561966,25,7,1:0.43:0.29,3894,14033.599362746185,9.32312744512645,70.26108047920857,1.2916369937145005,1.0044660245343646,3.76713133964809
2392382,2023-09-15 14:42:20,Sour,Pints,Malleswaram,17,17.674675800116777,4.564727004177136,1.0537829646536323,5.406932401527335,58,11,1:0.42:0.16,4981,10970.608753832284,8.342800833043263,72.5252418424629,2.2096386093897347,1.506692690845103,3.675000693735196
4483866,2023-09-26 17:23:59,Lager,Kegs,Rajajinagar,11,16.105030976160137,5.376387530494814,1.040085084412929,5.925350770407056,28,13,1:0.22:0.19,4423,4806.8063077070365,9.065983425575965,75.36629122202052,2.6220906657989933,3.067541876989377,1.7930577189250734
1991666,2023-08-14 08:07:23,Wheat Beer,Kegs,Rajajinagar,11,15.622658081274125,4.55917727582001,1.0422122749488685,5.472941969617168,37,13,1:0.31:0.18,4740,19968.803073242147,8.362981672478991,78.64825220128398,1.7867946233516545,1.6090554802364618,1.395540848945704
5551677,2023-09-13 01:50:53,Sour,Kegs,Koramangala,18,23.830692604670865,5.110232700397989,1.0771241916746592,4.525302412429343,57,9,1:0.25:0.27,3194,6532.087802883187,9.371771646830156,89.49374985802378,1.374828138290571,2.206874236558184,4.771278327315006
6888489,2023-09-23 01:12:28,Wheat Beer,Pints,Electronic City,18,18.5113480691035,4.707970181824628,1.03982198652134,5.479735276010391,48,6,1:0.29:0.19,986,13055.01450465583,9.164766274698582,87.15987492378808,2.422691937039357,3.021247956585693,2.299528023124437
9998038,2023-09-21 04:30:46,IPA,Pints,Koramangala,13,18.794465421117067,5.025741947656157,1.0360132828996496,5.055313206015105,22,8,1:0.43:0.25,4086,14459.23134393494,7.653016948992,87.6229412073768,4.0403447497302825,3.095554867493792,1.4854684167719636
5860278,2023-09-04 06:34:26,Ale,Kegs,Yelahanka,14,23.654510837841023,5.2885050756055545,1.0692717483058902,4.689105875129098,26,8,1:0.46:0.18,646,10476.621896820849,6.892743564049876,78.66736719937437,4.979972078880204,3.4215555553283643,1.8048855934227284
1976299,2023-08-29 19:08:27,Wheat Beer,Cans,Indiranagar,15,21.11334325992638,4.788192312603371,1.0649308215952824,5.023790786574088,45,18,1:0.27:0.20,1635,7283.838383603457,7.937819415511683,83.62131117509085,3.967988624495828,1.0228926211424318,2.2387124592628616
8471769,2023-09-23 16:37:11,Ale,Kegs,Marathahalli,19,22.14579469508817,5.242983682423756,1.0516845421252772,5.266128379166005,25,16,1:0.31:0.19,2499,5067.149415644269,7.67432691462486,89.15422985652827,3.0279985553342508,2.7406722548479907,1.8317056090983344
3983898,2023-08-20 14:06:34,Stout,Cans,Malleswaram,17,17.72914144014419,5.29818430917893,1.0563414029543603,5.5032246607225765,55,15,1:0.39:0.11,3694,7474.179526934266,8.888861864903884,87.6707622481444,1.4613410431739733,2.611798083434143,3.520099820969056
8004769,2023-08-27 13:26:39,Porter,Cans,Yelahanka,16,17.39586451188191,4.568540948127319,1.0455635497250988,4.926959949689299,27,11,1:0.42:0.12,4812,2971.07763479196,6.383093904284312,75.94638766884523,1.0491630308616695,2.09688126641878,2.9578112451746432
8426829,2023-09-14 22:59:56,Ale,Kegs,Electronic City,11,24.431091624275087,5.050502765311049,1.0494001205709529,5.693487149236621,30,12,1:0.31:0.18,703,18217.48338420889,6.501806586464523,75.18036791229288,4.407072766962756,2.0994484055785745,3.710753396888179
9286433,2023-09-11 01:18:15,Wheat Beer,Cans,Electronic City,18,23.878199805281334,4.928525693932529,1.051169871340243,4.690923058538408,40,18,1:0.23:0.28,2692,11907.51815341441,7.191099060311029,73.11179742730685,2.9024338133333547,1.8193541752549192,2.254613966390415
9173268,2023-09-08 10:45:09,Wheat Beer,Cans,Indiranagar,19,21.548131418281727,4.578310882203017,1.0774969161385084,4.563934027864795,47,14,1:0.45:0.20,3623,19512.023186443093,7.54162837633367,81.77063382265926,3.340233822302864,2.89888376889625,2.453958322972558
6941253,2023-10-05 03:13:43,Wheat Beer,Pints,Electronic City,14,19.16432979751704,5.374675658341957,1.034642360304146,5.22733351882648,33,9,1:0.35:0.20,3003,19325.93462104139,9.328002496223606,74.37680774362052,1.3477065540126074,3.215472810673412,4.285757143257428
6907929,2023-08-22 13:31:23,Sour,Cans,Koramangala,19,23.987594018946137,4.933893828270015,1.0768130591682616,5.023182466171308,40,5,1:0.35:0.13,2828,9011.676900165776,7.094409420719318,72.0630862125853,4.316228764123486,3.969542429315174,1.933851960761108
644979,2023-09-10 19:12:02,IPA,Bottles,Marathahalli,10,21.148914030257583,5.4916328663513205,1.0504443778865007,4.647953434026562,39,6,1:0.20:0.21,2195,8633.489976497469,6.258728556844908,70.76225802695684,1.5418090750094002,3.067674785834673,4.994688488803006
8830806,2023-09-15 05:25:21,Sour,Bottles,Indiranagar,12,15.500066430130955,5.3505302463123,1.0626006569125923,5.2363661498896485,29,8,1:0.39:0.21,4195,9310.684874089162,6.046089110150339,71.29498903835858,3.459843535701255,3.402403169970799,4.676607974621257
4071712,2023-10-16 23:34:49,Pilsner,Kegs,Jayanagar,11,22.65801980869969,4.941482156249481,1.0378300507262777,5.119233374388329,48,15,1:0.38:0.16,1155,5204.640211705254,7.714779525187303,72.81582803010944,3.617001092597203,4.808698766122627,3.972828025486588
4760568,2023-10-14 12:15:58,Porter,Kegs,Malleswaram,11,18.49691968206972,5.136136896756026,1.0444446044956648,5.06909331583727,51,13,1:0.41:0.22,1678,6572.334847264342,7.420792940418224,87.46133443723699,4.897765220907512,2.2336028990745684,3.144374317542084
2370650,2023-09-09 22:08:14,Wheat Beer,Pints,Whitefield,13,18.017077757806604,4.645755771908646,1.035252822397518,5.260216438339183,53,18,1:0.28:0.26,4782,10114.206501862916,6.502739495151559,88.6596461342744,1.5005181933362608,2.323311548688284,4.918517664686863
2923522,2023-10-08 13:00:10,Wheat Beer,Pints,Yelahanka,18,24.141539645708058,5.262439565276726,1.0443732919156148,5.172828512934236,23,5,1:0.46:0.21,630,12591.521188852816,8.668691388192109,78.10530386088865,1.3862643439700584,3.6514982813312207,2.967637451992648
453232,2023-10-02 05:58:34,Stout,Cans,Malleswaram,16,20.72421973723512,4.680902004302192,1.0305338546866614,5.026913779187678,27,7,1:0.32:0.27,1706,1767.112243850921,9.488952174592768,76.58458487375276,1.244815823740073,4.439121170546018,2.8608256282264115
5441957,2023-09-18 13:48:57,Sour,Bottles,Rajajinagar,19,21.436619497372423,5.117820294262169,1.0387574692561408,5.735646238924235,21,5,1:0.39:0.25,4289,2355.568772361375,6.9112252109361485,85.25098040470849,2.6252220424690287,4.388050775908992,4.320921323979101
2013740,2023-08-23 19:05:23,Wheat Beer,Cans,Indiranagar,17,19.68047047847005,4.763439172399938,1.0793821818428688,4.72909364855032,34,18,1:0.33:0.22,3390,19484.14927896443,7.603555568314791,80.80355957536369,1.1563245152652335,3.7151164768348006,2.082264383158732
2182585,2023-08-28 02:49:40,Lager,Pints,Yelahanka,11,16.67885753117722,4.682851838838291,1.0793755855309872,5.395512307323633,58,14,1:0.39:0.13,3194,4175.037907770065,8.107171583237959,79.69598361755232,3.750089835728233,2.204443259631157,2.654702566080568
8759590,2023-08-22 16:24:12,Sour,Bottles,Malleswaram,18,18.6367009263598,5.437506105092736,1.0315183882759544,4.810033048197493,56,19,1:0.21:0.24,2611,6087.212507049246,6.464100067177947,88.96839005766603,3.340437810152098,3.65330594336944,2.8345009430990538
5485154,2023-09-18 19:54:15,Stout,Pints,Rajajinagar,15,18.573770363517312,4.848548867263252,1.058625320619297,5.604791879135769,47,13,1:0.43:0.27,3347,6981.818591452234,8.007874100345715,73.68238003422118,1.945238968069148,3.895221895676772,3.7426367675054566
792575,2023-09-01 14:42:39,Ale,Kegs,HSR Layout,15,15.145042088285752,4.564207307977249,1.043807794630801,5.269281714585653,59,12,1:0.35:0.15,2821,15601.627104240026,9.974915274718429,72.72989639350192,4.696958019241825,1.9085508249121044,1.4040073452958035
1578056,2023-08-31 08:41:53,IPA,Kegs,HSR Layout,17,16.28623444475436,4.833886269978775,1.0778801331399346,4.940983543742406,56,19,1:0.40:0.19,2674,6485.912811117339,9.705924857453825,85.16456762481758,4.677390246955069,3.2907748961392103,3.971598229175132
4016392,2023-10-18 15:42:31,Lager,Pints,Marathahalli,14,16.093281844376335,5.03154693770238,1.0505806402116984,5.933446292914571,34,5,1:0.33:0.28,3434,17971.468629820898,6.781593299967167,71.72481756861674,4.159351224765617,2.1708587010220195,4.491047088831658
7345931,2023-08-16 16:48:08,Stout,Bottles,Yelahanka,16,17.10923029737752,4.957209146370408,1.0504596407904787,5.412202867810074,47,18,1:0.37:0.12,1810,3631.053883881325,8.111271049921909,74.54217140539039,1.7103512486787684,2.058894406365628,3.0666485429758903
8564699,2023-09-13 18:15:33,Ale,Kegs,Marathahalli,17,16.30565576514698,4.911439796154573,1.0421341417379468,5.406997703054239,57,19,1:0.49:0.30,2316,15470.941236971972,6.420109067249553,75.7667390341234,1.498709180027698,4.476395835735503,2.116238747149806
3361453,2023-10-17 15:31:06,Lager,Pints,Koramangala,15,17.07138264653852,5.4131281847109785,1.075972636280752,5.438746408514347,23,5,1:0.38:0.10,2722,8700.280726331552,6.335698146905753,76.52134563981204,3.734722046677852,1.7848117962550476,4.386831558598265
8550448,2023-08-26 20:02:45,Wheat Beer,Pints,Rajajinagar,13,23.404369718972607,5.04146526905526,1.0782379354485023,4.681576429590267,31,5,1:0.25:0.24,952,13565.179842281495,9.958012822218013,78.5671040893837,2.1303534533057995,4.797255134573501,2.843185826974232
2052248,2023-10-09 03:13:51,Porter,Bottles,Electronic City,17,16.90118499546642,5.3896182311091785,1.078507851233166,5.418092900471998,27,16,1:0.35:0.21,3127,18703.675068172724,6.085683109598788,75.47552836835607,1.891786364623318,1.975222268296092,3.340089105188662
6685395,2023-09-19 19:58:43,Porter,Kegs,Electronic City,12,16.632796695298275,4.6334399868093135,1.0403950232148589,5.666922730009617,44,16,1:0.45:0.30,1361,17837.940861522125,8.017634351748427,85.00418131713779,2.709702853046187,1.1680791233409056,2.728622789254823
5876173,2023-08-11 14:20:24,Stout,Cans,HSR Layout,18,24.35541092453692,5.328403241051764,1.033450212725372,5.934825702307128,55,8,1:0.47:0.11,2406,19403.10611531582,9.867040489431387,78.52775530712977,2.06327811786139,4.922522265522444,3.7983059380413695
1568561,2023-09-22 23:00:46,Wheat Beer,Cans,Rajajinagar,10,15.244874496327364,4.546503162694603,1.0765619756019251,4.721572844561847,28,10,1:0.48:0.20,2473,10397.479359923198,8.070496782992375,75.86805505874251,1.153241847614206,4.55503797117489,1.34840632523415
4236828,2023-09-11 00:58:09,Stout,Pints,Indiranagar,13,18.40724042711676,5.418589767140039,1.07364329054926,4.610255753499652,56,11,1:0.29:0.21,864,16061.341472928902,8.043203983004888,88.62686469427035,3.6716250366074914,2.320376520639569,1.3119143162268965
4348426,2023-10-12 21:51:26,IPA,Kegs,Malleswaram,15,15.488051940850308,4.937174898939488,1.0490552134527464,5.397107224040463,26,5,1:0.32:0.18,1077,14101.647854068708,9.831164638139262,82.03360261584561,2.2294965720630726,4.326995088608221,4.765719922939006
6292207,2023-09-19 15:13:51,Lager,Bottles,Jayanagar,10,17.741032968175986,4.616660589749683,1.078274344337359,5.250052178949833,20,14,1:0.49:0.21,4469,6119.480774207761,8.403821404773174,85.98224976704589,4.947674760417859,1.7381241658666076,3.900206519901844
2354809,2023-08-11 02:07:30,Lager,Bottles,Marathahalli,16,21.84994384998818,4.552951789224695,1.069647148036201,5.615428300873329,32,18,1:0.27:0.18,3560,9407.340289633055,6.968555636562897,83.19790384917252,2.196466770026644,4.191717911938257,4.456881178989771
3993343,2023-08-23 23:38:09,Porter,Cans,Indiranagar,10,20.309172755303557,5.275178702266491,1.0361917080955922,5.120462739122177,53,17,1:0.44:0.11,4797,4935.808174908834,8.575041854571804,78.31526978817563,4.0892962347219886,1.8479666953543936,1.5027842892325416
7583373,2023-09-17 21:34:02,Wheat Beer,Kegs,Koramangala,14,17.96050804446507,4.50996613378678,1.0555108205057366,5.48957101987008,42,19,1:0.44:0.13,4654,15264.85596777236,7.589203552930447,83.72202569510863,1.384345834212752,1.6625864329999338,4.692698732660661
1437753,2023-10-08 00:30:56,IPA,Pints,Whitefield,15,22.468098505011955,5.240945484515036,1.069032047326898,5.095296821194633,38,15,1:0.35:0.10,4668,12062.887698258017,8.40600157715112,71.44422500900562,4.589879366489548,3.249046957519885,2.6557285374729043
2279047,2023-08-15 17:54:31,IPA,Pints,Whitefield,12,16.6508549218482,4.575782982484744,1.0537300008751411,5.384892317160958,58,9,1:0.38:0.25,1407,11713.710661003031,9.37028329282524,84.85805748348179,4.198424023678521,3.834420083198115,1.713389156416322
2696138,2023-09-11 04:05:57,Sour,Kegs,Electronic City,11,16.52294721926247,5.1973761927305056,1.0323825389142354,5.9373671439493485,49,6,1:0.33:0.25,1802,17796.922546102254,8.030987030558693,73.92870425484469,2.554240040292645,3.248636680545265,3.962914487754149
7626339,2023-08-08 22:26:05,Porter,Pints,Electronic City,13,15.74463923640166,5.416743134518704,1.0442561957906804,4.833325990314883,58,8,1:0.40:0.18,3567,5271.084647004187,9.210005946886666,72.11205211592798,4.454981844678703,3.6794132495278857,2.558756295653004
2363332,2023-09-07 05:03:00,Porter,Bottles,Malleswaram,14,15.696589167264912,4.752624244592352,1.035197566277209,5.234797370742133,42,6,1:0.41:0.23,2818,14482.058132253878,7.672247093139426,72.52786869756655,1.5119199844151314,3.2455216021543385,4.330731609690806
3974278,2023-09-02 08:23:08,Lager,Bottles,Electronic City,16,20.851372719340617,4.746714623454588,1.0489391024025485,4.503891558852602,56,15,1:0.27:0.16,1472,11840.736976164122,9.114789180366133,81.88963168990585,3.8740294089574263,4.415032166248098,1.3938509627048994
69824,2023-10-04 12:55:26,Wheat Beer,Bottles,Electronic City,17,17.353588941651484,5.38680987019384,1.0500093679512514,4.813956063294173,37,5,1:0.20:0.25,638,1792.7304191356643,8.963882256504618,80.38694316636382,4.406194784115128,1.0740295222779266,2.5028404808365927
6692572,2023-10-02 07:23:45,Lager,Kegs,HSR Layout,12,23.721312246180958,5.351596183444139,1.0680411495566555,5.38518614703428,35,15,1:0.27:0.19,1794,18522.395245576845,6.641470600608669,77.88586730083335,4.274341230258685,2.102213815476057,3.5131056527428184
3749433,2023-08-13 15:54:25,IPA,Kegs,Indiranagar,10,19.657745242257416,5.345804586837627,1.0619682379455735,5.345527516365527,28,6,1:0.33:0.12,1941,11934.494304831616,8.629448906814305,88.42060706822998,2.5254922118039462,1.2473240125857616,4.938486272973706
4301819,2023-08-26 16:04:40,Porter,Pints,HSR Layout,15,16.51235373090917,5.49616300749156,1.041491833152221,5.742280567334831,24,12,1:0.23:0.18,4149,19160.982401600533,6.940806841543421,71.81999782182048,2.213578129090992,2.1096393035101886,3.121053005335856
3346238,2023-10-09 12:54:16,Lager,Kegs,Rajajinagar,17,16.97711128560182,5.000247606308435,1.0374764433473085,5.628912881032036,26,14,1:0.28:0.13,690,10984.013081788242,9.62739333324006,82.064436650252,1.942433771471341,4.400347419650244,2.4256929113922903
3672446,2023-08-10 18:47:20,Ale,Kegs,Rajajinagar,10,21.9037449646019,4.9249509211886,1.0553226398663236,5.781729303636928,28,9,1:0.23:0.30,687,19875.914761470623,8.266706640054654,72.30992323217187,1.630839287051685,3.025801018105446,2.1447532537617797
291443,2023-09-20 13:24:05,Sour,Cans,Yelahanka,17,20.38889613039333,5.014508493436048,1.075700233976148,5.428070190683834,35,18,1:0.29:0.11,1184,9764.333656273098,8.597400649355466,78.75301202905486,2.4781125447355765,1.968132417419072,2.9946002433469103
8537995,2023-09-06 22:40:04,Ale,Bottles,Koramangala,14,24.330939422279386,4.863473202164259,1.0377785444271368,5.660981887199697,21,19,1:0.27:0.11,3985,12997.468147267304,7.765192783081391,81.98757359887185,3.721665602812938,2.6305622805069437,1.4693870841290733
4316255,2023-09-25 23:21:52,Lager,Kegs,Koramangala,15,21.760565489400246,4.6349410338232495,1.0548237420473587,4.676345951501287,53,6,1:0.39:0.14,4272,5195.493753524302,9.480516605425612,74.81791128985867,3.2367122141694527,4.107887366494175,1.0711588117327224
9399738,2023-09-05 19:34:30,Stout,Kegs,Malleswaram,18,22.569816645295035,5.306656421709977,1.073104897722134,5.930284430785961,29,10,1:0.49:0.29,1390,3554.643019409473,9.772701023087764,74.97930370507962,3.004187906491017,3.278461845878485,4.2765933037426
4744357,2023-11-04 04:12:09,Ale,Cans,Whitefield,17,17.435193657175446,5.361816617889291,1.073944776952653,4.596756541504202,22,8,1:0.47:0.15,4763,8713.217891373873,7.6419154429621265,75.3079807556159,3.117142827403048,3.957558106927316,1.893173406040062
2568686,2023-11-18 02:23:36,Wheat Beer,Pints,Yelahanka,15,19.51561239482637,4.6501424547149455,1.0426448243645814,5.567918319650633,47,13,1:0.29:0.18,2992,15951.580204998008,9.628366639486114,85.46333564183844,4.738777094978003,1.1854176910742606,1.993472485252617
5722218,2023-11-09 10:36:19,Stout,Cans,Jayanagar,14,24.03161530735449,5.274359424360859,1.0508946809260462,4.760439163713152,43,11,1:0.33:0.15,1789,17854.89173696138,6.736364629645802,72.58743933843095,3.371979947966873,1.4061894378001552,2.213139789165861
3955793,2023-11-08 08:50:29,Sour,Pints,Indiranagar,19,23.740225324023072,5.045428834750637,1.0663852664245006,4.959840301680983,46,12,1:0.39:0.26,3435,18061.11870269295,7.210255171051431,82.43500797939976,2.318693070792833,3.022862831220256,3.104091675868981
6784395,2023-12-18 15:45:39,IPA,Kegs,Malleswaram,16,21.796940090416182,5.124537735582447,1.0557390683889374,4.571816981742552,59,11,1:0.35:0.26,3455,7586.603810825309,8.723211855505546,84.20031353899796,2.0272770854889868,4.503040010831145,1.5630768316502364
7030284,2023-11-12 19:26:34,Porter,Pints,Jayanagar,12,22.07993774974741,4.865281200096214,1.0519468255875963,4.687701802506736,44,10,1:0.35:0.19,4188,18154.334905339965,6.422096599139895,84.06198796939273,3.756109863987634,2.192680194726328,1.6988551627169413
7415395,2023-11-20 10:32:18,IPA,Bottles,Marathahalli,19,15.817617589965137,4.756092362653577,1.064429153760274,5.97720115893592,24,17,1:0.50:0.15,524,8845.592273488975,7.771785994717049,77.10864376574676,2.4120227225414106,4.6214127572711705,3.52305806513441
7198487,2023-12-23 14:34:31,Ale,Pints,HSR Layout,13,16.379809246690577,4.907288000051116,1.0531729878233238,5.410729573680455,50,11,1:0.25:0.27,955,11568.255185293763,6.453695826983696,74.37804985237477,2.702430833919135,3.908606637701433,2.019796920577443
1158014,2023-10-20 23:40:02,Pilsner,Cans,Whitefield,14,24.0853286474215,4.995649702940451,1.0425034934794144,5.50989356518045,47,16,1:0.26:0.22,1398,18953.70994848485,9.385002595465147,77.69750154365731,1.3401323123094129,4.303027218867449,4.59604631188547
8070792,2023-12-14 19:36:41,IPA,Kegs,Whitefield,10,19.35896300193584,4.899626371636214,1.0612289031346112,5.532605063914859,31,16,1:0.41:0.19,4215,7516.857155898231,6.537183090516162,75.32568424441615,1.4553240134083056,4.311828396637494,1.439528171303305
1826052,2023-12-27 23:03:21,Porter,Kegs,HSR Layout,13,18.22950161502788,4.852274971405884,1.0614654876797815,5.147312414227829,56,8,1:0.33:0.25,998,17596.39583714971,8.186879937788813,78.53704268998526,3.827769764371986,1.2517281136152456,4.111580236111789
2185130,2023-12-04 01:15:45,Wheat Beer,Cans,Whitefield,14,24.09828359555496,5.439341579932447,1.0780541936321024,4.694742467561119,28,19,1:0.25:0.12,2300,1425.0363112043146,6.07724055887833,76.87334741099912,1.7624884260216325,1.9138893217176247,3.015265901708849
4399839,2023-11-22 14:42:01,Sour,Pints,HSR Layout,19,16.690225781227902,4.674664602108672,1.069263218226596,5.932734566484841,42,14,1:0.44:0.24,1922,1385.7157801927724,9.647417034727532,75.84542619311091,1.6969084318017038,2.6728711383147195,1.6180144909162784
4590092,2023-11-19 11:39:28,Ale,Cans,Indiranagar,16,23.328719080083857,5.471426564852292,1.0608995098261704,5.543497793847857,45,7,1:0.26:0.15,864,2602.8826024687587,8.099350925337763,72.52516579070026,1.4022589061374502,4.372900909770118,1.5606052950179872
8057872,2023-11-03 23:44:08,Stout,Cans,Malleswaram,12,24.61348123676444,5.485825950593502,1.064579043669934,4.513896970049186,59,16,1:0.43:0.30,4854,13273.990058319889,8.94778739246882,85.83447158659239,4.185926757667239,1.183791714895357,2.3612416487556174
9340861,2023-12-20 06:57:09,Ale,Kegs,Whitefield,14,17.770265114877354,5.061689833690761,1.0783788130232217,5.1788185759230565,53,9,1:0.39:0.14,1248,17638.9918359163,9.569504963297748,78.94108487670422,2.1850681390753217,2.512020954992865,1.2260335284601402
2563182,2023-10-31 21:50:49,Wheat Beer,Kegs,Jayanagar,14,16.457376347561517,4.846977467450606,1.0682656134305,4.513297034444008,28,17,1:0.28:0.20,3560,8967.8827751844,9.236947005040191,77.05731302741385,1.5903011479965272,3.3171505318282946,2.6171128647307054
5260959,2023-11-29 00:37:18,Sour,Cans,Whitefield,15,22.01561469471119,5.377825104606643,1.0424257748427437,5.6864316973211295,39,18,1:0.26:0.13,2440,3186.1390317001524,7.011538911803159,81.04936029699296,4.852253217189268,3.113397577693636,4.641897418732294
5456325,2023-11-08 12:15:14,Lager,Bottles,Whitefield,17,22.327080105904063,5.2302458648972525,1.0710602389166517,5.960304603953805,39,10,1:0.49:0.15,1983,1371.6158045102982,7.133532267651887,76.2347746359921,3.7458422839536274,4.509649193765398,3.652574174138921
8607084,2023-11-22 14:09:56,Porter,Pints,Marathahalli,13,24.08413441299412,5.340823123650718,1.069407179324661,4.867920878446192,34,19,1:0.34:0.18,4557,14644.204530311135,6.2975129132207375,70.19209783729451,1.654301685820585,4.515024526012168,1.0484622640062078
758621,2023-12-03 13:59:48,Sour,Bottles,Whitefield,17,23.25857752479556,4.509776602344279,1.032464337464449,5.391685578686651,44,9,1:0.20:0.11,688,2815.090488163948,7.006113458667079,71.67043237524477,3.761553605985244,1.205806657659504,1.7355525982396558
660643,2023-11-17 07:47:12,Ale,Pints,Whitefield,15,18.400118113653345,4.720554982142804,1.0310761954069083,4.604084483328493,40,16,1:0.48:0.17,3173,13337.328616682034,7.0769888013488895,79.22944776505838,2.462480342735214,4.537988720391009,1.040730072436479
4841162,2023-11-14 07:38:28,IPA,Pints,HSR Layout,17,24.3746964799688,5.4750874571863335,1.034418613026754,5.360497264565033,59,13,1:0.24:0.25,1211,10446.180842060998,9.833236563668246,85.18684694141912,3.133940364923686,2.256596622157637,3.610547855288416
1698814,2023-10-31 02:12:31,IPA,Bottles,Malleswaram,17,24.64841522907584,5.449576449721628,1.0531786033509103,4.654817481315559,58,14,1:0.46:0.21,4261,7855.906305413182,7.294651743512602,74.83398450991169,2.203711389080539,1.562211052015492,4.886782540767255
7689083,2023-12-25 02:53:56,Stout,Bottles,Marathahalli,10,18.053233724112307,4.594350747375296,1.0699253284456307,5.561427514381574,53,15,1:0.43:0.12,4932,13020.101833345236,7.148393307278505,80.24873996443789,3.278417409259079,2.6473595599928643,3.076247690288487
9888502,2023-11-06 09:40:11,Sour,Cans,Electronic City,19,24.574938798130027,5.01534317840107,1.0650230516036798,5.239066500195786,54,7,1:0.21:0.10,710,14476.848674352615,9.972016146509288,84.90670455996023,3.2916017684230408,2.406163500865029,3.648904048967063
4052021,2023-10-20 12:35:49,Wheat Beer,Bottles,Malleswaram,18,18.98450294664056,4.97375263376335,1.0301984386898808,5.517547701483105,51,8,1:0.45:0.25,1793,9419.310391072144,9.969932724192564,89.05464655629098,2.27395021935423,4.378536451233078,1.0911163509857067
5624461,2023-11-12 01:01:01,Lager,Kegs,Jayanagar,15,16.014654118582445,5.460899726282866,1.0357086836108478,5.948381796363907,49,9,1:0.24:0.19,2790,15803.208665088909,9.854693142457911,88.09031297750722,4.785033899844778,1.3070709364301876,1.1545192706316558
9759885,2023-12-20 19:59:21,IPA,Bottles,HSR Layout,13,23.83516576123618,5.416089275191363,1.051271709292931,5.70441525890273,54,13,1:0.25:0.29,1814,4766.4251038203565,8.216133473285996,85.11835334164805,3.717258978547176,2.4472171112004726,2.1535289835465887
4399432,2023-11-26 05:55:11,IPA,Bottles,Indiranagar,18,24.14111390550457,5.4438986697368135,1.0765327237905435,4.811829554924334,37,14,1:0.46:0.21,3335,12951.274744867726,6.039768370791131,86.87060979624513,4.03790320175977,3.410767822456073,4.624638351058969
8725774,2023-10-31 19:14:45,Stout,Pints,Whitefield,16,19.6923716740848,5.09661527849735,1.0429260424530933,4.768578790237696,43,11,1:0.49:0.20,1393,1756.830225806524,7.706868909586889,81.01591202715841,2.2629517832579458,1.457707622921141,2.828485832059118
4141378,2023-11-26 19:02:57,Ale,Cans,HSR Layout,19,24.26445334806708,5.46661232968557,1.044030753689991,5.231075283217744,47,18,1:0.33:0.12,3136,6346.379316584756,7.936263585879509,81.93043355345783,2.033422375448246,1.6286938796162946,1.757148451446095
829712,2023-11-22 00:11:14,Lager,Bottles,Marathahalli,11,15.939854889800646,4.553624549350356,1.0317608544513834,4.556401847991195,22,9,1:0.38:0.25,1911,9311.83668308264,8.186764411995492,81.19706710767147,3.777688790427048,1.417002035234598,3.237596949566973
2358140,2023-10-31 16:55:30,Ale,Bottles,Indiranagar,12,15.775061801070992,4.898914393555003,1.0698996169829154,4.655305012526141,26,16,1:0.49:0.21,631,12691.265232397507,6.91277448206794,87.79295526065768,2.5312596370612703,3.004028014917627,3.674102887857959
916779,2023-11-15 03:05:18,IPA,Cans,Jayanagar,11,24.22670817541629,4.602961415038128,1.0769539731391586,5.040858573278723,39,16,1:0.22:0.19,4367,19500.674667040126,6.825477147388174,82.44715115693646,1.8690002376272317,3.9930663782094737,4.825311853923809
5051965,2023-12-21 16:55:30,IPA,Bottles,Yelahanka,19,20.906554213092708,4.736245715834495,1.0449737369340972,5.729451374366713,29,17,1:0.45:0.24,4269,16112.841223985775,9.584300853054293,73.44341248666039,1.1518058299832084,4.763491296629405,4.1347710779232205
4789726,2023-12-23 18:23:18,Ale,Cans,Electronic City,14,20.448436194409755,5.070122720596854,1.068531449505422,5.261773338818439,56,8,1:0.49:0.27,2989,3884.306686783125,8.006481824129686,83.71268496416054,2.5231028617379927,3.0658215043856005,4.330638745284334
7573549,2023-11-08 22:24:47,Lager,Cans,Jayanagar,17,16.525577919177437,5.05130744975606,1.0664098778030988,4.828816094540599,28,10,1:0.41:0.15,1606,5885.786081230171,6.067372669914805,81.68624745121535,4.9175844225055005,2.3133933439547105,2.2384182838764906
7817377,2023-12-24 09:05:07,Sour,Bottles,Malleswaram,18,21.1582973418934,5.232842454509891,1.031113254591974,4.53639088727636,50,8,1:0.40:0.27,4941,16326.40713297584,9.286625481167688,73.32596676104441,4.853257276988908,2.6329382049250447,3.5626001631366138
5321559,2023-11-27 10:55:23,Sour,Bottles,Whitefield,15,24.65788241377904,4.607067914120637,1.070061358318948,4.994259864166643,42,12,1:0.37:0.19,4571,11588.79554065015,8.258195191163543,88.77905598670822,1.1063505286787154,4.317742400480091,3.970291129273472
5247516,2023-12-08 15:13:46,Ale,Pints,Rajajinagar,14,23.36172049872787,5.195381148077559,1.0774168766929135,5.049037931383114,35,9,1:0.28:0.12,4370,3971.851490435352,6.428986227973882,70.7189815028159,1.6886307587244365,1.049730101057924,1.5563138378285006
8163957,2023-10-26 06:52:36,IPA,Kegs,Malleswaram,16,24.415803180285124,4.706682353882234,1.0353080999566375,5.176138007616928,57,18,1:0.39:0.13,2206,16763.903380165335,8.848660174762207,82.99069225715002,3.9929936153827903,2.0520562345444144,1.3382949340049897
9677764,2023-11-24 21:31:48,Ale,Bottles,Indiranagar,13,17.27517248787702,5.193763750035236,1.0727889243918458,4.862065612771687,33,8,1:0.26:0.10,3947,9891.67962112036,9.914834530352092,87.33762108988233,1.890821773315136,3.2944641546526983,1.388651804029302
7953992,2023-12-04 21:43:27,Lager,Kegs,Malleswaram,19,17.249927570862173,5.366648691996812,1.0676651037580174,5.869554283740506,38,17,1:0.48:0.14,3711,9628.056600995256,9.700868460084,88.41116409439837,2.1300069325718325,3.680361311672779,2.489686685599234
5854934,2023-12-03 00:47:56,Wheat Beer,Kegs,Jayanagar,10,21.60534843801984,4.723392159493413,1.0587997627864778,4.92130853128097,40,13,1:0.29:0.10,2607,16558.829586472064,6.672202595911488,73.43006631927362,4.771418768038584,1.5564854014347564,1.1150958480294162
7199435,2023-11-16 02:49:37,IPA,Cans,Indiranagar,12,16.93117741822986,5.245255998670975,1.0664849541797552,5.731264209045188,46,6,1:0.46:0.14,4492,5036.61603005191,7.134516976228111,73.32309949225899,2.379311378106684,4.208248156648693,1.969091902234748
272154,2023-11-10 16:37:59,Lager,Kegs,Yelahanka,17,16.38257617604206,4.507838265980911,1.0368661399268797,4.541446670140135,38,18,1:0.48:0.20,1091,16709.417562452232,7.374534876626616,81.2184945658704,2.27214354027177,2.039450848105639,4.043559015870549
1963039,2023-12-05 13:17:24,Porter,Bottles,Electronic City,18,16.1936421939659,4.771027983701106,1.0714533324655302,5.790985858026895,32,14,1:0.50:0.26,1231,8221.159357422006,8.778195155803392,77.62925155969367,2.732925921736342,4.811366059043333,3.792725291197063
2025359,2023-11-01 13:02:21,Sour,Kegs,Jayanagar,16,15.1701545024884,5.078742252967772,1.0484007649526008,5.032778268071253,21,14,1:0.34:0.15,3119,4267.819645507038,9.42449374045924,80.36183832031138,2.2997751479872592,4.666608765738978,1.2578976912753062
3394585,2023-11-08 11:45:03,Wheat Beer,Cans,Indiranagar,11,20.34397562709083,4.937808804804421,1.072437692524485,5.398321419547987,44,14,1:0.27:0.29,2385,3482.4571106854605,7.7904977549765615,87.11357966212033,1.006283412160053,2.99929668405422,2.6334911388417632
8103032,2023-11-26 18:28:16,Sour,Bottles,Whitefield,13,18.708582319650333,4.660163622213261,1.078471002210937,5.924038748976826,58,7,1:0.32:0.27,3053,13076.88313052226,8.55932387923869,86.77955424322622,3.41311595491903,2.288531716810433,3.114732610332811
3479260,2023-11-22 21:26:38,IPA,Pints,Marathahalli,13,18.081886092255445,4.857586004645373,1.0743701297039598,5.669619433529382,35,15,1:0.22:0.28,4051,8213.213564763177,7.938036967835918,74.49859561459098,2.210191897523183,4.981501292171647,1.345882487500054
2997049,2023-11-20 06:47:28,Porter,Cans,Electronic City,10,20.7700396634354,4.918095575151938,1.073839251692184,5.746860167876776,42,15,1:0.23:0.10,1893,10249.305568317424,7.251179900706543,84.13693883557885,1.559726264807454,3.318531583605296,1.029492808596181
6616677,2023-12-17 02:06:53,Pilsner,Cans,Koramangala,16,22.0973503624754,5.472670406427126,1.0792027890588305,5.0505492657179065,48,6,1:0.32:0.28,2176,6471.2135178949375,8.786722925488462,76.0187515834288,4.583358043029814,2.1041903443657395,2.9266946393681645
3223270,2023-11-03 11:03:13,Porter,Kegs,Jayanagar,13,16.53202106810825,4.759858257244651,1.044807602415993,5.255381750811059,25,13,1:0.25:0.21,3978,16791.25895198316,8.43098624177905,84.89217130586317,3.018655683703679,4.411044007222697,2.3926798068993222
9493520,2023-11-22 15:27:43,IPA,Kegs,Malleswaram,15,21.434913403663785,5.053530701773834,1.039165221557406,4.99577707248781,52,12,1:0.47:0.29,1936,9353.408355814858,6.245073440661753,76.4064177424786,1.6323404756343534,1.988100941912112,4.875187509896383
8628840,2023-11-27 01:18:36,Lager,Pints,Electronic City,14,17.359902542106816,4.665666052509097,1.042994281645894,4.779375976363682,20,11,1:0.43:0.17,2937,7009.167193175777,6.913188777036303,76.2609468851483,1.0482203162864296,2.647047311001284,3.470502999619393
9794808,2023-12-29 00:24:33,Ale,Kegs,Yelahanka,17,23.999991457973245,5.463186191500263,1.067359387266678,4.688294342286816,48,10,1:0.38:0.26,3341,16216.474901087116,6.767741034634137,84.33669024539775,4.16894593458299,1.253289639269537,1.9140390788282664
2334710,2023-12-26 13:22:39,Pilsner,Pints,Jayanagar,16,16.875291237765172,4.77709088413278,1.06184984392977,5.387906088072902,47,14,1:0.43:0.26,2547,15526.589010465948,6.002126343885234,86.22891145005343,3.379152476899069,1.3837069894829477,3.997889007140219
1376454,2023-11-21 18:18:25,Porter,Kegs,Whitefield,15,15.437378050521916,5.458799442544139,1.0431934836170895,5.756325766359866,44,17,1:0.37:0.23,2245,18145.243493785794,8.530357708767484,84.70956968333202,4.499755233083835,2.4474571586859923,2.796996082371205
8449272,2023-12-20 12:47:39,Ale,Pints,Koramangala,12,21.76151567952374,4.785523733066713,1.04232981390039,4.550411202976975,32,12,1:0.48:0.21,2761,19196.74545461776,7.214874419040019,85.42359470672507,4.921496568781119,3.188242310443849,2.695646326333543
1770792,2023-12-14 04:34:31,Stout,Kegs,Malleswaram,17,18.29463502432476,5.161037288546403,1.070852207910164,5.694345806478614,50,16,1:0.40:0.27,868,17640.990582272032,9.820149035507209,76.89559199358276,2.330932858030464,3.6043493041906536,3.4219527694126013
1747881,2023-11-30 10:14:49,Sour,Bottles,Whitefield,17,16.084415752463816,5.037661870244763,1.0617758355507234,5.38065378168383,41,11,1:0.38:0.19,3151,1575.593980933231,8.654386066476922,77.60991679065754,3.2471879643783974,1.784070880958177,2.055996821925628
9981934,2023-11-04 17:00:26,Wheat Beer,Pints,HSR Layout,15,21.18622037369981,4.670617120352094,1.0670280601499829,5.464471206002353,48,17,1:0.27:0.20,2725,7997.946380035975,9.834753863782922,81.2881891098852,3.2224298340892297,4.439824217052671,1.610597312599443
6478870,2023-11-09 01:00:01,Pilsner,Bottles,Marathahalli,11,16.63376469202167,4.822988034279534,1.0383176034786308,5.083774635343369,20,19,1:0.29:0.19,4906,2272.286069901357,9.8630606832598,86.88456957989742,1.518545044979172,4.4861878441813525,1.8694483616708344
3374704,2023-11-03 13:54:36,IPA,Bottles,Koramangala,11,24.87381518520882,4.75513119888109,1.0707876212591871,5.78047208324147,49,8,1:0.30:0.19,4282,1444.592437853794,9.085850008985712,87.09864519107809,1.094485766576133,2.9911509782336245,3.952050746537247
9910961,2023-11-30 16:04:07,Ale,Kegs,HSR Layout,10,22.5699945895568,4.539983768328191,1.0771601700036322,5.099529934511101,59,17,1:0.49:0.21,2687,18440.766271426142,9.74060264797557,78.59730677735799,2.780429285349264,4.2112330462314045,4.67890881003279
8565335,2023-11-13 11:53:42,Wheat Beer,Cans,Whitefield,11,18.29113568330579,4.706340890175045,1.0460419997709267,5.098668935633234,22,14,1:0.29:0.25,2780,6602.796011028532,6.123144685359399,86.34072498952987,4.432940465602447,3.651484571394672,4.182991429360786
3426093,2023-11-12 06:29:29,Pilsner,Pints,Electronic City,12,24.86341414482663,4.757138187850651,1.0658436210820597,5.464560183366621,58,5,1:0.38:0.17,1961,2114.026694643135,6.2956993108486206,88.59173279846745,3.6248108982385543,3.7783169376747288,2.011745212871875
9679496,2023-12-30 16:46:02,IPA,Bottles,Rajajinagar,13,21.639109195549,5.212197194803367,1.0441469907428182,5.503346275714382,27,8,1:0.22:0.12,2348,4938.158802540111,8.704144559896443,87.17656771841575,3.626501079965104,2.0163763347932355,3.252505276094909
3621690,2023-10-28 15:35:25,Sour,Pints,Marathahalli,18,23.704289073576525,4.913335559552038,1.0366884373331962,5.475171459227424,28,14,1:0.41:0.12,4116,9227.460504925131,7.643746068786445,84.55464280113358,3.075928441204041,1.254904783154612,2.2795387974899555
1998904,2023-11-25 14:10:17,Porter,Pints,Indiranagar,17,15.277363955940787,4.735764699255847,1.0550985862748532,5.64030041775079,57,15,1:0.23:0.15,1762,9184.836003585762,8.619751480720671,77.88000763255097,2.30605677595292,4.654907070275618,4.166733749697681
7784571,2023-12-29 16:11:23,Pilsner,Kegs,Marathahalli,14,22.98335658077428,5.475361663641556,1.0438261884858693,4.920571050739191,58,9,1:0.46:0.24,822,12968.943744980344,7.866785530537484,81.76750972295099,4.84926429302616,3.5033517265735727,4.396285736958951
6310860,2023-11-07 18:22:18,Sour,Pints,Electronic City,10,16.4723799572378,4.843774039395228,1.075022044784105,5.527931803991525,38,15,1:0.38:0.21,4557,8902.330621921683,7.117142871588159,72.16528122991255,3.752394096530757,4.32959935901347,4.494564404261669
8312203,2023-12-21 02:56:31,Stout,Bottles,HSR Layout,19,15.775676372798063,5.042627951321174,1.0389479861969846,5.596121477473284,27,14,1:0.47:0.30,4660,10201.293419676576,9.053343742401328,82.22981805564555,3.654288747545968,3.217258975427895,4.6712032165454485
8841809,2023-12-01 16:46:39,Porter,Cans,Whitefield,17,17.55287985281562,5.234177810657712,1.0685102793448726,4.840478576316484,54,17,1:0.39:0.15,1618,4213.851259427797,9.043190539248355,71.12360357708265,1.0462833017496591,3.2605334372854258,3.4715691848873047
1279479,2023-10-23 12:27:18,IPA,Kegs,Malleswaram,17,16.592254291342748,4.862210354858773,1.0382586514484349,5.402415831946227,58,6,1:0.32:0.23,4059,18880.4492212992,8.502461735435322,86.11894044028281,2.423432361844173,3.1586202626287734,4.370132065379796
5916339,2023-12-04 19:32:14,Ale,Cans,Marathahalli,14,17.55744959392592,5.070181995173802,1.0317415005259725,4.988831083777986,28,19,1:0.39:0.15,3084,19395.747862340773,8.677635016487645,72.21039625071062,3.2543068906093526,2.031381110245601,1.2377321581491678
9999399,2023-11-22 21:03:30,Wheat Beer,Cans,Yelahanka,12,15.76131595337323,4.593646129678484,1.0686164256831536,4.6096395206244525,23,10,1:0.30:0.16,1887,19204.345489381478,9.237555649807073,81.44667776216045,4.20653384765556,1.3915989283879655,1.044223234979953
1995760,2023-12-24 23:03:37,Wheat Beer,Bottles,Koramangala,15,20.80483345097278,5.26821298492627,1.0714327717984675,5.15692933380188,28,15,1:0.42:0.23,1335,5767.320788854142,7.363932237321784,78.52352861588949,4.9971273634287865,3.766213907683376,1.325536959021941
8035822,2023-12-01 11:48:46,Lager,Cans,Marathahalli,15,24.160705822681145,5.250782762371441,1.0521852934524876,5.885929419538503,46,8,1:0.49:0.15,4485,8714.953242312877,6.266895770178962,78.31170157727858,4.685292385691943,3.8511696324441056,3.2549373586130947
3535051,2023-10-23 00:29:12,Ale,Pints,Jayanagar,11,18.953833638274705,4.814277131335427,1.075558152687369,5.223534731504819,53,15,1:0.45:0.23,1013,7537.03397091387,8.812748440193925,89.44611547819967,1.8432169957764049,2.4327237558941244,3.688540865600995
3094319,2023-11-04 21:50:26,Pilsner,Cans,Koramangala,18,23.15017793237707,5.396120795657277,1.0574260447858588,5.624802750450917,51,15,1:0.47:0.26,509,16657.262380660643,9.591017360673796,71.07025545354666,4.084290996673321,2.894355675715408,4.123031806624036
5724832,2023-11-29 17:46:20,Porter,Pints,Yelahanka,10,22.346148043563453,5.335660451826875,1.0350056419111378,5.720114745786517,43,16,1:0.23:0.15,3420,7491.356854590592,7.694298458407527,86.9951773124375,3.959271911376167,4.089009849255111,1.752713525920703
7303631,2023-12-20 00:27:05,Wheat Beer,Kegs,Marathahalli,13,20.258034844039283,5.331251921505051,1.0391306021729951,5.168753343358583,34,5,1:0.30:0.16,1219,16817.383281993447,9.896229855338705,82.39732746241097,4.207191012229643,4.168495981789071,4.3801616507089705
2382204,2023-10-27 16:52:55,IPA,Kegs,Koramangala,19,19.97919467635732,4.844161438338436,1.048283494244409,5.103917155893043,29,8,1:0.40:0.21,1774,6140.696927413374,8.142143824423567,81.90285215617055,2.593563223340197,2.5094766280464533,4.573802637812561
2191345,2023-11-23 00:01:05,Lager,Pints,Whitefield,16,16.388631160997928,5.018455140855695,1.054060914178281,5.601438494613825,59,6,1:0.23:0.28,2240,3766.9632760696495,8.288754642543221,72.81306015303572,1.763559759608845,4.540829162282913,2.8875221659469013
5914957,2023-10-20 20:17:35,Porter,Bottles,Malleswaram,12,15.522849042614371,5.111498556733242,1.0512704654165574,5.9424394314681575,35,15,1:0.27:0.24,1151,17529.37812515201,7.036212400390795,84.36362401453918,3.051074605899987,1.6979796045600364,2.245115427535486
4907391,2023-11-19 00:55:07,Ale,Cans,Whitefield,11,23.78829227611532,4.578841683590733,1.0659784516229989,5.061684705647805,37,7,1:0.36:0.28,1503,4614.604406604717,8.856060729854581,85.13427353473749,4.804640961581255,3.71282975585006,1.4969428421950748
3977173,2023-11-14 05:00:42,Wheat Beer,Pints,Whitefield,19,21.527813059205883,5.459887682809395,1.076914942586079,5.104537836003264,40,18,1:0.42:0.11,2392,10777.212523624798,8.94338786982562,76.77748365986767,3.838311896959472,3.8603773654105447,3.0490859891139865
2261843,2023-12-16 11:36:52,Stout,Bottles,Marathahalli,16,20.695703469510924,4.607517753809845,1.042732156702521,5.912740694417735,46,13,1:0.47:0.10,4832,12204.652962405477,8.512374532154196,88.00674307818318,3.024247336902336,2.673223613942555,4.120245252258782
3302440,2023-12-14 06:06:31,Porter,Cans,Indiranagar,15,17.56743677064897,4.946462951975073,1.0402074276880708,5.617545231657089,23,11,1:0.41:0.13,4941,4396.572778713952,9.216265296241918,86.59550850993118,3.5416258365719973,4.553722359584132,4.7339984949830205
4850276,2023-10-25 14:16:46,Lager,Kegs,Yelahanka,10,21.612282231725025,4.582662757929517,1.0501403608556104,4.918137215554518,50,6,1:0.45:0.20,1261,7471.448577809657,9.140165241405118,80.4272441629223,2.933248858873016,4.777765953884225,1.3943690244442497
1895805,2023-11-07 14:29:35,Stout,Cans,Yelahanka,17,21.74075139145477,5.398492190576401,1.0507988429011217,5.227834751058331,28,15,1:0.44:0.28,2964,6540.710765339681,6.7023935893856645,72.52040009374453,1.2615232263933378,4.755675845429717,3.664591576288685
2160585,2023-12-21 12:51:23,Wheat Beer,Pints,Whitefield,19,22.64767382485547,5.262775971534561,1.0523386195949354,5.995888058360565,20,19,1:0.49:0.13,641,15075.640016891244,7.854348578679071,83.10233750467717,1.089389853585221,1.0337691608895665,1.4776813069812196
165573,2023-10-22 16:49:44,Stout,Cans,Whitefield,12,24.013969773968668,5.289814992441345,1.0307057586452262,4.718934159723387,44,13,1:0.43:0.20,4712,12888.004977298124,7.295570786158221,75.73507256153744,4.085233147696892,3.7038493731617295,3.461109268660436
2072395,2023-12-02 10:10:48,Sour,Cans,Malleswaram,11,17.75031958592656,5.195475245545823,1.062298855605059,4.520852511860672,33,6,1:0.46:0.26,1625,11887.79400381492,8.46741000308969,85.66095306253857,1.3732330538550492,3.6549475280460766,3.296426698807474
5557975,2023-11-18 18:25:12,Ale,Cans,Marathahalli,14,24.001007212345726,4.848013643976832,1.05368103981246,5.587993050434552,56,6,1:0.49:0.22,2439,4195.257768456488,6.124832055694549,87.0451455650315,1.9525423700646112,4.478912075988571,1.7567395177865297
1970735,2023-12-07 20:00:48,Pilsner,Bottles,Rajajinagar,19,20.44345550832991,5.263917087224572,1.0651570023518973,4.99605944539642,54,6,1:0.44:0.11,3560,4830.058759636868,6.975844338090871,82.66998122011319,3.740189116784967,1.673346600380457,4.727567062125729
1523922,2023-11-17 15:25:01,IPA,Kegs,Yelahanka,14,15.14927542431344,4.857932944125907,1.0315123483280049,5.3317290280030045,43,7,1:0.37:0.12,1335,11696.983616073594,9.559842010032432,86.56500097700828,2.874887529455511,4.383021239803731,4.140503995032571
